episode,analog,structure,und,seagull,burry,entry,offset_m,rule,cost_pct,multiple,payoff,pnl_pct,peak_mult,months_to_peak,max_dd,timing_miss,truncated,exit22_before_trough,exit22_fired,iv_entry
1995-99,NonEvent,SPX Mar-27 10% OTM,spx,False,False,1995-01-31,,hold,0.7710252712269992,0.0,0.0,-0.7710252712269992,0.8691588785046728,0.0,0.0,False,False,False,False,12.507415398277393
1995-99,NonEvent,SPX Mar-27 10% OTM,spx,False,False,1995-01-31,,v4_-22,0.7710252712269992,0.0,0.0,-0.7710252712269992,0.8691588785046728,0.0,0.0,False,False,False,False,12.507415398277393
1995-99,NonEvent,SPX Mar-27 10% OTM,spx,False,False,1995-01-31,,peak_-22,0.7710252712269992,0.0,0.0,-0.7710252712269992,0.8691588785046728,0.0,0.0,False,False,False,False,12.507415398277393
1995-99,NonEvent,SPX Mar-27 10% OTM,spx,False,False,1995-01-31,,tiered,0.7710252712269992,0.0,0.0,-0.7710252712269992,0.8691588785046728,0.0,0.0,False,False,False,False,12.507415398277393
1995-99,NonEvent,SPX Mar-27 10% OTM,spx,False,False,1995-01-31,,IPS,0.7710252712269992,0.014642999678045058,0.053049061280036024,-0.7597351484286575,0.8691588785046728,0.0,0.0,False,False,False,False,12.507415398277393
1995-99,NonEvent,SPX Mar-27 10% OTM,spx,False,False,1995-02-28,,hold,0.761376334632264,0.0,0.0,-0.761376334632264,1.160981178677252,0.22996057818659657,0.0,False,False,False,False,12.324944817569143
1995-99,NonEvent,SPX Mar-27 10% OTM,spx,False,False,1995-02-28,,v4_-22,0.761376334632264,0.0,0.0,-0.761376334632264,1.160981178677252,0.22996057818659657,0.0,False,False,False,False,12.324944817569143
1995-99,NonEvent,SPX Mar-27 10% OTM,spx,False,False,1995-02-28,,peak_-22,0.761376334632264,0.0,0.0,-0.761376334632264,1.160981178677252,0.22996057818659657,0.0,False,False,False,False,12.324944817569143
1995-99,NonEvent,SPX Mar-27 10% OTM,spx,False,False,1995-02-28,,tiered,0.761376334632264,0.0,0.0,-0.761376334632264,1.160981178677252,0.22996057818659657,0.0,False,False,False,False,12.324944817569143
1995-99,NonEvent,SPX Mar-27 10% OTM,spx,False,False,1995-02-28,,IPS,0.761376334632264,0.02694977752686231,0.09989399993503027,-0.7408574117997065,1.160981178677252,0.22996057818659657,0.0,False,False,False,False,12.324944817569143
1995-99,NonEvent,SPX Mar-27 10% OTM,spx,False,False,1995-03-31,,hold,0.9109038603504527,0.0,0.0,-0.9109038603504527,0.8691588785046727,0.0,0.0,False,False,False,False,13.353307911811175
1995-99,NonEvent,SPX Mar-27 10% OTM,spx,False,False,1995-03-31,,v4_-22,0.9109038603504527,0.0,0.0,-0.9109038603504527,0.8691588785046727,0.0,0.0,False,False,False,False,13.353307911811175
1995-99,NonEvent,SPX Mar-27 10% OTM,spx,False,False,1995-03-31,,peak_-22,0.9109038603504527,0.0,0.0,-0.9109038603504527,0.8691588785046727,0.0,0.0,False,False,False,False,13.353307911811175
1995-99,NonEvent,SPX Mar-27 10% OTM,spx,False,False,1995-03-31,,tiered,0.9109038603504527,0.0,0.0,-0.9109038603504527,0.8691588785046727,0.0,0.0,False,False,False,False,13.353307911811175
1995-99,NonEvent,SPX Mar-27 10% OTM,spx,False,False,1995-03-31,,IPS,0.9109038603504527,0.013990700159002566,0.06374335476280327,-0.8981596775666114,0.8691588785046727,0.0,0.0,False,False,False,False,13.353307911811175
1995-99,NonEvent,SPX Mar-27 10% OTM,spx,False,False,1995-04-28,,hold,0.7564520096050747,0.0,0.0,-0.7564520096050747,0.9054072253862018,0.657030223390276,0.0,False,False,False,False,12.231213792402235
1995-99,NonEvent,SPX Mar-27 10% OTM,spx,False,False,1995-04-28,,v4_-22,0.7564520096050747,0.0,0.0,-0.7564520096050747,0.9054072253862018,0.657030223390276,0.0,False,False,False,False,12.231213792402235
1995-99,NonEvent,SPX Mar-27 10% OTM,spx,False,False,1995-04-28,,peak_-22,0.7564520096050747,0.0,0.0,-0.7564520096050747,0.9054072253862018,0.657030223390276,0.0,False,False,False,False,12.231213792402235
1995-99,NonEvent,SPX Mar-27 10% OTM,spx,False,False,1995-04-28,,tiered,0.7564520096050747,0.0,0.0,-0.7564520096050747,0.9054072253862018,0.657030223390276,0.0,False,False,False,False,12.231213792402235
1995-99,NonEvent,SPX Mar-27 10% OTM,spx,False,False,1995-04-28,,IPS,0.7564520096050747,0.04242864167065195,0.16510699138640633,-0.7243567783484964,0.9054072253862018,0.657030223390276,0.0,False,False,False,False,12.231213792402235
1995-99,NonEvent,SPX Mar-27 10% OTM,spx,False,False,1995-05-31,,hold,0.8767184078520001,0.0,0.0,-0.8767184078520001,0.8800891974030167,0.0657030223390276,0.0,False,False,False,False,12.903589568914391
1995-99,NonEvent,SPX Mar-27 10% OTM,spx,False,False,1995-05-31,,v4_-22,0.8767184078520001,0.0,0.0,-0.8767184078520001,0.8800891974030167,0.0657030223390276,0.0,False,False,False,False,12.903589568914391
1995-99,NonEvent,SPX Mar-27 10% OTM,spx,False,False,1995-05-31,,peak_-22,0.8767184078520001,0.0,0.0,-0.8767184078520001,0.8800891974030167,0.0657030223390276,0.0,False,False,False,False,12.903589568914391
1995-99,NonEvent,SPX Mar-27 10% OTM,spx,False,False,1995-05-31,,tiered,0.8767184078520001,0.0,0.0,-0.8767184078520001,0.8800891974030167,0.0657030223390276,0.0,False,False,False,False,12.903589568914391
1995-99,NonEvent,SPX Mar-27 10% OTM,spx,False,False,1995-05-31,,IPS,0.8767184078520001,0.02794902334726719,0.13039797406336642,-0.8522149846019655,0.8800891974030167,0.0657030223390276,0.0,False,False,False,False,12.903589568914391
1995-99,NonEvent,SPX Mar-27 10% OTM,spx,False,False,1995-06-30,,hold,0.7346548273377514,0.0,0.0,-0.7346548273377514,0.9169462701766236,0.6241787122207622,0.0,False,False,False,False,11.894150222615217
1995-99,NonEvent,SPX Mar-27 10% OTM,spx,False,False,1995-06-30,,v4_-22,0.7346548273377514,0.0,0.0,-0.7346548273377514,0.9169462701766236,0.6241787122207622,0.0,False,False,False,False,11.894150222615217
1995-99,NonEvent,SPX Mar-27 10% OTM,spx,False,False,1995-06-30,,peak_-22,0.7346548273377514,0.0,0.0,-0.7346548273377514,0.9169462701766236,0.6241787122207622,0.0,False,False,False,False,11.894150222615217
1995-99,NonEvent,SPX Mar-27 10% OTM,spx,False,False,1995-06-30,,tiered,0.7346548273377514,0.0,0.0,-0.7346548273377514,0.9169462701766236,0.6241787122207622,0.0,False,False,False,False,11.894150222615217
1995-99,NonEvent,SPX Mar-27 10% OTM,spx,False,False,1995-06-30,,IPS,0.7346548273377514,0.018253714839418473,0.07275571098328273,-0.7212446476141259,0.9169462701766236,0.6241787122207622,0.0,False,False,False,False,11.894150222615217
1995-99,NonEvent,SPX Mar-27 10% OTM,spx,False,False,1995-07-31,,hold,0.9165417526662992,0.0,0.0,-0.9165417526662992,0.8985582307020384,0.0657030223390276,0.0,False,False,False,False,13.260470896021737
1995-99,NonEvent,SPX Mar-27 10% OTM,spx,False,False,1995-07-31,,v4_-22,0.9165417526662992,0.0,0.0,-0.9165417526662992,0.8985582307020384,0.0657030223390276,0.0,False,False,False,False,13.260470896021737
1995-99,NonEvent,SPX Mar-27 10% OTM,spx,False,False,1995-07-31,,peak_-22,0.9165417526662992,0.0,0.0,-0.9165417526662992,0.8985582307020384,0.0657030223390276,0.0,False,False,False,False,13.260470896021737
1995-99,NonEvent,SPX Mar-27 10% OTM,spx,False,False,1995-07-31,,tiered,0.9165417526662992,0.0,0.0,-0.9165417526662992,0.8985582307020384,0.0657030223390276,0.0,False,False,False,False,13.260470896021737
1995-99,NonEvent,SPX Mar-27 10% OTM,spx,False,False,1995-07-31,,IPS,0.9165417526662992,0.03572082480623442,0.18344913557736647,-0.8838021252917074,0.8985582307020384,0.0657030223390276,0.0,False,False,False,False,13.260470896021737
1995-99,NonEvent,SPX Mar-27 10% OTM,spx,False,False,1995-08-31,,hold,0.7328301512817325,1.0946143137836093e-15,4.504819869140619e-15,-0.7328301512817317,0.950747945602652,1.149802890932983,1.0179913118187564e-15,False,False,False,False,11.955050639482476
1995-99,NonEvent,SPX Mar-27 10% OTM,spx,False,False,1995-08-31,,v4_-22,0.7328301512817325,1.0946143137836093e-15,4.504819869140619e-15,-0.7328301512817317,0.950747945602652,1.149802890932983,1.0179913118187564e-15,False,False,False,False,11.955050639482476
1995-99,NonEvent,SPX Mar-27 10% OTM,spx,False,False,1995-08-31,,peak_-22,0.7328301512817325,1.0946143137836093e-15,4.504819869140619e-15,-0.7328301512817317,0.950747945602652,1.149802890932983,1.0179913118187564e-15,False,False,False,False,11.955050639482476
1995-99,NonEvent,SPX Mar-27 10% OTM,spx,False,False,1995-08-31,,tiered,0.7328301512817325,1.0946143137836093e-15,4.504819869140619e-15,-0.7328301512817317,0.950747945602652,1.149802890932983,1.0179913118187564e-15,False,False,False,False,11.955050639482476
1995-99,NonEvent,SPX Mar-27 10% OTM,spx,False,False,1995-08-31,,IPS,0.7328301512817325,0.03621199023050864,0.14902828424347614,-0.7062929130028961,0.950747945602652,1.149802890932983,1.0179913118187564e-15,False,False,False,False,11.955050639482476
1995-99,NonEvent,SPX Mar-27 10% OTM,spx,False,False,1995-09-29,,hold,0.8461069861134233,0.0,0.0,-0.8461069861134233,1.156494575838852,0.19710906701708278,0.0,False,False,False,False,12.72330720461125
1995-99,NonEvent,SPX Mar-27 10% OTM,spx,False,False,1995-09-29,,v4_-22,0.8461069861134233,0.0,0.0,-0.8461069861134233,1.156494575838852,0.19710906701708278,0.0,False,False,False,False,12.72330720461125
1995-99,NonEvent,SPX Mar-27 10% OTM,spx,False,False,1995-09-29,,peak_-22,0.8461069861134233,0.0,0.0,-0.8461069861134233,1.156494575838852,0.19710906701708278,0.0,False,False,False,False,12.72330720461125
1995-99,NonEvent,SPX Mar-27 10% OTM,spx,False,False,1995-09-29,,tiered,0.8461069861134233,0.0,0.0,-0.8461069861134233,1.156494575838852,0.19710906701708278,0.0,False,False,False,False,12.72330720461125
1995-99,NonEvent,SPX Mar-27 10% OTM,spx,False,False,1995-09-29,,IPS,0.8461069861134233,0.07549668418639834,0.37257161792151,-0.7822287141949128,1.156494575838852,0.19710906701708278,0.0,False,False,False,False,12.72330720461125
1995-99,NonEvent,SPX Mar-27 10% OTM,spx,False,False,1995-10-31,,hold,0.9585028741483159,0.0,0.0,-0.9585028741483159,0.8691588785046727,0.0,0.0,False,False,False,False,13.442119194190141
1995-99,NonEvent,SPX Mar-27 10% OTM,spx,False,False,1995-10-31,,v4_-22,0.9585028741483159,0.0,0.0,-0.9585028741483159,0.8691588785046727,0.0,0.0,False,False,False,False,13.442119194190141
1995-99,NonEvent,SPX Mar-27 10% OTM,spx,False,False,1995-10-31,,peak_-22,0.9585028741483159,0.0,0.0,-0.9585028741483159,0.8691588785046727,0.0,0.0,False,False,False,False,13.442119194190141
1995-99,NonEvent,SPX Mar-27 10% OTM,spx,False,False,1995-10-31,,tiered,0.9585028741483159,0.0,0.0,-0.9585028741483159,0.8691588785046727,0.0,0.0,False,False,False,False,13.442119194190141
1995-99,NonEvent,SPX Mar-27 10% OTM,spx,False,False,1995-10-31,,IPS,0.9585028741483159,0.11289520089789738,0.6283205885639455,-0.8502924996101298,0.8691588785046727,0.0,0.0,False,False,False,False,13.442119194190141
1995-99,NonEvent,SPX Mar-27 10% OTM,spx,False,False,1995-11-30,,hold,0.7516578397091689,0.0,0.0,-0.7516578397091689,1.3217334997816814,1.3469119579500657,0.0,False,False,False,False,11.945795705576472
1995-99,NonEvent,SPX Mar-27 10% OTM,spx,False,False,1995-11-30,,v4_-22,0.7516578397091689,0.0,0.0,-0.7516578397091689,1.3217334997816814,1.3469119579500657,0.0,False,False,False,False,11.945795705576472
1995-99,NonEvent,SPX Mar-27 10% OTM,spx,False,False,1995-11-30,,peak_-22,0.7516578397091689,0.0,0.0,-0.7516578397091689,1.3217334997816814,1.3469119579500657,0.0,False,False,False,False,11.945795705576472
1995-99,NonEvent,SPX Mar-27 10% OTM,spx,False,False,1995-11-30,,tiered,0.7516578397091689,0.0,0.0,-0.7516578397091689,1.3217334997816814,1.3469119579500657,0.0,False,False,False,False,11.945795705576472
1995-99,NonEvent,SPX Mar-27 10% OTM,spx,False,False,1995-11-30,,IPS,0.7516578397091689,0.13253988297018268,0.6031432386268122,-0.6520331976004954,1.3217334997816814,1.3469119579500657,0.0,False,False,False,False,11.945795705576472
1995-99,NonEvent,SPX Mar-27 10% OTM,spx,False,False,1995-12-29,,hold,0.8433680545765939,0.0,0.0,-0.8433680545765939,1.397249278128565,0.39421813403416556,0.0,False,False,False,False,12.56687127748513
1995-99,NonEvent,SPX Mar-27 10% OTM,spx,False,False,1995-12-29,,v4_-22,0.8433680545765939,0.0,0.0,-0.8433680545765939,1.397249278128565,0.39421813403416556,0.0,False,False,False,False,12.56687127748513
1995-99,NonEvent,SPX Mar-27 10% OTM,spx,False,False,1995-12-29,,peak_-22,0.8433680545765939,0.0,0.0,-0.8433680545765939,1.397249278128565,0.39421813403416556,0.0,False,False,False,False,12.56687127748513
1995-99,NonEvent,SPX Mar-27 10% OTM,spx,False,False,1995-12-29,,tiered,0.8433680545765939,0.0,0.0,-0.8433680545765939,1.397249278128565,0.39421813403416556,0.0,False,False,False,False,12.56687127748513
1995-99,NonEvent,SPX Mar-27 10% OTM,spx,False,False,1995-12-29,,IPS,0.8433680545765939,0.10134278052516253,0.5235141970195852,-0.7578987909197048,1.397249278128565,0.39421813403416556,0.0,False,False,False,False,12.56687127748513
1995-99,NonEvent,SPX Mar-27 10% OTM,spx,False,False,1996-01-31,,hold,0.8462470248664504,0.0,0.0,-0.8462470248664504,1.5818837717106258,1.2155059132720105,0.0,False,False,False,False,12.58695982304603
1995-99,NonEvent,SPX Mar-27 10% OTM,spx,False,False,1996-01-31,,v4_-22,0.8462470248664504,0.0,0.0,-0.8462470248664504,1.5818837717106258,1.2155059132720105,0.0,False,False,False,False,12.58695982304603
1995-99,NonEvent,SPX Mar-27 10% OTM,spx,False,False,1996-01-31,,peak_-22,0.8462470248664504,0.0,0.0,-0.8462470248664504,1.5818837717106258,1.2155059132720105,0.0,False,False,False,False,12.58695982304603
1995-99,NonEvent,SPX Mar-27 10% OTM,spx,False,False,1996-01-31,,tiered,0.8462470248664504,0.0,0.0,-0.8462470248664504,1.5818837717106258,1.2155059132720105,0.0,False,False,False,False,12.58695982304603
1995-99,NonEvent,SPX Mar-27 10% OTM,spx,False,False,1996-01-31,,IPS,0.8462470248664504,0.17646667868447163,0.9489956870581109,-0.6969126230416525,1.5818837717106258,1.2155059132720105,0.0,False,False,False,False,12.58695982304603
1995-99,NonEvent,SPX Mar-27 10% OTM,spx,False,False,1996-02-29,,hold,1.283377334755333,1.9294857656085904e-14,1.5776241624936547e-13,-1.2833773347553081,1.1416309621572276,0.2628120893561104,1.794421762015989e-14,False,False,False,False,15.493381214795587
1995-99,NonEvent,SPX Mar-27 10% OTM,spx,False,False,1996-02-29,,v4_-22,1.283377334755333,1.9294857656085904e-14,1.5776241624936547e-13,-1.2833773347553081,1.1416309621572276,0.2628120893561104,1.794421762015989e-14,False,False,False,False,15.493381214795587
1995-99,NonEvent,SPX Mar-27 10% OTM,spx,False,False,1996-02-29,,peak_-22,1.283377334755333,1.9294857656085904e-14,1.5776241624936547e-13,-1.2833773347553081,1.1416309621572276,0.2628120893561104,1.794421762015989e-14,False,False,False,False,15.493381214795587
1995-99,NonEvent,SPX Mar-27 10% OTM,spx,False,False,1996-02-29,,tiered,1.283377334755333,1.9294857656085904e-14,1.5776241624936547e-13,-1.2833773347553081,1.1416309621572276,0.2628120893561104,1.794421762015989e-14,False,False,False,False,15.493381214795587
1995-99,NonEvent,SPX Mar-27 10% OTM,spx,False,False,1996-02-29,,IPS,1.283377334755333,0.11433354023539855,0.9348364153487908,-1.1366442606148857,1.1416309621572276,0.2628120893561104,1.794421762015989e-14,False,False,False,False,15.493381214795587
1995-99,NonEvent,SPX Mar-27 10% OTM,spx,False,False,1996-03-29,,hold,1.4658502880970752,0.0,0.0,-1.4658502880970752,1.0361993061748673,0.39421813403416556,0.0,False,False,False,False,16.6283051970024
1995-99,NonEvent,SPX Mar-27 10% OTM,spx,False,False,1996-03-29,,v4_-22,1.4658502880970752,0.0,0.0,-1.4658502880970752,1.0361993061748673,0.39421813403416556,0.0,False,False,False,False,16.6283051970024
1995-99,NonEvent,SPX Mar-27 10% OTM,spx,False,False,1996-03-29,,peak_-22,1.4658502880970752,0.0,0.0,-1.4658502880970752,1.0361993061748673,0.39421813403416556,0.0,False,False,False,False,16.6283051970024
1995-99,NonEvent,SPX Mar-27 10% OTM,spx,False,False,1996-03-29,,tiered,1.4658502880970752,0.0,0.0,-1.4658502880970752,1.0361993061748673,0.39421813403416556,0.0,False,False,False,False,16.6283051970024
1995-99,NonEvent,SPX Mar-27 10% OTM,spx,False,False,1996-03-29,,IPS,1.4658502880970752,0.15403245897313425,1.4574401955378251,-1.2400617637350055,1.0361993061748673,0.39421813403416556,0.0,False,False,False,False,16.6283051970024
1995-99,NonEvent,SPX Mar-27 10% OTM,spx,False,False,1996-04-30,,hold,1.1389664202001715,0.0,0.0,-1.1389664202001715,1.383849222414087,2.759526938239159,0.0,False,False,False,False,14.765713581989726
1995-99,NonEvent,SPX Mar-27 10% OTM,spx,False,False,1996-04-30,,v4_-22,1.1389664202001715,0.0,0.0,-1.1389664202001715,1.383849222414087,2.759526938239159,0.0,False,False,False,False,14.765713581989726
1995-99,NonEvent,SPX Mar-27 10% OTM,spx,False,False,1996-04-30,,peak_-22,1.1389664202001715,0.0,0.0,-1.1389664202001715,1.383849222414087,2.759526938239159,0.0,False,False,False,False,14.765713581989726
1995-99,NonEvent,SPX Mar-27 10% OTM,spx,False,False,1996-04-30,,tiered,1.1389664202001715,0.0,0.0,-1.1389664202001715,1.383849222414087,2.759526938239159,0.0,False,False,False,False,14.765713581989726
1995-99,NonEvent,SPX Mar-27 10% OTM,spx,False,False,1996-04-30,,IPS,1.1389664202001715,0.07854493487482103,0.5834954644155196,-1.049506376900941,1.383849222414087,2.759526938239159,0.0,False,False,False,False,14.765713581989726
1995-99,NonEvent,SPX Mar-27 10% OTM,spx,False,False,1996-05-31,,hold,1.1553134681234947,0.0,0.0,-1.1553134681234947,1.6877122859731388,1.7411300919842312,0.0,False,False,False,False,14.921089086568411
1995-99,NonEvent,SPX Mar-27 10% OTM,spx,False,False,1996-05-31,,v4_-22,1.1553134681234947,0.0,0.0,-1.1553134681234947,1.6877122859731388,1.7411300919842312,0.0,False,False,False,False,14.921089086568411
1995-99,NonEvent,SPX Mar-27 10% OTM,spx,False,False,1996-05-31,,peak_-22,1.1553134681234947,0.0,0.0,-1.1553134681234947,1.6877122859731388,1.7411300919842312,0.0,False,False,False,False,14.921089086568411
1995-99,NonEvent,SPX Mar-27 10% OTM,spx,False,False,1996-05-31,,tiered,1.1553134681234947,0.0,0.0,-1.1553134681234947,1.6877122859731388,1.7411300919842312,0.0,False,False,False,False,14.921089086568411
1995-99,NonEvent,SPX Mar-27 10% OTM,spx,False,False,1996-05-31,,IPS,1.1553134681234947,0.06104845997513344,0.46903355369257604,-1.084783360106025,1.6877122859731388,1.7411300919842312,0.0,False,False,False,False,14.921089086568411
1995-99,NonEvent,SPX Mar-27 10% OTM,spx,False,False,1996-06-28,,hold,0.9289050848451488,0.0,0.0,-0.9289050848451488,2.3111031112571183,0.8212877792378449,0.0,False,False,False,False,13.416290268836745
1995-99,NonEvent,SPX Mar-27 10% OTM,spx,False,False,1996-06-28,,v4_-22,0.9289050848451488,0.0,0.0,-0.9289050848451488,2.3111031112571183,0.8212877792378449,0.0,False,False,False,False,13.416290268836745
1995-99,NonEvent,SPX Mar-27 10% OTM,spx,False,False,1996-06-28,,peak_-22,0.9289050848451488,0.0,0.0,-0.9289050848451488,2.3111031112571183,0.8212877792378449,0.0,False,False,False,False,13.416290268836745
1995-99,NonEvent,SPX Mar-27 10% OTM,spx,False,False,1996-06-28,,tiered,0.9289050848451488,0.0,0.0,-0.9289050848451488,2.3111031112571183,0.8212877792378449,0.0,False,False,False,False,13.416290268836745
1995-99,NonEvent,SPX Mar-27 10% OTM,spx,False,False,1996-06-28,,IPS,0.9289050848451488,1.055225044860989,6.575477383196889,0.051298824982174224,2.3111031112571183,0.8212877792378449,0.0,False,False,False,False,13.416290268836745
1995-99,NonEvent,SPX Mar-27 10% OTM,spx,False,False,1996-07-31,,hold,1.5274519197515781,0.0,0.0,-1.5274519197515781,0.8691588785046729,0.0,0.0,False,False,False,False,17.109707285916578
1995-99,NonEvent,SPX Mar-27 10% OTM,spx,False,False,1996-07-31,,v4_-22,1.5274519197515781,0.0,0.0,-1.5274519197515781,0.8691588785046729,0.0,0.0,False,False,False,False,17.109707285916578
1995-99,NonEvent,SPX Mar-27 10% OTM,spx,False,False,1996-07-31,,peak_-22,1.5274519197515781,0.0,0.0,-1.5274519197515781,0.8691588785046729,0.0,0.0,False,False,False,False,17.109707285916578
1995-99,NonEvent,SPX Mar-27 10% OTM,spx,False,False,1996-07-31,,tiered,1.5274519197515781,0.0,0.0,-1.5274519197515781,0.8691588785046729,0.0,0.0,False,False,False,False,17.109707285916578
1995-99,NonEvent,SPX Mar-27 10% OTM,spx,False,False,1996-07-31,,IPS,1.5274519197515781,0.053501442173696165,0.5212658746498121,-1.445731039193888,0.8691588785046729,0.0,0.0,False,False,False,False,17.109707285916578
1995-99,NonEvent,SPX Mar-27 10% OTM,spx,False,False,1996-08-30,,hold,1.2716722610561244,1.5742792738073607e-11,1.300888350756347e-10,-1.2716722610361046,1.1102862392552328,0.19710906701708278,1.4640797246408453e-11,False,False,False,False,15.666311643791628
1995-99,NonEvent,SPX Mar-27 10% OTM,spx,False,False,1996-08-30,,v4_-22,1.2716722610561244,1.5742792738073607e-11,1.300888350756347e-10,-1.2716722610361046,1.1102862392552328,0.19710906701708278,1.4640797246408453e-11,False,False,False,False,15.666311643791628
1995-99,NonEvent,SPX Mar-27 10% OTM,spx,False,False,1996-08-30,,peak_-22,1.2716722610561244,1.5742792738073607e-11,1.300888350756347e-10,-1.2716722610361046,1.1102862392552328,0.19710906701708278,1.4640797246408453e-11,False,False,False,False,15.666311643791628
1995-99,NonEvent,SPX Mar-27 10% OTM,spx,False,False,1996-08-30,,tiered,1.2716722610561244,1.5742792738073607e-11,1.300888350756347e-10,-1.2716722610361046,1.1102862392552328,0.19710906701708278,1.4640797246408453e-11,False,False,False,False,15.666311643791628
1995-99,NonEvent,SPX Mar-27 10% OTM,spx,False,False,1996-08-30,,IPS,1.2716722610561244,0.06366086651264224,0.5260545636547904,-1.1907165029972004,1.1102862392552328,0.19710906701708278,1.4640797246408453e-11,False,False,False,False,15.666311643791628
1995-99,NonEvent,SPX Mar-27 10% OTM,spx,False,False,1996-09-30,,hold,1.2880322961276864,0.0,0.0,-1.2880322961276864,0.8691588785046729,0.0,0.0,False,False,False,False,15.685253206264363
1995-99,NonEvent,SPX Mar-27 10% OTM,spx,False,False,1996-09-30,,v4_-22,1.2880322961276864,0.0,0.0,-1.2880322961276864,0.8691588785046729,0.0,0.0,False,False,False,False,15.685253206264363
1995-99,NonEvent,SPX Mar-27 10% OTM,spx,False,False,1996-09-30,,peak_-22,1.2880322961276864,0.0,0.0,-1.2880322961276864,0.8691588785046729,0.0,0.0,False,False,False,False,15.685253206264363
1995-99,NonEvent,SPX Mar-27 10% OTM,spx,False,False,1996-09-30,,tiered,1.2880322961276864,0.0,0.0,-1.2880322961276864,0.8691588785046729,0.0,0.0,False,False,False,False,15.685253206264363
1995-99,NonEvent,SPX Mar-27 10% OTM,spx,False,False,1996-09-30,,IPS,1.2880322961276864,0.04292903741301074,0.37940311222029416,-1.2327383094980549,0.8691588785046729,0.0,0.0,False,False,False,False,15.685253206264363
1995-99,NonEvent,SPX Mar-27 10% OTM,spx,False,False,1996-10-31,,hold,1.4453231349725895,0.0,0.0,-1.4453231349725895,0.8918579122244337,1.5111695137976346,0.0,False,False,False,False,16.476563349453563
1995-99,NonEvent,SPX Mar-27 10% OTM,spx,False,False,1996-10-31,,v4_-22,1.4453231349725895,0.0,0.0,-1.4453231349725895,0.8918579122244337,1.5111695137976346,0.0,False,False,False,False,16.476563349453563
1995-99,NonEvent,SPX Mar-27 10% OTM,spx,False,False,1996-10-31,,peak_-22,1.4453231349725895,0.0,0.0,-1.4453231349725895,0.8918579122244337,1.5111695137976346,0.0,False,False,False,False,16.476563349453563
1995-99,NonEvent,SPX Mar-27 10% OTM,spx,False,False,1996-10-31,,tiered,1.4453231349725895,0.0,0.0,-1.4453231349725895,0.8918579122244337,1.5111695137976346,0.0,False,False,False,False,16.476563349453563
1995-99,NonEvent,SPX Mar-27 10% OTM,spx,False,False,1996-10-31,,IPS,1.4453231349725895,0.09137898219132791,0.9317478213247709,-1.313250977961215,0.8918579122244337,1.5111695137976346,0.0,False,False,False,False,16.476563349453563
1995-99,NonEvent,SPX Mar-27 10% OTM,spx,False,False,1996-11-29,,hold,1.3583099849030815,2.495517282560144e-15,2.560797640236555e-14,-1.3583099849030782,1.4795595355639501,0.5584756898817346,2.320831072780934e-15,False,False,False,False,15.900527058859856
1995-99,NonEvent,SPX Mar-27 10% OTM,spx,False,False,1996-11-29,,v4_-22,1.3583099849030815,2.495517282560144e-15,2.560797640236555e-14,-1.3583099849030782,1.4795595355639501,0.5584756898817346,2.320831072780934e-15,False,False,False,False,15.900527058859856
1995-99,NonEvent,SPX Mar-27 10% OTM,spx,False,False,1996-11-29,,peak_-22,1.3583099849030815,2.495517282560144e-15,2.560797640236555e-14,-1.3583099849030782,1.4795595355639501,0.5584756898817346,2.320831072780934e-15,False,False,False,False,15.900527058859856
1995-99,NonEvent,SPX Mar-27 10% OTM,spx,False,False,1996-11-29,,tiered,1.3583099849030815,2.495517282560144e-15,2.560797640236555e-14,-1.3583099849030782,1.4795595355639501,0.5584756898817346,2.320831072780934e-15,False,False,False,False,15.900527058859856
1995-99,NonEvent,SPX Mar-27 10% OTM,spx,False,False,1996-11-29,,IPS,1.3583099849030815,0.16840571522258493,1.728110484980988,-1.1295628204014996,1.4795595355639501,0.5584756898817346,2.320831072780934e-15,False,False,False,False,15.900527058859856
1995-99,NonEvent,SPX Mar-27 10% OTM,spx,False,False,1996-12-31,,hold,1.772422080942018,0.0,0.0,-1.772422080942018,0.8691588785046728,0.0,0.0,False,False,False,False,18.33545236682187
1995-99,NonEvent,SPX Mar-27 10% OTM,spx,False,False,1996-12-31,,v4_-22,1.772422080942018,0.0,0.0,-1.772422080942018,0.8691588785046728,0.0,0.0,False,False,False,False,18.33545236682187
1995-99,NonEvent,SPX Mar-27 10% OTM,spx,False,False,1996-12-31,,peak_-22,1.772422080942018,0.0,0.0,-1.772422080942018,0.8691588785046728,0.0,0.0,False,False,False,False,18.33545236682187
1995-99,NonEvent,SPX Mar-27 10% OTM,spx,False,False,1996-12-31,,tiered,1.772422080942018,0.0,0.0,-1.772422080942018,0.8691588785046728,0.0,0.0,False,False,False,False,18.33545236682187
1995-99,NonEvent,SPX Mar-27 10% OTM,spx,False,False,1996-12-31,,IPS,1.772422080942018,0.04024310325608157,0.5259216876350832,-1.7010943161253096,0.8691588785046728,0.0,0.0,False,False,False,False,18.33545236682187
1995-99,NonEvent,SPX Mar-27 10% OTM,spx,False,False,1997-01-31,,hold,1.6287373267647631,5.944943247825981e-13,7.579190929299367e-12,-1.6287373267637948,1.0980237562829456,1.938239159001314,5.528797220478161e-13,False,False,False,False,17.57080478698371
1995-99,NonEvent,SPX Mar-27 10% OTM,spx,False,False,1997-01-31,,v4_-22,1.6287373267647631,5.944943247825981e-13,7.579190929299367e-12,-1.6287373267637948,1.0980237562829456,1.938239159001314,5.528797220478161e-13,False,False,False,False,17.57080478698371
1995-99,NonEvent,SPX Mar-27 10% OTM,spx,False,False,1997-01-31,,peak_-22,1.6287373267647631,5.944943247825981e-13,7.579190929299367e-12,-1.6287373267637948,1.0980237562829456,1.938239159001314,5.528797220478161e-13,False,False,False,False,17.57080478698371
1995-99,NonEvent,SPX Mar-27 10% OTM,spx,False,False,1997-01-31,,tiered,1.6287373267647631,5.944943247825981e-13,7.579190929299367e-12,-1.6287373267637948,1.0980237562829456,1.938239159001314,5.528797220478161e-13,False,False,False,False,17.57080478698371
1995-99,NonEvent,SPX Mar-27 10% OTM,spx,False,False,1997-01-31,,IPS,1.6287373267647631,0.05839658668186812,0.7444963923635671,-1.5336246262803503,1.0980237562829456,1.938239159001314,5.528797220478161e-13,False,False,False,False,17.57080478698371
1995-99,NonEvent,SPX Mar-27 10% OTM,spx,False,False,1997-02-28,,hold,1.8123957877538772,-1.7693675145809368e-15,-2.5274196826236786e-14,-1.8123957877538805,1.0978761385921576,1.0183968462549278,-1.6455117885602713e-15,False,False,False,False,18.588465451412965
1995-99,NonEvent,SPX Mar-27 10% OTM,spx,False,False,1997-02-28,,v4_-22,1.8123957877538772,-1.7693675145809368e-15,-2.5274196826236786e-14,-1.8123957877538805,1.0978761385921576,1.0183968462549278,-1.6455117885602713e-15,False,False,False,False,18.588465451412965
1995-99,NonEvent,SPX Mar-27 10% OTM,spx,False,False,1997-02-28,,peak_-22,1.8123957877538772,-1.7693675145809368e-15,-2.5274196826236786e-14,-1.8123957877538805,1.0978761385921576,1.0183968462549278,-1.6455117885602713e-15,False,False,False,False,18.588465451412965
1995-99,NonEvent,SPX Mar-27 10% OTM,spx,False,False,1997-02-28,,tiered,1.8123957877538772,-1.7693675145809368e-15,-2.5274196826236786e-14,-1.8123957877538805,1.0978761385921576,1.0183968462549278,-1.6455117885602713e-15,False,False,False,False,18.588465451412965
1995-99,NonEvent,SPX Mar-27 10% OTM,spx,False,False,1997-02-28,,IPS,1.8123957877538772,0.0334342124300424,0.47758470680820786,-1.7517997619788,1.0978761385921576,1.0183968462549278,-1.6455117885602713e-15,False,False,False,False,18.588465451412965
1995-99,NonEvent,SPX Mar-27 10% OTM,spx,False,False,1997-03-31,,hold,1.9230403989684313,0.0,0.0,-1.9230403989684313,0.8691588785046729,0.0,0.0,False,False,False,False,19.257949009658255
1995-99,NonEvent,SPX Mar-27 10% OTM,spx,False,False,1997-03-31,,v4_-22,1.9230403989684313,0.0,0.0,-1.9230403989684313,0.8691588785046729,0.0,0.0,False,False,False,False,19.257949009658255
1995-99,NonEvent,SPX Mar-27 10% OTM,spx,False,False,1997-03-31,,peak_-22,1.9230403989684313,0.0,0.0,-1.9230403989684313,0.8691588785046729,0.0,0.0,False,False,False,False,19.257949009658255
1995-99,NonEvent,SPX Mar-27 10% OTM,spx,False,False,1997-03-31,,tiered,1.9230403989684313,0.0,0.0,-1.9230403989684313,0.8691588785046729,0.0,0.0,False,False,False,False,19.257949009658255
1995-99,NonEvent,SPX Mar-27 10% OTM,spx,False,False,1997-03-31,,IPS,1.9230403989684313,0.052483213564538916,0.7574142690390047,-1.822113059016135,0.8691588785046729,0.0,0.0,False,False,False,False,19.257949009658255
1995-99,NonEvent,SPX Mar-27 10% OTM,spx,False,False,1997-04-30,,hold,1.708070706228312,2.9535282991551374e-13,4.028658606166404e-12,-1.7080707062278075,0.8691588785046727,0.0,2.7467813182142775e-13,False,False,False,False,18.05202915856649
1995-99,NonEvent,SPX Mar-27 10% OTM,spx,False,False,1997-04-30,,v4_-22,1.708070706228312,2.9535282991551374e-13,4.028658606166404e-12,-1.7080707062278075,0.8691588785046727,0.0,2.7467813182142775e-13,False,False,False,False,18.05202915856649
1995-99,NonEvent,SPX Mar-27 10% OTM,spx,False,False,1997-04-30,,peak_-22,1.708070706228312,2.9535282991551374e-13,4.028658606166404e-12,-1.7080707062278075,0.8691588785046727,0.0,2.7467813182142775e-13,False,False,False,False,18.05202915856649
1995-99,NonEvent,SPX Mar-27 10% OTM,spx,False,False,1997-04-30,,tiered,1.708070706228312,2.9535282991551374e-13,4.028658606166404e-12,-1.7080707062278075,0.8691588785046727,0.0,2.7467813182142775e-13,False,False,False,False,18.05202915856649
1995-99,NonEvent,SPX Mar-27 10% OTM,spx,False,False,1997-04-30,,IPS,1.708070706228312,0.039677615903823654,0.5412088613771836,-1.6402985328100121,0.8691588785046727,0.0,2.7467813182142775e-13,False,False,False,False,18.05202915856649
1995-99,NonEvent,SPX Mar-27 10% OTM,spx,False,False,1997-05-30,,hold,1.6274101252236648,0.0,0.0,-1.6274101252236648,0.9694560618909784,0.09855453350854139,0.0,False,False,False,False,17.567957611455945
1995-99,NonEvent,SPX Mar-27 10% OTM,spx,False,False,1997-05-30,,v4_-22,1.6274101252236648,0.0,0.0,-1.6274101252236648,0.9694560618909784,0.09855453350854139,0.0,False,False,False,False,17.567957611455945
1995-99,NonEvent,SPX Mar-27 10% OTM,spx,False,False,1997-05-30,,peak_-22,1.6274101252236648,0.0,0.0,-1.6274101252236648,0.9694560618909784,0.09855453350854139,0.0,False,False,False,False,17.567957611455945
1995-99,NonEvent,SPX Mar-27 10% OTM,spx,False,False,1997-05-30,,tiered,1.6274101252236648,0.0,0.0,-1.6274101252236648,0.9694560618909784,0.09855453350854139,0.0,False,False,False,False,17.567957611455945
1995-99,NonEvent,SPX Mar-27 10% OTM,spx,False,False,1997-05-30,,IPS,1.6274101252236648,0.5135334680371029,7.080674967598334,-0.7916805596988604,0.9694560618909784,0.09855453350854139,0.0,False,False,False,False,17.567957611455945
1995-99,NonEvent,SPX Mar-27 10% OTM,spx,False,False,1997-06-30,,hold,1.9164640384334728,0.0,0.0,-1.9164640384334728,1.2070329983641308,4.0078843626806835,0.0,False,False,False,False,19.103961520677174
1995-99,NonEvent,SPX Mar-27 10% OTM,spx,False,False,1997-06-30,,v4_-22,1.9164640384334728,0.0,0.0,-1.9164640384334728,1.2070329983641308,4.0078843626806835,0.0,False,False,False,False,19.103961520677174
1995-99,NonEvent,SPX Mar-27 10% OTM,spx,False,False,1997-06-30,,peak_-22,1.9164640384334728,0.0,0.0,-1.9164640384334728,1.2070329983641308,4.0078843626806835,0.0,False,False,False,False,19.103961520677174
1995-99,NonEvent,SPX Mar-27 10% OTM,spx,False,False,1997-06-30,,tiered,1.9164640384334728,0.0,0.0,-1.9164640384334728,1.2070329983641308,4.0078843626806835,0.0,False,False,False,False,19.103961520677174
1995-99,NonEvent,SPX Mar-27 10% OTM,spx,False,False,1997-06-30,,IPS,1.9164640384334728,0.11193152135885143,1.8897540289158596,-1.7019513029820859,1.2070329983641308,4.0078843626806835,0.0,False,False,False,False,19.103961520677174
1995-99,NonEvent,SPX Mar-27 10% OTM,spx,False,False,1997-07-31,,hold,1.9550057560972591,0.0,0.0,-1.9550057560972591,1.947816325487864,2.9894875164257555,0.0,False,False,False,False,19.206405409213666
1995-99,NonEvent,SPX Mar-27 10% OTM,spx,False,False,1997-07-31,,v4_-22,1.9550057560972591,0.0,0.0,-1.9550057560972591,1.947816325487864,2.9894875164257555,0.0,False,False,False,False,19.206405409213666
1995-99,NonEvent,SPX Mar-27 10% OTM,spx,False,False,1997-07-31,,peak_-22,1.9550057560972591,0.0,0.0,-1.9550057560972591,1.947816325487864,2.9894875164257555,0.0,False,False,False,False,19.206405409213666
1995-99,NonEvent,SPX Mar-27 10% OTM,spx,False,False,1997-07-31,,tiered,1.9550057560972591,0.0,0.0,-1.9550057560972591,1.947816325487864,2.9894875164257555,0.0,False,False,False,False,19.206405409213666
1995-99,NonEvent,SPX Mar-27 10% OTM,spx,False,False,1997-07-31,,IPS,1.9550057560972591,1.0709940730668293,19.913109434498292,0.13879382149444072,1.947816325487864,2.9894875164257555,0.0,False,False,False,False,19.206405409213666
1995-99,NonEvent,SPX Mar-27 10% OTM,spx,False,False,1997-08-29,,hold,2.3539249638626987,1.7446583534566334e-15,3.695878736843727e-14,-2.3539249638626947,1.371103618781233,2.0367936925098555,1.6225322687146688e-15,False,False,False,False,21.32629995909386
1995-99,NonEvent,SPX Mar-27 10% OTM,spx,False,False,1997-08-29,,v4_-22,2.3539249638626987,1.7446583534566334e-15,3.695878736843727e-14,-2.3539249638626947,1.371103618781233,2.0367936925098555,1.6225322687146688e-15,False,False,False,False,21.32629995909386
1995-99,NonEvent,SPX Mar-27 10% OTM,spx,False,False,1997-08-29,,peak_-22,2.3539249638626987,1.7446583534566334e-15,3.695878736843727e-14,-2.3539249638626947,1.371103618781233,2.0367936925098555,1.6225322687146688e-15,False,False,False,False,21.32629995909386
1995-99,NonEvent,SPX Mar-27 10% OTM,spx,False,False,1997-08-29,,tiered,2.3539249638626987,1.7446583534566334e-15,3.695878736843727e-14,-2.3539249638626947,1.371103618781233,2.0367936925098555,1.6225322687146688e-15,False,False,False,False,21.32629995909386
1995-99,NonEvent,SPX Mar-27 10% OTM,spx,False,False,1997-08-29,,IPS,2.3539249638626987,0.06367705485856742,1.348932715739642,-2.204033954805862,1.371103618781233,2.0367936925098555,1.6225322687146688e-15,False,False,False,False,21.32629995909386
1995-99,NonEvent,SPX Mar-27 10% OTM,spx,False,False,1997-09-30,,hold,2.1613295961332426,0.0,0.0,-2.1613295961332426,1.9078927632460227,0.9855453350854139,0.0,False,False,False,False,20.316918055201644
1995-99,NonEvent,SPX Mar-27 10% OTM,spx,False,False,1997-09-30,,v4_-22,2.1613295961332426,0.0,0.0,-2.1613295961332426,1.9078927632460227,0.9855453350854139,0.0,False,False,False,False,20.316918055201644
1995-99,NonEvent,SPX Mar-27 10% OTM,spx,False,False,1997-09-30,,peak_-22,2.1613295961332426,0.0,0.0,-2.1613295961332426,1.9078927632460227,0.9855453350854139,0.0,False,False,False,False,20.316918055201644
1995-99,NonEvent,SPX Mar-27 10% OTM,spx,False,False,1997-09-30,,tiered,2.1613295961332426,0.0,0.0,-2.1613295961332426,1.9078927632460227,0.9855453350854139,0.0,False,False,False,False,20.316918055201644
1995-99,NonEvent,SPX Mar-27 10% OTM,spx,False,False,1997-09-30,,IPS,2.1613295961332426,1.1165624511796435,22.82750399437964,0.2519298755323994,1.9078927632460227,0.9855453350854139,0.0,False,False,False,False,20.316918055201644
1995-99,NonEvent,SPX Mar-27 10% OTM,spx,False,False,1997-10-31,,hold,3.702399149923522,1.0425774293640027e-15,3.5430833723078844e-14,-3.702399149923518,0.982730238654774,0.39421813403416556,9.695970093085226e-16,False,False,False,False,27.331303174985454
1995-99,NonEvent,SPX Mar-27 10% OTM,spx,False,False,1997-10-31,,v4_-22,3.702399149923522,1.0425774293640027e-15,3.5430833723078844e-14,-3.702399149923518,0.982730238654774,0.39421813403416556,9.695970093085226e-16,False,False,False,False,27.331303174985454
1995-99,NonEvent,SPX Mar-27 10% OTM,spx,False,False,1997-10-31,,peak_-22,3.702399149923522,1.0425774293640027e-15,3.5430833723078844e-14,-3.702399149923518,0.982730238654774,0.39421813403416556,9.695970093085226e-16,False,False,False,False,27.331303174985454
1995-99,NonEvent,SPX Mar-27 10% OTM,spx,False,False,1997-10-31,,tiered,3.702399149923522,1.0425774293640027e-15,3.5430833723078844e-14,-3.702399149923518,0.982730238654774,0.39421813403416556,9.695970093085226e-16,False,False,False,False,27.331303174985454
1995-99,NonEvent,SPX Mar-27 10% OTM,spx,False,False,1997-10-31,,IPS,3.702399149923522,0.03151345843370465,1.0709498156744743,-3.5857237482074233,0.982730238654774,0.39421813403416556,9.695970093085226e-16,False,False,False,False,27.331303174985454
1995-99,NonEvent,SPX Mar-27 10% OTM,spx,False,False,1997-11-28,,hold,2.7569962196849933,-5.934436348359359e-16,-1.5553301604987178e-14,-2.7569962196849946,1.0266444949479527,0.8541392904073587,-5.519025803974204e-16,False,False,False,False,23.100420001326953
1995-99,NonEvent,SPX Mar-27 10% OTM,spx,False,False,1997-11-28,,v4_-22,2.7569962196849933,-5.934436348359359e-16,-1.5553301604987178e-14,-2.7569962196849946,1.0266444949479527,0.8541392904073587,-5.519025803974204e-16,False,False,False,False,23.100420001326953
1995-99,NonEvent,SPX Mar-27 10% OTM,spx,False,False,1997-11-28,,peak_-22,2.7569962196849933,-5.934436348359359e-16,-1.5553301604987178e-14,-2.7569962196849946,1.0266444949479527,0.8541392904073587,-5.519025803974204e-16,False,False,False,False,23.100420001326953
1995-99,NonEvent,SPX Mar-27 10% OTM,spx,False,False,1997-11-28,,tiered,2.7569962196849933,-5.934436348359359e-16,-1.5553301604987178e-14,-2.7569962196849946,1.0266444949479527,0.8541392904073587,-5.519025803974204e-16,False,False,False,False,23.100420001326953
1995-99,NonEvent,SPX Mar-27 10% OTM,spx,False,False,1997-11-28,,IPS,2.7569962196849933,0.05470087116452301,1.4336309252227128,-2.6061861246709275,1.0266444949479527,0.8541392904073587,-5.519025803974204e-16,False,False,False,False,23.100420001326953
1995-99,NonEvent,SPX Mar-27 10% OTM,spx,False,False,1997-12-31,,hold,2.3703720155971437,0.0,0.0,-2.3703720155971437,1.306063638426465,0.2956636005256242,0.0,False,False,False,False,21.223720529237383
1995-99,NonEvent,SPX Mar-27 10% OTM,spx,False,False,1997-12-31,,v4_-22,2.3703720155971437,0.0,0.0,-2.3703720155971437,1.306063638426465,0.2956636005256242,0.0,False,False,False,False,21.223720529237383
1995-99,NonEvent,SPX Mar-27 10% OTM,spx,False,False,1997-12-31,,peak_-22,2.3703720155971437,0.0,0.0,-2.3703720155971437,1.306063638426465,0.2956636005256242,0.0,False,False,False,False,21.223720529237383
1995-99,NonEvent,SPX Mar-27 10% OTM,spx,False,False,1997-12-31,,tiered,2.3703720155971437,0.0,0.0,-2.3703720155971437,1.306063638426465,0.2956636005256242,0.0,False,False,False,False,21.223720529237383
1995-99,NonEvent,SPX Mar-27 10% OTM,spx,False,False,1997-12-31,,IPS,2.3703720155971437,0.048690096621114565,1.1169700841548087,-2.2549583731297327,1.306063638426465,0.2956636005256242,0.0,False,False,False,False,21.223720529237383
1995-99,NonEvent,SPX Mar-27 10% OTM,spx,False,False,1998-01-30,,hold,2.099869758968901,2.8618950368470918e-05,0.0005900249167013483,-2.099809662900489,0.8691588785046727,0.0,2.4406208342074725e-05,False,False,False,False,19.811847646523603
1995-99,NonEvent,SPX Mar-27 10% OTM,spx,False,False,1998-01-30,,v4_-22,2.099869758968901,2.8618950368470918e-05,0.0005900249167013483,-2.099809662900489,0.8691588785046727,0.0,2.4406208342074725e-05,False,False,False,False,19.811847646523603
1995-99,NonEvent,SPX Mar-27 10% OTM,spx,False,False,1998-01-30,,peak_-22,2.099869758968901,2.8618950368470918e-05,0.0005900249167013483,-2.099809662900489,0.8691588785046727,0.0,2.4406208342074725e-05,False,False,False,False,19.811847646523603
1995-99,NonEvent,SPX Mar-27 10% OTM,spx,False,False,1998-01-30,,tiered,2.099869758968901,2.8618950368470918e-05,0.0005900249167013483,-2.099809662900489,0.8691588785046727,0.0,2.4406208342074725e-05,False,False,False,False,19.811847646523603
1995-99,NonEvent,SPX Mar-27 10% OTM,spx,False,False,1998-01-30,,IPS,2.099869758968901,0.025930248246493093,0.5345930708394392,-2.045419614833534,0.8691588785046727,0.0,2.4406208342074725e-05,False,False,False,False,19.811847646523603
1995-99,NonEvent,SPX Mar-27 10% OTM,spx,False,False,1998-02-27,,hold,1.7422160110287275,0.000502944036105093,0.009173769478341587,-1.7413397738763738,1.8539756576909432,6.077529566360052,0.00046773795357773644,False,False,False,False,18.02594197112353
1995-99,NonEvent,SPX Mar-27 10% OTM,spx,False,False,1998-02-27,,v4_-22,1.7422160110287275,0.000502944036105093,0.009173769478341587,-1.7413397738763738,1.8539756576909432,6.077529566360052,0.00046773795357773644,False,False,False,False,18.02594197112353
1995-99,NonEvent,SPX Mar-27 10% OTM,spx,False,False,1998-02-27,,peak_-22,1.7422160110287275,0.000502944036105093,0.009173769478341587,-1.7413397738763738,1.8539756576909432,6.077529566360052,0.00046773795357773644,False,False,False,False,18.02594197112353
1995-99,NonEvent,SPX Mar-27 10% OTM,spx,False,False,1998-02-27,,tiered,1.7422160110287275,0.000502944036105093,0.009173769478341587,-1.7413397738763738,1.8539756576909432,6.077529566360052,0.00046773795357773644,False,False,False,False,18.02594197112353
1995-99,NonEvent,SPX Mar-27 10% OTM,spx,False,False,1998-02-27,,IPS,1.7422160110287275,0.4839733373330187,8.827741282588805,-0.8990299138161348,1.8539756576909432,6.077529566360052,0.00046773795357773644,False,False,False,False,18.02594197112353
1995-99,NonEvent,SPX Mar-27 10% OTM,spx,False,False,1998-03-31,,hold,2.503268575540516,8.199089237260306e-09,2.2537007836475492e-07,-2.5032685550159934,2.3958342217468767,5.026281208935611,7.625152990652084e-09,False,False,False,False,21.807503840592545
1995-99,NonEvent,SPX Mar-27 10% OTM,spx,False,False,1998-03-31,,v4_-22,2.503268575540516,8.199089237260306e-09,2.2537007836475492e-07,-2.5032685550159934,2.3958342217468767,5.026281208935611,7.625152990652084e-09,False,False,False,False,21.807503840592545
1995-99,NonEvent,SPX Mar-27 10% OTM,spx,False,False,1998-03-31,,peak_-22,2.503268575540516,8.199089237260306e-09,2.2537007836475492e-07,-2.5032685550159934,2.3958342217468767,5.026281208935611,7.625152990652084e-09,False,False,False,False,21.807503840592545
1995-99,NonEvent,SPX Mar-27 10% OTM,spx,False,False,1998-03-31,,tiered,2.503268575540516,1.197917114972983,32.927397941841804,0.49543969447350755,2.3958342217468767,5.026281208935611,7.625152990652084e-09,False,False,False,False,21.807503840592545
1995-99,NonEvent,SPX Mar-27 10% OTM,spx,False,False,1998-03-31,,IPS,2.503268575540516,1.174016535947568,32.270437734183346,0.4356101260619639,2.3958342217468767,5.026281208935611,7.625152990652084e-09,False,False,False,False,21.807503840592545
1995-99,NonEvent,SPX Mar-27 10% OTM,spx,False,False,1998-04-30,,hold,2.1546202834681725,0.0,0.0,-2.1546202834681725,3.197866303322315,4.040735873850197,0.0,False,False,False,False,20.121495719675746
1995-99,NonEvent,SPX Mar-27 10% OTM,spx,False,False,1998-04-30,,v4_-22,2.1546202834681725,0.0,0.0,-2.1546202834681725,3.197866303322315,4.040735873850197,0.0,False,False,False,False,20.121495719675746
1995-99,NonEvent,SPX Mar-27 10% OTM,spx,False,False,1998-04-30,,peak_-22,2.1546202834681725,0.0,0.0,-2.1546202834681725,3.197866303322315,4.040735873850197,0.0,False,False,False,False,20.121495719675746
1995-99,NonEvent,SPX Mar-27 10% OTM,spx,False,False,1998-04-30,,tiered,2.1546202834681725,1.5989331516611576,38.29123327980767,1.2904735170106494,3.197866303322315,4.040735873850197,0.0,False,False,False,False,20.121495719675746
1995-99,NonEvent,SPX Mar-27 10% OTM,spx,False,False,1998-04-30,,IPS,2.1546202834681725,2.2672096473203838,54.29511134319941,2.730355609523049,3.197866303322315,4.040735873850197,0.0,False,False,False,False,20.121495719675746
1995-99,NonEvent,SPX Mar-27 10% OTM,spx,False,False,1998-05-29,,hold,2.210893111229756,0.0,0.0,-2.210893111229756,2.9208623547856867,3.088042049934297,0.0,False,False,False,False,20.381690530040437
1995-99,NonEvent,SPX Mar-27 10% OTM,spx,False,False,1998-05-29,,v4_-22,2.210893111229756,0.0,0.0,-2.210893111229756,2.9208623547856867,3.088042049934297,0.0,False,False,False,False,20.381690530040437
1995-99,NonEvent,SPX Mar-27 10% OTM,spx,False,False,1998-05-29,,peak_-22,2.210893111229756,0.0,0.0,-2.210893111229756,2.9208623547856867,3.088042049934297,0.0,False,False,False,False,20.381690530040437
1995-99,NonEvent,SPX Mar-27 10% OTM,spx,False,False,1998-05-29,,tiered,2.210893111229756,1.4604311773928433,35.08831439894937,1.017964118293243,2.9208623547856867,3.088042049934297,0.0,False,False,False,False,20.381690530040437
1995-99,NonEvent,SPX Mar-27 10% OTM,spx,False,False,1998-05-29,,IPS,2.210893111229756,2.1289093777314303,51.149169320026424,2.4958979664290895,2.9208623547856867,3.088042049934297,0.0,False,False,False,False,20.381690530040437
1995-99,NonEvent,SPX Mar-27 10% OTM,spx,False,False,1998-06-30,,hold,2.02364166767665,0.0,0.0,-2.02364166767665,3.845453016915586,2.0367936925098555,0.0,False,False,False,False,19.420189880246905
1995-99,NonEvent,SPX Mar-27 10% OTM,spx,False,False,1998-06-30,,v4_-22,2.02364166767665,0.0,0.0,-2.02364166767665,3.845453016915586,2.0367936925098555,0.0,False,False,False,False,19.420189880246905
1995-99,NonEvent,SPX Mar-27 10% OTM,spx,False,False,1998-06-30,,peak_-22,2.02364166767665,0.0,0.0,-2.02364166767665,3.845453016915586,2.0367936925098555,0.0,False,False,False,False,19.420189880246905
1995-99,NonEvent,SPX Mar-27 10% OTM,spx,False,False,1998-06-30,,tiered,2.02364166767665,1.922726508457793,43.98881859184315,1.8672678103849805,3.845453016915586,2.0367936925098555,0.0,False,False,False,False,19.420189880246905
1995-99,NonEvent,SPX Mar-27 10% OTM,spx,False,False,1998-06-30,,IPS,2.02364166767665,2.7950566579645764,63.94629695917885,3.6325514488975092,3.845453016915586,2.0367936925098555,0.0,False,False,False,False,19.420189880246905
1995-99,NonEvent,SPX Mar-27 10% OTM,spx,False,False,1998-07-31,,hold,2.6936649436302234,3.992373117403914e-10,1.1994143238092158e-08,-2.6936649425548116,2.7531037374318075,1.0183968462549278,3.7129069991856395e-10,False,False,False,False,22.739364972256485
1995-99,NonEvent,SPX Mar-27 10% OTM,spx,False,False,1998-07-31,,v4_-22,2.6936649436302234,3.992373117403914e-10,1.1994143238092158e-08,-2.6936649425548116,2.7531037374318075,1.0183968462549278,3.7129069991856395e-10,False,False,False,False,22.739364972256485
1995-99,NonEvent,SPX Mar-27 10% OTM,spx,False,False,1998-07-31,,peak_-22,2.6936649436302234,3.992373117403914e-10,1.1994143238092158e-08,-2.6936649425548116,2.7531037374318075,1.0183968462549278,3.7129069991856395e-10,False,False,False,False,22.739364972256485
1995-99,NonEvent,SPX Mar-27 10% OTM,spx,False,False,1998-07-31,,tiered,2.6936649436302234,1.3765518689155225,41.35525364215561,1.0143045687561858,2.7531037374318075,1.0183968462549278,3.7129069991856395e-10,False,False,False,False,22.739364972256485
1995-99,NonEvent,SPX Mar-27 10% OTM,spx,False,False,1998-07-31,,IPS,2.6936649436302234,1.5899024238684756,47.76486777585703,1.588999479337009,2.7531037374318075,1.0183968462549278,3.7129069991856395e-10,False,False,False,False,22.739364972256485
1995-99,NonEvent,SPX Mar-27 10% OTM,spx,False,False,1998-08-31,,hold,5.336240491744983,0.0,0.0,-5.336240491744983,0.8691588785046729,0.0,0.0,False,False,False,False,33.97487012746204
1995-99,NonEvent,SPX Mar-27 10% OTM,spx,False,False,1998-08-31,,v4_-22,5.336240491744983,0.0,0.0,-5.336240491744983,0.8691588785046729,0.0,0.0,False,False,False,False,33.97487012746204
1995-99,NonEvent,SPX Mar-27 10% OTM,spx,False,False,1998-08-31,,peak_-22,5.336240491744983,0.0,0.0,-5.336240491744983,0.8691588785046729,0.0,0.0,False,False,False,False,33.97487012746204
1995-99,NonEvent,SPX Mar-27 10% OTM,spx,False,False,1998-08-31,,tiered,5.336240491744983,0.0,0.0,-5.336240491744983,0.8691588785046729,0.0,0.0,False,False,False,False,33.97487012746204
1995-99,NonEvent,SPX Mar-27 10% OTM,spx,False,False,1998-08-31,,IPS,5.336240491744983,0.028204756136491385,1.4315056191273712,-5.185733129989644,0.8691588785046729,0.0,0.0,False,False,False,False,33.97487012746204
1995-99,NonEvent,SPX Mar-27 10% OTM,spx,False,False,1998-09-30,,hold,5.009006416720056,0.0,0.0,-5.009006416720056,1.1286072765134232,0.2628120893561104,0.0,False,False,False,False,32.307481410176976
1995-99,NonEvent,SPX Mar-27 10% OTM,spx,False,False,1998-09-30,,v4_-22,5.009006416720056,0.0,0.0,-5.009006416720056,1.1286072765134232,0.2628120893561104,0.0,False,False,False,False,32.307481410176976
1995-99,NonEvent,SPX Mar-27 10% OTM,spx,False,False,1998-09-30,,peak_-22,5.009006416720056,0.0,0.0,-5.009006416720056,1.1286072765134232,0.2628120893561104,0.0,False,False,False,False,32.307481410176976
1995-99,NonEvent,SPX Mar-27 10% OTM,spx,False,False,1998-09-30,,tiered,5.009006416720056,0.0,0.0,-5.009006416720056,1.1286072765134232,0.2628120893561104,0.0,False,False,False,False,32.307481410176976
1995-99,NonEvent,SPX Mar-27 10% OTM,spx,False,False,1998-09-30,,IPS,5.009006416720056,0.02056760751916489,1.0464878913273368,-4.9059831386799795,1.1286072765134232,0.2628120893561104,0.0,False,False,False,False,32.307481410176976
1995-99,NonEvent,SPX Mar-27 10% OTM,spx,False,False,1998-10-30,,hold,3.269802991649493,5.1609338344247564e-14,1.851508036587714e-12,-3.2698029916493243,0.8691588785046729,0.0,4.7996684660150235e-14,False,False,False,False,25.018596346306904
1995-99,NonEvent,SPX Mar-27 10% OTM,spx,False,False,1998-10-30,,v4_-22,3.269802991649493,5.1609338344247564e-14,1.851508036587714e-12,-3.2698029916493243,0.8691588785046729,0.0,4.7996684660150235e-14,False,False,False,False,25.018596346306904
1995-99,NonEvent,SPX Mar-27 10% OTM,spx,False,False,1998-10-30,,peak_-22,3.269802991649493,5.1609338344247564e-14,1.851508036587714e-12,-3.2698029916493243,0.8691588785046729,0.0,4.7996684660150235e-14,False,False,False,False,25.018596346306904
1995-99,NonEvent,SPX Mar-27 10% OTM,spx,False,False,1998-10-30,,tiered,3.269802991649493,5.1609338344247564e-14,1.851508036587714e-12,-3.2698029916493243,0.8691588785046729,0.0,4.7996684660150235e-14,False,False,False,False,25.018596346306904
1995-99,NonEvent,SPX Mar-27 10% OTM,spx,False,False,1998-10-30,,IPS,3.269802991649493,0.03407680302312145,1.2225205104873884,-3.15837855917864,0.8691588785046729,0.0,4.7996684660150235e-14,False,False,False,False,25.018596346306904
1995-99,NonEvent,SPX Mar-27 10% OTM,spx,False,False,1998-11-30,,hold,2.992634555023284,0.0,0.0,-2.992634555023284,1.1270814447042319,0.45992115637319314,0.0,False,False,False,False,23.842325440961545
1995-99,NonEvent,SPX Mar-27 10% OTM,spx,False,False,1998-11-30,,v4_-22,2.992634555023284,0.0,0.0,-2.992634555023284,1.1270814447042319,0.45992115637319314,0.0,False,False,False,False,23.842325440961545
1995-99,NonEvent,SPX Mar-27 10% OTM,spx,False,False,1998-11-30,,peak_-22,2.992634555023284,0.0,0.0,-2.992634555023284,1.1270814447042319,0.45992115637319314,0.0,False,False,False,False,23.842325440961545
1995-99,NonEvent,SPX Mar-27 10% OTM,spx,False,False,1998-11-30,,tiered,2.992634555023284,0.0,0.0,-2.992634555023284,1.1270814447042319,0.45992115637319314,0.0,False,False,False,False,23.842325440961545
1995-99,NonEvent,SPX Mar-27 10% OTM,spx,False,False,1998-11-30,,IPS,2.992634555023284,0.07927610959462925,2.7467922277524943,-2.7553901300625836,1.1270814447042319,0.45992115637319314,0.0,False,False,False,False,23.842325440961545
1995-99,NonEvent,SPX Mar-27 10% OTM,spx,False,False,1998-12-31,,hold,2.7833113789145476,1.1026033064220401e-15,3.781526047709162e-14,-2.783311378914545,1.2807864386803876,0.45992115637319314,1.0254210749724972e-15,False,False,False,False,22.93375172574342
1995-99,NonEvent,SPX Mar-27 10% OTM,spx,False,False,1998-12-31,,v4_-22,2.7833113789145476,1.1026033064220401e-15,3.781526047709162e-14,-2.783311378914545,1.2807864386803876,0.45992115637319314,1.0254210749724972e-15,False,False,False,False,22.93375172574342
1995-99,NonEvent,SPX Mar-27 10% OTM,spx,False,False,1998-12-31,,peak_-22,2.7833113789145476,1.1026033064220401e-15,3.781526047709162e-14,-2.783311378914545,1.2807864386803876,0.45992115637319314,1.0254210749724972e-15,False,False,False,False,22.93375172574342
1995-99,NonEvent,SPX Mar-27 10% OTM,spx,False,False,1998-12-31,,tiered,2.7833113789145476,1.1026033064220401e-15,3.781526047709162e-14,-2.783311378914545,1.2807864386803876,0.45992115637319314,1.0254210749724972e-15,False,False,False,False,22.93375172574342
1995-99,NonEvent,SPX Mar-27 10% OTM,spx,False,False,1998-12-31,,IPS,2.7833113789145476,0.13498306997786086,4.629425579879851,-2.407611464284349,1.2807864386803876,0.45992115637319314,1.0254210749724972e-15,False,False,False,False,22.93375172574342
1995-99,NonEvent,SPX Mar-27 10% OTM,spx,False,False,1999-01-29,,hold,3.061096694454577,2.518389920683839e-10,9.822661778247766e-09,-3.0610966936836737,1.2347583412848488,0.36136662286465177,2.3421026262359706e-10,False,False,False,False,24.17696826328074
1995-99,NonEvent,SPX Mar-27 10% OTM,spx,False,False,1999-01-29,,v4_-22,3.061096694454577,2.518389920683839e-10,9.822661778247766e-09,-3.0610966936836737,1.2347583412848488,0.36136662286465177,2.3421026262359706e-10,False,False,False,False,24.17696826328074
1995-99,NonEvent,SPX Mar-27 10% OTM,spx,False,False,1999-01-29,,peak_-22,3.061096694454577,2.518389920683839e-10,9.822661778247766e-09,-3.0610966936836737,1.2347583412848488,0.36136662286465177,2.3421026262359706e-10,False,False,False,False,24.17696826328074
1995-99,NonEvent,SPX Mar-27 10% OTM,spx,False,False,1999-01-29,,tiered,3.061096694454577,2.518389920683839e-10,9.822661778247766e-09,-3.0610966936836737,1.2347583412848488,0.36136662286465177,2.3421026262359706e-10,False,False,False,False,24.17696826328074
1995-99,NonEvent,SPX Mar-27 10% OTM,spx,False,False,1999-01-29,,IPS,3.061096694454577,0.062303051785758665,2.4300518375565385,-2.870381028578759,1.2347583412848488,0.36136662286465177,2.3421026262359706e-10,False,False,False,False,24.17696826328074
1995-99,NonEvent,SPX Mar-27 10% OTM,spx,False,False,1999-02-26,,hold,3.243087420422663,3.6200268174920543e-07,1.446655104925124e-05,-3.2430862464163197,0.9184752024513133,0.1314060446780552,3.36662494026761e-07,False,False,False,False,25.260572068422682
1995-99,NonEvent,SPX Mar-27 10% OTM,spx,False,False,1999-02-26,,v4_-22,3.243087420422663,3.6200268174920543e-07,1.446655104925124e-05,-3.2430862464163197,0.9184752024513133,0.1314060446780552,3.36662494026761e-07,False,False,False,False,25.260572068422682
1995-99,NonEvent,SPX Mar-27 10% OTM,spx,False,False,1999-02-26,,peak_-22,3.243087420422663,3.6200268174920543e-07,1.446655104925124e-05,-3.2430862464163197,0.9184752024513133,0.1314060446780552,3.36662494026761e-07,False,False,False,False,25.260572068422682
1995-99,NonEvent,SPX Mar-27 10% OTM,spx,False,False,1999-02-26,,tiered,3.243087420422663,3.6200268174920543e-07,1.446655104925124e-05,-3.2430862464163197,0.9184752024513133,0.1314060446780552,3.36662494026761e-07,False,False,False,False,25.260572068422682
1995-99,NonEvent,SPX Mar-27 10% OTM,spx,False,False,1999-02-26,,IPS,3.243087420422663,0.18180014494922078,7.265197774118286,-2.653493657306828,0.9184752024513133,0.1314060446780552,3.36662494026761e-07,False,False,False,False,25.260572068422682
1995-99,NonEvent,SPX Mar-27 10% OTM,spx,False,False,1999-03-31,,hold,2.6419502435082522,1.0713151275660924e-10,3.622933789876038e-09,-2.641950243225216,0.9666016988372211,1.8068331143232588,9.963230686364658e-11,False,False,False,False,22.435503260081145
1995-99,NonEvent,SPX Mar-27 10% OTM,spx,False,False,1999-03-31,,v4_-22,2.6419502435082522,1.0713151275660924e-10,3.622933789876038e-09,-2.641950243225216,0.9666016988372211,1.8068331143232588,9.963230686364658e-11,False,False,False,False,22.435503260081145
1995-99,NonEvent,SPX Mar-27 10% OTM,spx,False,False,1999-03-31,,peak_-22,2.6419502435082522,1.0713151275660924e-10,3.622933789876038e-09,-2.641950243225216,0.9666016988372211,1.8068331143232588,9.963230686364658e-11,False,False,False,False,22.435503260081145
1995-99,NonEvent,SPX Mar-27 10% OTM,spx,False,False,1999-03-31,,tiered,2.6419502435082522,1.0713151275660924e-10,3.622933789876038e-09,-2.641950243225216,0.9666016988372211,1.8068331143232588,9.963230686364658e-11,False,False,False,False,22.435503260081145
1995-99,NonEvent,SPX Mar-27 10% OTM,spx,False,False,1999-03-31,,IPS,2.6419502435082522,0.16814897004814786,5.68639954430874,-2.197709031143886,0.9666016988372211,1.8068331143232588,9.963230686364658e-11,False,False,False,False,22.435503260081145
1995-99,NonEvent,SPX Mar-27 10% OTM,spx,False,False,1999-04-30,,hold,2.9131710728642366,0.0,0.0,-2.9131710728642366,1.1089945197490794,0.8212877792378449,0.0,False,False,False,False,23.72395998957187
1995-99,NonEvent,SPX Mar-27 10% OTM,spx,False,False,1999-04-30,,v4_-22,2.9131710728642366,0.0,0.0,-2.9131710728642366,1.1089945197490794,0.8212877792378449,0.0,False,False,False,False,23.72395998957187
1995-99,NonEvent,SPX Mar-27 10% OTM,spx,False,False,1999-04-30,,peak_-22,2.9131710728642366,0.0,0.0,-2.9131710728642366,1.1089945197490794,0.8212877792378449,0.0,False,False,False,False,23.72395998957187
1995-99,NonEvent,SPX Mar-27 10% OTM,spx,False,False,1999-04-30,,tiered,2.9131710728642366,0.0,0.0,-2.9131710728642366,1.1089945197490794,0.8212877792378449,0.0,False,False,False,False,23.72395998957187
1995-99,NonEvent,SPX Mar-27 10% OTM,spx,False,False,1999-04-30,,IPS,2.9131710728642366,0.1644188362796949,6.353343878714241,-2.4341908751802284,1.1089945197490794,0.8212877792378449,0.0,False,False,False,False,23.72395998957187
1995-99,NonEvent,SPX Mar-27 10% OTM,spx,False,False,1999-05-28,,hold,2.939671299827673,0.0,0.0,-2.939671299827673,0.9008707278985477,0.1314060446780552,0.0,False,False,False,False,24.03384747181111
1995-99,NonEvent,SPX Mar-27 10% OTM,spx,False,False,1999-05-28,,v4_-22,2.939671299827673,0.0,0.0,-2.939671299827673,0.9008707278985477,0.1314060446780552,0.0,False,False,False,False,24.03384747181111
1995-99,NonEvent,SPX Mar-27 10% OTM,spx,False,False,1999-05-28,,peak_-22,2.939671299827673,0.0,0.0,-2.939671299827673,0.9008707278985477,0.1314060446780552,0.0,False,False,False,False,24.03384747181111
1995-99,NonEvent,SPX Mar-27 10% OTM,spx,False,False,1999-05-28,,tiered,2.939671299827673,0.0,0.0,-2.939671299827673,0.9008707278985477,0.1314060446780552,0.0,False,False,False,False,24.03384747181111
1995-99,NonEvent,SPX Mar-27 10% OTM,spx,False,False,1999-05-28,,IPS,2.939671299827673,0.10356681678409634,3.9359149453096496,-2.6352189009129545,0.9008707278985477,0.1314060446780552,0.0,False,False,False,False,24.03384747181111
1995-99,NonEvent,SPX Mar-27 10% OTM,spx,False,False,1999-06-30,,hold,2.353145314919398,2.7280549529063387e-05,0.0008781072283871871,-2.3530811198220856,1.4334495787083887,1.3469119579500657,9.417848650837131e-06,False,False,False,False,21.31412136254215
1995-99,NonEvent,SPX Mar-27 10% OTM,spx,False,False,1999-06-30,,v4_-22,2.353145314919398,2.7280549529063387e-05,0.0008781072283871871,-2.3530811198220856,1.4334495787083887,1.3469119579500657,9.417848650837131e-06,False,False,False,False,21.31412136254215
1995-99,NonEvent,SPX Mar-27 10% OTM,spx,False,False,1999-06-30,,peak_-22,2.353145314919398,2.7280549529063387e-05,0.0008781072283871871,-2.3530811198220856,1.4334495787083887,1.3469119579500657,9.417848650837131e-06,False,False,False,False,21.31412136254215
1995-99,NonEvent,SPX Mar-27 10% OTM,spx,False,False,1999-06-30,,tiered,2.353145314919398,2.7280549529063387e-05,0.0008781072283871871,-2.3530811198220856,1.4334495787083887,1.3469119579500657,9.417848650837131e-06,False,False,False,False,21.31412136254215
1995-99,NonEvent,SPX Mar-27 10% OTM,spx,False,False,1999-06-30,,IPS,2.353145314919398,0.18528162349640676,5.963851010632259,-1.917150730648169,1.4334495787083887,1.3469119579500657,9.417848650837131e-06,False,False,False,False,21.31412136254215
1995-99,NonEvent,SPX Mar-27 10% OTM,spx,False,False,1999-07-30,,hold,2.833903613810321,0.0,0.0,-2.833903613810321,1.1066917274650379,0.36136662286465177,0.0,False,False,False,False,23.679536313370974
1995-99,NonEvent,SPX Mar-27 10% OTM,spx,False,False,1999-07-30,,v4_-22,2.833903613810321,0.0,0.0,-2.833903613810321,1.1066917274650379,0.36136662286465177,0.0,False,False,False,False,23.679536313370974
1995-99,NonEvent,SPX Mar-27 10% OTM,spx,False,False,1999-07-30,,peak_-22,2.833903613810321,0.0,0.0,-2.833903613810321,1.1066917274650379,0.36136662286465177,0.0,False,False,False,False,23.679536313370974
1995-99,NonEvent,SPX Mar-27 10% OTM,spx,False,False,1999-07-30,,tiered,2.833903613810321,0.0,0.0,-2.833903613810321,1.1066917274650379,0.36136662286465177,0.0,False,False,False,False,23.679536313370974
1995-99,NonEvent,SPX Mar-27 10% OTM,spx,False,False,1999-07-30,,IPS,2.833903613810321,0.08180751994723916,3.0653825649539166,-2.60206898739498,1.1066917274650379,0.36136662286465177,0.0,False,False,False,False,23.679536313370974
1995-99,NonEvent,SPX Mar-27 10% OTM,spx,False,False,1999-08-31,,hold,2.8031584770693225,0.0,0.0,-2.8031584770693225,1.1745311150825355,1.4783180026281209,0.0,False,False,False,False,23.652850757231725
1995-99,NonEvent,SPX Mar-27 10% OTM,spx,False,False,1999-08-31,,v4_-22,2.8031584770693225,0.0,0.0,-2.8031584770693225,1.1745311150825355,1.4783180026281209,0.0,False,False,False,False,23.652850757231725
1995-99,NonEvent,SPX Mar-27 10% OTM,spx,False,False,1999-08-31,,peak_-22,2.8031584770693225,0.0,0.0,-2.8031584770693225,1.1745311150825355,1.4783180026281209,0.0,False,False,False,False,23.652850757231725
1995-99,NonEvent,SPX Mar-27 10% OTM,spx,False,False,1999-08-31,,tiered,2.8031584770693225,0.0,0.0,-2.8031584770693225,1.1745311150825355,1.4783180026281209,0.0,False,False,False,False,23.652850757231725
1995-99,NonEvent,SPX Mar-27 10% OTM,spx,False,False,1999-08-31,,IPS,2.8031584770693225,0.10697296807058246,3.9437029145253244,-2.5032962948050033,1.1745311150825355,1.4783180026281209,0.0,False,False,False,False,23.652850757231725
1995-99,NonEvent,SPX Mar-27 10% OTM,spx,False,False,1999-09-30,,hold,2.9923418478292856,1.1518457585008963e-11,4.425841367855631e-10,-2.9923418477948185,1.0732084905625279,0.49277266754270693,1.0712165554058335e-11,False,False,False,False,24.408032066727472
1995-99,NonEvent,SPX Mar-27 10% OTM,spx,False,False,1999-09-30,,v4_-22,2.9923418478292856,1.1518457585008963e-11,4.425841367855631e-10,-2.9923418477948185,1.0732084905625279,0.49277266754270693,1.0712165554058335e-11,False,False,False,False,24.408032066727472
1995-99,NonEvent,SPX Mar-27 10% OTM,spx,False,False,1999-09-30,,peak_-22,2.9923418478292856,1.1518457585008963e-11,4.425841367855631e-10,-2.9923418477948185,1.0732084905625279,0.49277266754270693,1.0712165554058335e-11,False,False,False,False,24.408032066727472
1995-99,NonEvent,SPX Mar-27 10% OTM,spx,False,False,1999-09-30,,tiered,2.9923418478292856,1.1518457585008963e-11,4.425841367855631e-10,-2.9923418477948185,1.0732084905625279,0.49277266754270693,1.0712165554058335e-11,False,False,False,False,24.408032066727472
1995-99,NonEvent,SPX Mar-27 10% OTM,spx,False,False,1999-09-30,,IPS,2.9923418478292856,0.13354764560096322,5.131422242242915,-2.592721639218449,1.0732084905625279,0.49277266754270693,1.0712165554058335e-11,False,False,False,False,24.408032066727472
1995-99,NonEvent,SPX Mar-27 10% OTM,spx,False,False,1999-10-29,,hold,2.5583508416436396,4.278004800279551e-05,0.0014972236302494835,-2.558241395271826,0.9624495282152956,0.1314060446780552,3.9785444642599825e-05,False,False,False,False,22.379874342096503
1995-99,NonEvent,SPX Mar-27 10% OTM,spx,False,False,1999-10-29,,v4_-22,2.5583508416436396,4.278004800279551e-05,0.0014972236302494835,-2.558241395271826,0.9624495282152956,0.1314060446780552,3.9785444642599825e-05,False,False,False,False,22.379874342096503
1995-99,NonEvent,SPX Mar-27 10% OTM,spx,False,False,1999-10-29,,peak_-22,2.5583508416436396,4.278004800279551e-05,0.0014972236302494835,-2.558241395271826,0.9624495282152956,0.1314060446780552,3.9785444642599825e-05,False,False,False,False,22.379874342096503
1995-99,NonEvent,SPX Mar-27 10% OTM,spx,False,False,1999-10-29,,tiered,2.5583508416436396,4.278004800279551e-05,0.0014972236302494835,-2.558241395271826,0.9624495282152956,0.1314060446780552,3.9785444642599825e-05,False,False,False,False,22.379874342096503
1995-99,NonEvent,SPX Mar-27 10% OTM,spx,False,False,1999-10-29,,IPS,2.5583508416436396,0.1654899224260544,5.791845357636144,-2.134969559321403,0.9624495282152956,0.1314060446780552,3.9785444642599825e-05,False,False,False,False,22.379874342096503
1995-99,NonEvent,SPX Mar-27 10% OTM,spx,False,False,1999-11-30,,hold,2.8331470754396,0.0,0.0,-2.8331470754396,0.8691588785046728,0.0,-4.991018405689782e-16,False,False,False,False,23.706572165886804
1995-99,NonEvent,SPX Mar-27 10% OTM,spx,False,False,1999-11-30,,v4_-22,2.8331470754396,0.0,0.0,-2.8331470754396,0.8691588785046728,0.0,-4.991018405689782e-16,False,False,False,False,23.706572165886804
1995-99,NonEvent,SPX Mar-27 10% OTM,spx,False,False,1999-11-30,,peak_-22,2.8331470754396,0.0,0.0,-2.8331470754396,0.8691588785046728,0.0,-4.991018405689782e-16,False,False,False,False,23.706572165886804
1995-99,NonEvent,SPX Mar-27 10% OTM,spx,False,False,1999-11-30,,tiered,2.8331470754396,0.0,0.0,-2.8331470754396,0.8691588785046728,0.0,-4.991018405689782e-16,False,False,False,False,23.706572165886804
1995-99,NonEvent,SPX Mar-27 10% OTM,spx,False,False,1999-11-30,,IPS,2.8331470754396,0.29016595835440656,11.385064346774655,-2.0110642391356848,0.8691588785046728,0.0,-4.991018405689782e-16,False,False,False,False,23.706572165886804
1995-99,NonEvent,SPX Mar-27 10% OTM,spx,False,False,1999-12-31,,hold,2.897032756189084,0.0,0.0,-2.897032756189084,1.2966559986755175,3.4494086727989486,0.0,False,False,False,False,24.10926897916745
1995-99,NonEvent,SPX Mar-27 10% OTM,spx,False,False,1999-12-31,,v4_-22,2.897032756189084,0.0,0.0,-2.897032756189084,1.2966559986755175,3.4494086727989486,0.0,False,False,False,False,24.10926897916745
1995-99,NonEvent,SPX Mar-27 10% OTM,spx,False,False,1999-12-31,,peak_-22,2.897032756189084,0.0,0.0,-2.897032756189084,1.2966559986755175,3.4494086727989486,0.0,False,False,False,False,24.10926897916745
1995-99,NonEvent,SPX Mar-27 10% OTM,spx,False,False,1999-12-31,,tiered,2.897032756189084,0.0,0.0,-2.897032756189084,1.2966559986755175,3.4494086727989486,0.0,False,False,False,False,24.10926897916745
1995-99,NonEvent,SPX Mar-27 10% OTM,spx,False,False,1999-12-31,,IPS,2.897032756189084,0.23204300225703856,9.843664362347445,-2.2247965778059857,1.2966559986755175,3.4494086727989486,0.0,False,False,False,False,24.10926897916745
1995-99,NonEvent,SPX Mar-27 90/75 spread,spx,False,False,1995-01-31,,hold,0.4956496312663419,0.0,0.0,-0.4956496312663419,0.8691588785046729,0.0,0.0,False,False,False,False,12.507415398277393
1995-99,NonEvent,SPX Mar-27 90/75 spread,spx,False,False,1995-01-31,,v4_-22,0.4956496312663419,0.0,0.0,-0.4956496312663419,0.8691588785046729,0.0,0.0,False,False,False,False,12.507415398277393
1995-99,NonEvent,SPX Mar-27 90/75 spread,spx,False,False,1995-01-31,,peak_-22,0.4956496312663419,0.0,0.0,-0.4956496312663419,0.8691588785046729,0.0,0.0,False,False,False,False,12.507415398277393
1995-99,NonEvent,SPX Mar-27 90/75 spread,spx,False,False,1995-01-31,,tiered,0.4956496312663419,0.0,0.0,-0.4956496312663419,0.8691588785046729,0.0,0.0,False,False,False,False,12.507415398277393
1995-99,NonEvent,SPX Mar-27 90/75 spread,spx,False,False,1995-01-31,,IPS,0.4956496312663419,0.018098533003730835,0.042149963145749446,-0.48667910005658094,0.8691588785046729,0.0,0.0,False,False,False,False,12.507415398277393
1995-99,NonEvent,SPX Mar-27 90/75 spread,spx,False,False,1995-02-28,,hold,0.49239639906379823,0.0,0.0,-0.49239639906379823,1.1644596418346103,0.22996057818659657,0.0,False,False,False,False,12.324944817569143
1995-99,NonEvent,SPX Mar-27 90/75 spread,spx,False,False,1995-02-28,,v4_-22,0.49239639906379823,0.0,0.0,-0.49239639906379823,1.1644596418346103,0.22996057818659657,0.0,False,False,False,False,12.324944817569143
1995-99,NonEvent,SPX Mar-27 90/75 spread,spx,False,False,1995-02-28,,peak_-22,0.49239639906379823,0.0,0.0,-0.49239639906379823,1.1644596418346103,0.22996057818659657,0.0,False,False,False,False,12.324944817569143
1995-99,NonEvent,SPX Mar-27 90/75 spread,spx,False,False,1995-02-28,,tiered,0.49239639906379823,0.0,0.0,-0.49239639906379823,1.1644596418346103,0.22996057818659657,0.0,False,False,False,False,12.324944817569143
1995-99,NonEvent,SPX Mar-27 90/75 spread,spx,False,False,1995-02-28,,IPS,0.49239639906379823,0.03425058235479148,0.08210463477364824,-0.4755315356464609,1.1644596418346103,0.22996057818659657,0.0,False,False,False,False,12.324944817569143
1995-99,NonEvent,SPX Mar-27 90/75 spread,spx,False,False,1995-03-31,,hold,0.5787882718637137,0.0,0.0,-0.5787882718637137,0.8691588785046729,0.0,0.0,False,False,False,False,13.353307911811175
1995-99,NonEvent,SPX Mar-27 90/75 spread,spx,False,False,1995-03-31,,v4_-22,0.5787882718637137,0.0,0.0,-0.5787882718637137,0.8691588785046729,0.0,0.0,False,False,False,False,13.353307911811175
1995-99,NonEvent,SPX Mar-27 90/75 spread,spx,False,False,1995-03-31,,peak_-22,0.5787882718637137,0.0,0.0,-0.5787882718637137,0.8691588785046729,0.0,0.0,False,False,False,False,13.353307911811175
1995-99,NonEvent,SPX Mar-27 90/75 spread,spx,False,False,1995-03-31,,tiered,0.5787882718637137,0.0,0.0,-0.5787882718637137,0.8691588785046729,0.0,0.0,False,False,False,False,13.353307911811175
1995-99,NonEvent,SPX Mar-27 90/75 spread,spx,False,False,1995-03-31,,IPS,0.5787882718637137,0.018091603760173287,0.05237447880958017,-0.5683170637881197,0.8691588785046729,0.0,0.0,False,False,False,False,13.353307911811175
1995-99,NonEvent,SPX Mar-27 90/75 spread,spx,False,False,1995-04-28,,hold,0.487935881546274,0.0,0.0,-0.487935881546274,0.92567464318895,0.657030223390276,0.0,False,False,False,False,12.231213792402235
1995-99,NonEvent,SPX Mar-27 90/75 spread,spx,False,False,1995-04-28,,v4_-22,0.487935881546274,0.0,0.0,-0.487935881546274,0.92567464318895,0.657030223390276,0.0,False,False,False,False,12.231213792402235
1995-99,NonEvent,SPX Mar-27 90/75 spread,spx,False,False,1995-04-28,,peak_-22,0.487935881546274,0.0,0.0,-0.487935881546274,0.92567464318895,0.657030223390276,0.0,False,False,False,False,12.231213792402235
1995-99,NonEvent,SPX Mar-27 90/75 spread,spx,False,False,1995-04-28,,tiered,0.487935881546274,0.0,0.0,-0.487935881546274,0.92567464318895,0.657030223390276,0.0,False,False,False,False,12.231213792402235
1995-99,NonEvent,SPX Mar-27 90/75 spread,spx,False,False,1995-04-28,,IPS,0.487935881546274,0.05455159333368387,0.13692890982866043,-0.46131820176324906,0.92567464318895,0.657030223390276,0.0,False,False,False,False,12.231213792402235
1995-99,NonEvent,SPX Mar-27 90/75 spread,spx,False,False,1995-05-31,,hold,0.5641087428961615,0.0,0.0,-0.5641087428961615,0.8835482682854853,0.0657030223390276,0.0,False,False,False,False,12.903589568914391
1995-99,NonEvent,SPX Mar-27 90/75 spread,spx,False,False,1995-05-31,,v4_-22,0.5641087428961615,0.0,0.0,-0.5641087428961615,0.8835482682854853,0.0657030223390276,0.0,False,False,False,False,12.903589568914391
1995-99,NonEvent,SPX Mar-27 90/75 spread,spx,False,False,1995-05-31,,peak_-22,0.5641087428961615,0.0,0.0,-0.5641087428961615,0.8835482682854853,0.0657030223390276,0.0,False,False,False,False,12.903589568914391
1995-99,NonEvent,SPX Mar-27 90/75 spread,spx,False,False,1995-05-31,,tiered,0.5641087428961615,0.0,0.0,-0.5641087428961615,0.8835482682854853,0.0657030223390276,0.0,False,False,False,False,12.903589568914391
1995-99,NonEvent,SPX Mar-27 90/75 spread,spx,False,False,1995-05-31,,IPS,0.5641087428961615,0.03680806971760278,0.11049686485373938,-0.5433449889593304,0.8835482682854853,0.0657030223390276,0.0,False,False,False,False,12.903589568914391
1995-99,NonEvent,SPX Mar-27 90/75 spread,spx,False,False,1995-06-30,,hold,0.4787496915477021,0.0,0.0,-0.4787496915477021,0.9139353455043875,0.6241787122207622,0.0,False,False,False,False,11.894150222615217
1995-99,NonEvent,SPX Mar-27 90/75 spread,spx,False,False,1995-06-30,,v4_-22,0.4787496915477021,0.0,0.0,-0.4787496915477021,0.9139353455043875,0.6241787122207622,0.0,False,False,False,False,11.894150222615217
1995-99,NonEvent,SPX Mar-27 90/75 spread,spx,False,False,1995-06-30,,peak_-22,0.4787496915477021,0.0,0.0,-0.4787496915477021,0.9139353455043875,0.6241787122207622,0.0,False,False,False,False,11.894150222615217
1995-99,NonEvent,SPX Mar-27 90/75 spread,spx,False,False,1995-06-30,,tiered,0.4787496915477021,0.0,0.0,-0.4787496915477021,0.9139353455043875,0.6241787122207622,0.0,False,False,False,False,11.894150222615217
1995-99,NonEvent,SPX Mar-27 90/75 spread,spx,False,False,1995-06-30,,IPS,0.4787496915477021,0.023161199533171386,0.06015919911380974,-0.46766127441532146,0.9139353455043875,0.6241787122207622,0.0,False,False,False,False,11.894150222615217
1995-99,NonEvent,SPX Mar-27 90/75 spread,spx,False,False,1995-07-31,,hold,0.5868252247169997,0.0,0.0,-0.5868252247169997,0.90503664429942,0.0657030223390276,0.0,False,False,False,False,13.260470896021737
1995-99,NonEvent,SPX Mar-27 90/75 spread,spx,False,False,1995-07-31,,v4_-22,0.5868252247169997,0.0,0.0,-0.5868252247169997,0.90503664429942,0.0657030223390276,0.0,False,False,False,False,13.260470896021737
1995-99,NonEvent,SPX Mar-27 90/75 spread,spx,False,False,1995-07-31,,peak_-22,0.5868252247169997,0.0,0.0,-0.5868252247169997,0.90503664429942,0.0657030223390276,0.0,False,False,False,False,13.260470896021737
1995-99,NonEvent,SPX Mar-27 90/75 spread,spx,False,False,1995-07-31,,tiered,0.5868252247169997,0.0,0.0,-0.5868252247169997,0.90503664429942,0.0657030223390276,0.0,False,False,False,False,13.260470896021737
1995-99,NonEvent,SPX Mar-27 90/75 spread,spx,False,False,1995-07-31,,IPS,0.5868252247169997,0.047632254407519274,0.15662166919272927,-0.5588734163205299,0.90503664429942,0.0657030223390276,0.0,False,False,False,False,13.260470896021737
1995-99,NonEvent,SPX Mar-27 90/75 spread,spx,False,False,1995-08-31,,hold,0.47718544542039476,1.6810369655312788e-15,4.504819869140619e-15,-0.47718544542039404,0.9541742552283489,1.8396846254927726,1.563364377944089e-15,False,False,False,False,11.955050639482476
1995-99,NonEvent,SPX Mar-27 90/75 spread,spx,False,False,1995-08-31,,v4_-22,0.47718544542039476,1.6810369655312788e-15,4.504819869140619e-15,-0.47718544542039404,0.9541742552283489,1.8396846254927726,1.563364377944089e-15,False,False,False,False,11.955050639482476
1995-99,NonEvent,SPX Mar-27 90/75 spread,spx,False,False,1995-08-31,,peak_-22,0.47718544542039476,1.6810369655312788e-15,4.504819869140619e-15,-0.47718544542039404,0.9541742552283489,1.8396846254927726,1.563364377944089e-15,False,False,False,False,11.955050639482476
1995-99,NonEvent,SPX Mar-27 90/75 spread,spx,False,False,1995-08-31,,tiered,0.47718544542039476,1.6810369655312788e-15,4.504819869140619e-15,-0.47718544542039404,0.9541742552283489,1.8396846254927726,1.563364377944089e-15,False,False,False,False,11.955050639482476
1995-99,NonEvent,SPX Mar-27 90/75 spread,spx,False,False,1995-08-31,,IPS,0.47718544542039476,0.045212679418451404,0.12116031994391932,-0.4556106128534515,0.9541742552283489,1.8396846254927726,1.563364377944089e-15,False,False,False,False,11.955050639482476
1995-99,NonEvent,SPX Mar-27 90/75 spread,spx,False,False,1995-09-29,,hold,0.5464875903645569,0.0,0.0,-0.5464875903645569,1.2036704898331472,0.8869908015768725,0.0,False,False,False,False,12.72330720461125
1995-99,NonEvent,SPX Mar-27 90/75 spread,spx,False,False,1995-09-29,,v4_-22,0.5464875903645569,0.0,0.0,-0.5464875903645569,1.2036704898331472,0.8869908015768725,0.0,False,False,False,False,12.72330720461125
1995-99,NonEvent,SPX Mar-27 90/75 spread,spx,False,False,1995-09-29,,peak_-22,0.5464875903645569,0.0,0.0,-0.5464875903645569,1.2036704898331472,0.8869908015768725,0.0,False,False,False,False,12.72330720461125
1995-99,NonEvent,SPX Mar-27 90/75 spread,spx,False,False,1995-09-29,,tiered,0.5464875903645569,0.0,0.0,-0.5464875903645569,1.2036704898331472,0.8869908015768725,0.0,False,False,False,False,12.72330720461125
1995-99,NonEvent,SPX Mar-27 90/75 spread,spx,False,False,1995-09-29,,IPS,0.5464875903645569,0.09702175283672013,0.30924738074699193,-0.4934664064438721,1.2036704898331472,0.8869908015768725,0.0,False,False,False,False,12.72330720461125
1995-99,NonEvent,SPX Mar-27 90/75 spread,spx,False,False,1995-10-31,,hold,0.6139123265374551,0.0,0.0,-0.6139123265374551,0.8691588785046728,0.0,0.0,False,False,False,False,13.442119194190141
1995-99,NonEvent,SPX Mar-27 90/75 spread,spx,False,False,1995-10-31,,v4_-22,0.6139123265374551,0.0,0.0,-0.6139123265374551,0.8691588785046728,0.0,0.0,False,False,False,False,13.442119194190141
1995-99,NonEvent,SPX Mar-27 90/75 spread,spx,False,False,1995-10-31,,peak_-22,0.6139123265374551,0.0,0.0,-0.6139123265374551,0.8691588785046728,0.0,0.0,False,False,False,False,13.442119194190141
1995-99,NonEvent,SPX Mar-27 90/75 spread,spx,False,False,1995-10-31,,tiered,0.6139123265374551,0.0,0.0,-0.6139123265374551,0.8691588785046728,0.0,0.0,False,False,False,False,13.442119194190141
1995-99,NonEvent,SPX Mar-27 90/75 spread,spx,False,False,1995-10-31,,IPS,0.6139123265374551,0.14590675042724316,0.5201087129173901,-0.5243383739251465,0.8691588785046728,0.0,0.0,False,False,False,False,13.442119194190141
1995-99,NonEvent,SPX Mar-27 90/75 spread,spx,False,False,1995-11-30,,hold,0.49203750192359397,0.0,0.0,-0.49203750192359397,1.3855192042114584,1.3469119579500657,0.0,False,False,False,False,11.945795705576472
1995-99,NonEvent,SPX Mar-27 90/75 spread,spx,False,False,1995-11-30,,v4_-22,0.49203750192359397,0.0,0.0,-0.49203750192359397,1.3855192042114584,1.3469119579500657,0.0,False,False,False,False,11.945795705576472
1995-99,NonEvent,SPX Mar-27 90/75 spread,spx,False,False,1995-11-30,,peak_-22,0.49203750192359397,0.0,0.0,-0.49203750192359397,1.3855192042114584,1.3469119579500657,0.0,False,False,False,False,11.945795705576472
1995-99,NonEvent,SPX Mar-27 90/75 spread,spx,False,False,1995-11-30,,tiered,0.49203750192359397,0.0,0.0,-0.49203750192359397,1.3855192042114584,1.3469119579500657,0.0,False,False,False,False,11.945795705576472
1995-99,NonEvent,SPX Mar-27 90/75 spread,spx,False,False,1995-11-30,,IPS,0.49203750192359397,0.17541462261943105,0.5225377703037914,-0.4057269292090592,1.3855192042114584,1.3469119579500657,0.0,False,False,False,False,11.945795705576472
1995-99,NonEvent,SPX Mar-27 90/75 spread,spx,False,False,1995-12-29,,hold,0.54820754703409,0.0,0.0,-0.54820754703409,1.4144780440606772,0.39421813403416556,0.0,False,False,False,False,12.56687127748513
1995-99,NonEvent,SPX Mar-27 90/75 spread,spx,False,False,1995-12-29,,v4_-22,0.54820754703409,0.0,0.0,-0.54820754703409,1.4144780440606772,0.39421813403416556,0.0,False,False,False,False,12.56687127748513
1995-99,NonEvent,SPX Mar-27 90/75 spread,spx,False,False,1995-12-29,,peak_-22,0.54820754703409,0.0,0.0,-0.54820754703409,1.4144780440606772,0.39421813403416556,0.0,False,False,False,False,12.56687127748513
1995-99,NonEvent,SPX Mar-27 90/75 spread,spx,False,False,1995-12-29,,tiered,0.54820754703409,0.0,0.0,-0.54820754703409,1.4144780440606772,0.39421813403416556,0.0,False,False,False,False,12.56687127748513
1995-99,NonEvent,SPX Mar-27 90/75 spread,spx,False,False,1995-12-29,,IPS,0.54820754703409,0.13126600552845796,0.44077380943838773,-0.4762465321343708,1.4144780440606772,0.39421813403416556,0.0,False,False,False,False,12.56687127748513
1995-99,NonEvent,SPX Mar-27 90/75 spread,spx,False,False,1996-01-31,,hold,0.5498932773039281,0.0,0.0,-0.5498932773039281,1.5705325057348392,1.2155059132720105,0.0,False,False,False,False,12.58695982304603
1995-99,NonEvent,SPX Mar-27 90/75 spread,spx,False,False,1996-01-31,,v4_-22,0.5498932773039281,0.0,0.0,-0.5498932773039281,1.5705325057348392,1.2155059132720105,0.0,False,False,False,False,12.58695982304603
1995-99,NonEvent,SPX Mar-27 90/75 spread,spx,False,False,1996-01-31,,peak_-22,0.5498932773039281,0.0,0.0,-0.5498932773039281,1.5705325057348392,1.2155059132720105,0.0,False,False,False,False,12.58695982304603
1995-99,NonEvent,SPX Mar-27 90/75 spread,spx,False,False,1996-01-31,,tiered,0.5498932773039281,0.0,0.0,-0.5498932773039281,1.5705325057348392,1.2155059132720105,0.0,False,False,False,False,12.58695982304603
1995-99,NonEvent,SPX Mar-27 90/75 spread,spx,False,False,1996-01-31,,IPS,0.5498932773039281,0.2414826922861118,0.843856871936247,-0.4171035682305421,1.5705325057348392,1.2155059132720105,0.0,False,False,False,False,12.58695982304603
1995-99,NonEvent,SPX Mar-27 90/75 spread,spx,False,False,1996-02-29,,hold,0.7975222059771103,3.1049396251998245e-14,1.5776241624936547e-13,-0.7975222059770855,1.1259050235678165,0.2628120893561104,2.887593851435837e-14,False,False,False,False,15.493381214795587
1995-99,NonEvent,SPX Mar-27 90/75 spread,spx,False,False,1996-02-29,,v4_-22,0.7975222059771103,3.1049396251998245e-14,1.5776241624936547e-13,-0.7975222059770855,1.1259050235678165,0.2628120893561104,2.887593851435837e-14,False,False,False,False,15.493381214795587
1995-99,NonEvent,SPX Mar-27 90/75 spread,spx,False,False,1996-02-29,,peak_-22,0.7975222059771103,3.1049396251998245e-14,1.5776241624936547e-13,-0.7975222059770855,1.1259050235678165,0.2628120893561104,2.887593851435837e-14,False,False,False,False,15.493381214795587
1995-99,NonEvent,SPX Mar-27 90/75 spread,spx,False,False,1996-02-29,,tiered,0.7975222059771103,3.1049396251998245e-14,1.5776241624936547e-13,-0.7975222059770855,1.1259050235678165,0.2628120893561104,2.887593851435837e-14,False,False,False,False,15.493381214795587
1995-99,NonEvent,SPX Mar-27 90/75 spread,spx,False,False,1996-02-29,,IPS,0.7975222059771103,0.16154619149690924,0.8208184564875365,-0.6686855309672946,1.1259050235678165,0.2628120893561104,2.887593851435837e-14,False,False,False,False,15.493381214795587
1995-99,NonEvent,SPX Mar-27 90/75 spread,spx,False,False,1996-03-29,,hold,0.8918756010255297,0.0,0.0,-0.8918756010255297,1.089642556389668,3.8107752956636003,0.0,False,False,False,False,16.6283051970024
1995-99,NonEvent,SPX Mar-27 90/75 spread,spx,False,False,1996-03-29,,v4_-22,0.8918756010255297,0.0,0.0,-0.8918756010255297,1.089642556389668,3.8107752956636003,0.0,False,False,False,False,16.6283051970024
1995-99,NonEvent,SPX Mar-27 90/75 spread,spx,False,False,1996-03-29,,peak_-22,0.8918756010255297,0.0,0.0,-0.8918756010255297,1.089642556389668,3.8107752956636003,0.0,False,False,False,False,16.6283051970024
1995-99,NonEvent,SPX Mar-27 90/75 spread,spx,False,False,1996-03-29,,tiered,0.8918756010255297,0.0,0.0,-0.8918756010255297,1.089642556389668,3.8107752956636003,0.0,False,False,False,False,16.6283051970024
1995-99,NonEvent,SPX Mar-27 90/75 spread,spx,False,False,1996-03-29,,IPS,0.8918756010255297,0.22414242289645678,1.2903788111749883,-0.6919684428894338,1.089642556389668,3.8107752956636003,0.0,False,False,False,False,16.6283051970024
1995-99,NonEvent,SPX Mar-27 90/75 spread,spx,False,False,1996-04-30,,hold,0.7108763933091654,0.0,0.0,-0.7108763933091654,1.6094763436036217,2.759526938239159,0.0,False,False,False,False,14.765713581989726
1995-99,NonEvent,SPX Mar-27 90/75 spread,spx,False,False,1996-04-30,,v4_-22,0.7108763933091654,0.0,0.0,-0.7108763933091654,1.6094763436036217,2.759526938239159,0.0,False,False,False,False,14.765713581989726
1995-99,NonEvent,SPX Mar-27 90/75 spread,spx,False,False,1996-04-30,,peak_-22,0.7108763933091654,0.0,0.0,-0.7108763933091654,1.6094763436036217,2.759526938239159,0.0,False,False,False,False,14.765713581989726
1995-99,NonEvent,SPX Mar-27 90/75 spread,spx,False,False,1996-04-30,,tiered,0.7108763933091654,0.0,0.0,-0.7108763933091654,1.6094763436036217,2.759526938239159,0.0,False,False,False,False,14.765713581989726
1995-99,NonEvent,SPX Mar-27 90/75 spread,spx,False,False,1996-04-30,,IPS,0.7108763933091654,0.10854867464774505,0.5033000785746713,-0.6337117029770863,1.6094763436036217,2.759526938239159,0.0,False,False,False,False,14.765713581989726
1995-99,NonEvent,SPX Mar-27 90/75 spread,spx,False,False,1996-05-31,,hold,0.718488652298671,0.0,0.0,-0.718488652298671,1.8780403740782734,1.7411300919842312,0.0,False,False,False,False,14.921089086568411
1995-99,NonEvent,SPX Mar-27 90/75 spread,spx,False,False,1996-05-31,,v4_-22,0.718488652298671,0.0,0.0,-0.718488652298671,1.8780403740782734,1.7411300919842312,0.0,False,False,False,False,14.921089086568411
1995-99,NonEvent,SPX Mar-27 90/75 spread,spx,False,False,1996-05-31,,peak_-22,0.718488652298671,0.0,0.0,-0.718488652298671,1.8780403740782734,1.7411300919842312,0.0,False,False,False,False,14.921089086568411
1995-99,NonEvent,SPX Mar-27 90/75 spread,spx,False,False,1996-05-31,,tiered,0.718488652298671,0.0,0.0,-0.718488652298671,1.8780403740782734,1.7411300919842312,0.0,False,False,False,False,14.921089086568411
1995-99,NonEvent,SPX Mar-27 90/75 spread,spx,False,False,1996-05-31,,IPS,0.718488652298671,0.7998954334809453,3.821927937634778,-0.14377286031708542,1.8780403740782734,1.7411300919842312,0.0,False,False,False,False,14.921089086568411
1995-99,NonEvent,SPX Mar-27 90/75 spread,spx,False,False,1996-06-28,,hold,0.5904408925757278,0.0,0.0,-0.5904408925757278,2.408750291465549,0.8212877792378449,0.0,False,False,False,False,13.416290268836745
1995-99,NonEvent,SPX Mar-27 90/75 spread,spx,False,False,1996-06-28,,v4_-22,0.5904408925757278,0.0,0.0,-0.5904408925757278,2.408750291465549,0.8212877792378449,0.0,False,False,False,False,13.416290268836745
1995-99,NonEvent,SPX Mar-27 90/75 spread,spx,False,False,1996-06-28,,peak_-22,0.5904408925757278,0.0,0.0,-0.5904408925757278,2.408750291465549,0.8212877792378449,0.0,False,False,False,False,13.416290268836745
1995-99,NonEvent,SPX Mar-27 90/75 spread,spx,False,False,1996-06-28,,tiered,0.5904408925757278,0.0,0.0,-0.5904408925757278,2.408750291465549,0.8212877792378449,0.0,False,False,False,False,13.416290268836745
1995-99,NonEvent,SPX Mar-27 90/75 spread,spx,False,False,1996-06-28,,IPS,0.5904408925757278,1.1163360013521726,4.421628152121045,0.06868953247706781,2.408750291465549,0.8212877792378449,0.0,False,False,False,False,13.416290268836745
1995-99,NonEvent,SPX Mar-27 90/75 spread,spx,False,False,1996-07-31,,hold,0.9241478385640876,0.0,0.0,-0.9241478385640876,0.8691588785046729,0.0,0.0,False,False,False,False,17.109707285916578
1995-99,NonEvent,SPX Mar-27 90/75 spread,spx,False,False,1996-07-31,,v4_-22,0.9241478385640876,0.0,0.0,-0.9241478385640876,0.8691588785046729,0.0,0.0,False,False,False,False,17.109707285916578
1995-99,NonEvent,SPX Mar-27 90/75 spread,spx,False,False,1996-07-31,,peak_-22,0.9241478385640876,0.0,0.0,-0.9241478385640876,0.8691588785046729,0.0,0.0,False,False,False,False,17.109707285916578
1995-99,NonEvent,SPX Mar-27 90/75 spread,spx,False,False,1996-07-31,,tiered,0.9241478385640876,0.0,0.0,-0.9241478385640876,0.8691588785046729,0.0,0.0,False,False,False,False,17.109707285916578
1995-99,NonEvent,SPX Mar-27 90/75 spread,spx,False,False,1996-07-31,,IPS,0.9241478385640876,0.06983887038738154,0.41168487814903537,-0.8596063974478314,0.8691588785046729,0.0,0.0,False,False,False,False,17.109707285916578
1995-99,NonEvent,SPX Mar-27 90/75 spread,spx,False,False,1996-08-30,,hold,0.7855284860635091,2.5486065471787604e-11,1.300911587081669e-10,-0.785528486043489,1.0869204705588609,0.19710906701708278,2.3702040888762472e-11,False,False,False,False,15.666311643791628
1995-99,NonEvent,SPX Mar-27 90/75 spread,spx,False,False,1996-08-30,,v4_-22,0.7855284860635091,2.5486065471787604e-11,1.300911587081669e-10,-0.785528486043489,1.0869204705588609,0.19710906701708278,2.3702040888762472e-11,False,False,False,False,15.666311643791628
1995-99,NonEvent,SPX Mar-27 90/75 spread,spx,False,False,1996-08-30,,peak_-22,0.7855284860635091,2.5486065471787604e-11,1.300911587081669e-10,-0.785528486043489,1.0869204705588609,0.19710906701708278,2.3702040888762472e-11,False,False,False,False,15.666311643791628
1995-99,NonEvent,SPX Mar-27 90/75 spread,spx,False,False,1996-08-30,,tiered,0.7855284860635091,2.5486065471787604e-11,1.300911587081669e-10,-0.785528486043489,1.0869204705588609,0.19710906701708278,2.3702040888762472e-11,False,False,False,False,15.666311643791628
1995-99,NonEvent,SPX Mar-27 90/75 spread,spx,False,False,1996-08-30,,IPS,0.7855284860635091,0.07944982286828052,0.40554394429907575,-0.7231183869877748,1.0869204705588609,0.19710906701708278,2.3702040888762472e-11,False,False,False,False,15.666311643791628
1995-99,NonEvent,SPX Mar-27 90/75 spread,spx,False,False,1996-09-30,,hold,0.7968782199609211,0.0,0.0,-0.7968782199609211,0.8691588785046729,0.0,0.0,False,False,False,False,15.685253206264363
1995-99,NonEvent,SPX Mar-27 90/75 spread,spx,False,False,1996-09-30,,v4_-22,0.7968782199609211,0.0,0.0,-0.7968782199609211,0.8691588785046729,0.0,0.0,False,False,False,False,15.685253206264363
1995-99,NonEvent,SPX Mar-27 90/75 spread,spx,False,False,1996-09-30,,peak_-22,0.7968782199609211,0.0,0.0,-0.7968782199609211,0.8691588785046729,0.0,0.0,False,False,False,False,15.685253206264363
1995-99,NonEvent,SPX Mar-27 90/75 spread,spx,False,False,1996-09-30,,tiered,0.7968782199609211,0.0,0.0,-0.7968782199609211,0.8691588785046729,0.0,0.0,False,False,False,False,15.685253206264363
1995-99,NonEvent,SPX Mar-27 90/75 spread,spx,False,False,1996-09-30,,IPS,0.7968782199609211,0.05476850476098046,0.2994648315889131,-0.7532343913770698,0.8691588785046729,0.0,0.0,False,False,False,False,15.685253206264363
1995-99,NonEvent,SPX Mar-27 90/75 spread,spx,False,False,1996-10-31,,hold,0.8861217742292458,0.0,0.0,-0.8861217742292458,0.9180265908686925,1.5111695137976346,0.0,False,False,False,False,16.476563349453563
1995-99,NonEvent,SPX Mar-27 90/75 spread,spx,False,False,1996-10-31,,v4_-22,0.8861217742292458,0.0,0.0,-0.8861217742292458,0.9180265908686925,1.5111695137976346,0.0,False,False,False,False,16.476563349453563
1995-99,NonEvent,SPX Mar-27 90/75 spread,spx,False,False,1996-10-31,,peak_-22,0.8861217742292458,0.0,0.0,-0.8861217742292458,0.9180265908686925,1.5111695137976346,0.0,False,False,False,False,16.476563349453563
1995-99,NonEvent,SPX Mar-27 90/75 spread,spx,False,False,1996-10-31,,tiered,0.8861217742292458,0.0,0.0,-0.8861217742292458,0.9180265908686925,1.5111695137976346,0.0,False,False,False,False,16.476563349453563
1995-99,NonEvent,SPX Mar-27 90/75 spread,spx,False,False,1996-10-31,,IPS,0.8861217742292458,0.12518018932497338,0.7825572648323912,-0.7751968827662473,0.9180265908686925,1.5111695137976346,0.0,False,False,False,False,16.476563349453563
1995-99,NonEvent,SPX Mar-27 90/75 spread,spx,False,False,1996-11-29,,hold,0.8414409582050141,4.0284300512666075e-15,2.560797640236555e-14,-0.8414409582050106,1.5181377627382917,0.5584756898817346,3.746439947677945e-15,False,False,False,False,15.900527058859856
1995-99,NonEvent,SPX Mar-27 90/75 spread,spx,False,False,1996-11-29,,v4_-22,0.8414409582050141,4.0284300512666075e-15,2.560797640236555e-14,-0.8414409582050106,1.5181377627382917,0.5584756898817346,3.746439947677945e-15,False,False,False,False,15.900527058859856
1995-99,NonEvent,SPX Mar-27 90/75 spread,spx,False,False,1996-11-29,,peak_-22,0.8414409582050141,4.0284300512666075e-15,2.560797640236555e-14,-0.8414409582050106,1.5181377627382917,0.5584756898817346,3.746439947677945e-15,False,False,False,False,15.900527058859856
1995-99,NonEvent,SPX Mar-27 90/75 spread,spx,False,False,1996-11-29,,tiered,0.8414409582050141,4.0284300512666075e-15,2.560797640236555e-14,-0.8414409582050106,1.5181377627382917,0.5584756898817346,3.746439947677945e-15,False,False,False,False,15.900527058859856
1995-99,NonEvent,SPX Mar-27 90/75 spread,spx,False,False,1996-11-29,,IPS,0.8414409582050141,0.22576186731257888,1.435125966473406,-0.6514756762473645,1.5181377627382917,0.5584756898817346,3.746439947677945e-15,False,False,False,False,15.900527058859856
1995-99,NonEvent,SPX Mar-27 90/75 spread,spx,False,False,1996-12-31,,hold,1.0547317914921785,0.0,0.0,-1.0547317914921785,0.8691588785046728,0.0,0.0,False,False,False,False,18.33545236682187
1995-99,NonEvent,SPX Mar-27 90/75 spread,spx,False,False,1996-12-31,,v4_-22,1.0547317914921785,0.0,0.0,-1.0547317914921785,0.8691588785046728,0.0,0.0,False,False,False,False,18.33545236682187
1995-99,NonEvent,SPX Mar-27 90/75 spread,spx,False,False,1996-12-31,,peak_-22,1.0547317914921785,0.0,0.0,-1.0547317914921785,0.8691588785046728,0.0,0.0,False,False,False,False,18.33545236682187
1995-99,NonEvent,SPX Mar-27 90/75 spread,spx,False,False,1996-12-31,,tiered,1.0547317914921785,0.0,0.0,-1.0547317914921785,0.8691588785046728,0.0,0.0,False,False,False,False,18.33545236682187
1995-99,NonEvent,SPX Mar-27 90/75 spread,spx,False,False,1996-12-31,,IPS,1.0547317914921785,0.053556480187639394,0.41650146077104855,-0.9982440691978545,0.8691588785046728,0.0,0.0,False,False,False,False,18.33545236682187
1995-99,NonEvent,SPX Mar-27 90/75 spread,spx,False,False,1997-01-31,,hold,0.9804816198627738,9.875504830562244e-13,7.579190929299367e-12,-0.9804816198618057,1.270836761897561,2.299605781865966,9.184219492422886e-13,False,False,False,False,17.57080478698371
1995-99,NonEvent,SPX Mar-27 90/75 spread,spx,False,False,1997-01-31,,v4_-22,0.9804816198627738,9.875504830562244e-13,7.579190929299367e-12,-0.9804816198618057,1.270836761897561,2.299605781865966,9.184219492422886e-13,False,False,False,False,17.57080478698371
1995-99,NonEvent,SPX Mar-27 90/75 spread,spx,False,False,1997-01-31,,peak_-22,0.9804816198627738,9.875504830562244e-13,7.579190929299367e-12,-0.9804816198618057,1.270836761897561,2.299605781865966,9.184219492422886e-13,False,False,False,False,17.57080478698371
1995-99,NonEvent,SPX Mar-27 90/75 spread,spx,False,False,1997-01-31,,tiered,0.9804816198627738,9.875504830562244e-13,7.579190929299367e-12,-0.9804816198618057,1.270836761897561,2.299605781865966,9.184219492422886e-13,False,False,False,False,17.57080478698371
1995-99,NonEvent,SPX Mar-27 90/75 spread,spx,False,False,1997-01-31,,IPS,0.9804816198627738,0.0766651581869344,0.5883849803054906,-0.9053128413766126,1.270836761897561,2.299605781865966,9.184219492422886e-13,False,False,False,False,17.57080478698371
1995-99,NonEvent,SPX Mar-27 90/75 spread,spx,False,False,1997-02-28,,hold,1.0734805974283426,-2.9872866245531725e-15,-2.5274196826236786e-14,-1.073480597428346,1.235695629715254,1.3797634691195795,-2.7781765608344503e-15,False,False,False,False,18.588465451412965
1995-99,NonEvent,SPX Mar-27 90/75 spread,spx,False,False,1997-02-28,,v4_-22,1.0734805974283426,-2.9872866245531725e-15,-2.5274196826236786e-14,-1.073480597428346,1.235695629715254,1.3797634691195795,-2.7781765608344503e-15,False,False,False,False,18.588465451412965
1995-99,NonEvent,SPX Mar-27 90/75 spread,spx,False,False,1997-02-28,,peak_-22,1.0734805974283426,-2.9872866245531725e-15,-2.5274196826236786e-14,-1.073480597428346,1.235695629715254,1.3797634691195795,-2.7781765608344503e-15,False,False,False,False,18.588465451412965
1995-99,NonEvent,SPX Mar-27 90/75 spread,spx,False,False,1997-02-28,,tiered,1.0734805974283426,-2.9872866245531725e-15,-2.5274196826236786e-14,-1.073480597428346,1.235695629715254,1.3797634691195795,-2.7781765608344503e-15,False,False,False,False,18.588465451412965
1995-99,NonEvent,SPX Mar-27 90/75 spread,spx,False,False,1997-02-28,,IPS,1.0734805974283426,0.04305556166860447,0.3642753029228501,-1.0272612873657163,1.235695629715254,1.3797634691195795,-2.7781765608344503e-15,False,False,False,False,18.588465451412965
1995-99,NonEvent,SPX Mar-27 90/75 spread,spx,False,False,1997-03-31,,hold,1.1206248166288768,0.0,0.0,-1.1206248166288768,0.8691588785046728,0.0,0.0,False,False,False,False,19.257949009658255
1995-99,NonEvent,SPX Mar-27 90/75 spread,spx,False,False,1997-03-31,,v4_-22,1.1206248166288768,0.0,0.0,-1.1206248166288768,0.8691588785046728,0.0,0.0,False,False,False,False,19.257949009658255
1995-99,NonEvent,SPX Mar-27 90/75 spread,spx,False,False,1997-03-31,,peak_-22,1.1206248166288768,0.0,0.0,-1.1206248166288768,0.8691588785046728,0.0,0.0,False,False,False,False,19.257949009658255
1995-99,NonEvent,SPX Mar-27 90/75 spread,spx,False,False,1997-03-31,,tiered,1.1206248166288768,0.0,0.0,-1.1206248166288768,0.8691588785046728,0.0,0.0,False,False,False,False,19.257949009658255
1995-99,NonEvent,SPX Mar-27 90/75 spread,spx,False,False,1997-03-31,,IPS,1.1206248166288768,0.0663093500232388,0.5576473750388977,-1.0463169134183048,0.8691588785046728,0.0,0.0,False,False,False,False,19.257949009658255
1995-99,NonEvent,SPX Mar-27 90/75 spread,spx,False,False,1997-04-30,,hold,1.0149899035559915,4.97033039454754e-13,4.028658606166404e-12,-1.014989903555487,0.8691588785046728,0.0,4.622407266929212e-13,False,False,False,False,18.05202915856649
1995-99,NonEvent,SPX Mar-27 90/75 spread,spx,False,False,1997-04-30,,v4_-22,1.0149899035559915,4.97033039454754e-13,4.028658606166404e-12,-1.014989903555487,0.8691588785046728,0.0,4.622407266929212e-13,False,False,False,False,18.05202915856649
1995-99,NonEvent,SPX Mar-27 90/75 spread,spx,False,False,1997-04-30,,peak_-22,1.0149899035559915,4.97033039454754e-13,4.028658606166404e-12,-1.014989903555487,0.8691588785046728,0.0,4.622407266929212e-13,False,False,False,False,18.05202915856649
1995-99,NonEvent,SPX Mar-27 90/75 spread,spx,False,False,1997-04-30,,tiered,1.0149899035559915,4.97033039454754e-13,4.028658606166404e-12,-1.014989903555487,0.8691588785046728,0.0,4.622407266929212e-13,False,False,False,False,18.05202915856649
1995-99,NonEvent,SPX Mar-27 90/75 spread,spx,False,False,1997-04-30,,IPS,1.0149899035559915,0.05065052289714286,0.4105434624632807,-0.9635801342055599,0.8691588785046728,0.0,4.622407266929212e-13,False,False,False,False,18.05202915856649
1995-99,NonEvent,SPX Mar-27 90/75 spread,spx,False,False,1997-05-30,,hold,0.9751083198470226,0.0,0.0,-0.9751083198470226,0.9868742875081792,5.026281208935611,0.0,False,False,False,False,17.567957611455945
1995-99,NonEvent,SPX Mar-27 90/75 spread,spx,False,False,1997-05-30,,v4_-22,0.9751083198470226,0.0,0.0,-0.9751083198470226,0.9868742875081792,5.026281208935611,0.0,False,False,False,False,17.567957611455945
1995-99,NonEvent,SPX Mar-27 90/75 spread,spx,False,False,1997-05-30,,peak_-22,0.9751083198470226,0.0,0.0,-0.9751083198470226,0.9868742875081792,5.026281208935611,0.0,False,False,False,False,17.567957611455945
1995-99,NonEvent,SPX Mar-27 90/75 spread,spx,False,False,1997-05-30,,tiered,0.9751083198470226,0.0,0.0,-0.9751083198470226,0.9868742875081792,5.026281208935611,0.0,False,False,False,False,17.567957611455945
1995-99,NonEvent,SPX Mar-27 90/75 spread,spx,False,False,1997-05-30,,IPS,0.9751083198470226,0.6323924408556132,5.2245444022748515,-0.35845718936034804,0.9868742875081792,5.026281208935611,0.0,False,False,False,False,17.567957611455945
1995-99,NonEvent,SPX Mar-27 90/75 spread,spx,False,False,1997-06-30,,hold,1.1216491745827513,0.0,0.0,-1.1216491745827513,1.3334359750816505,4.0078843626806835,0.0,False,False,False,False,19.103961520677174
1995-99,NonEvent,SPX Mar-27 90/75 spread,spx,False,False,1997-06-30,,v4_-22,1.1216491745827513,0.0,0.0,-1.1216491745827513,1.3334359750816505,4.0078843626806835,0.0,False,False,False,False,19.103961520677174
1995-99,NonEvent,SPX Mar-27 90/75 spread,spx,False,False,1997-06-30,,peak_-22,1.1216491745827513,0.0,0.0,-1.1216491745827513,1.3334359750816505,4.0078843626806835,0.0,False,False,False,False,19.103961520677174
1995-99,NonEvent,SPX Mar-27 90/75 spread,spx,False,False,1997-06-30,,tiered,1.1216491745827513,0.0,0.0,-1.1216491745827513,1.3334359750816505,4.0078843626806835,0.0,False,False,False,False,19.103961520677174
1995-99,NonEvent,SPX Mar-27 90/75 spread,spx,False,False,1997-06-30,,IPS,1.1216491745827513,0.15304530467901037,1.5122696986703292,-0.9499860349157737,1.3334359750816505,4.0078843626806835,0.0,False,False,False,False,19.103961520677174
1995-99,NonEvent,SPX Mar-27 90/75 spread,spx,False,False,1997-07-31,,hold,1.149312135610644,0.0,0.0,-1.149312135610644,2.1049901678834644,2.890932982917214,0.0,False,False,False,False,19.206405409213666
1995-99,NonEvent,SPX Mar-27 90/75 spread,spx,False,False,1997-07-31,,v4_-22,1.149312135610644,0.0,0.0,-1.149312135610644,2.1049901678834644,2.890932982917214,0.0,False,False,False,False,19.206405409213666
1995-99,NonEvent,SPX Mar-27 90/75 spread,spx,False,False,1997-07-31,,peak_-22,1.149312135610644,0.0,0.0,-1.149312135610644,2.1049901678834644,2.890932982917214,0.0,False,False,False,False,19.206405409213666
1995-99,NonEvent,SPX Mar-27 90/75 spread,spx,False,False,1997-07-31,,tiered,1.149312135610644,0.0,0.0,-1.149312135610644,2.1049901678834644,2.890932982917214,0.0,False,False,False,False,19.206405409213666
1995-99,NonEvent,SPX Mar-27 90/75 spread,spx,False,False,1997-07-31,,IPS,1.149312135610644,1.2268643425575,13.410300491439365,0.2607379420386651,2.1049901678834644,2.890932982917214,0.0,False,False,False,False,19.206405409213666
1995-99,NonEvent,SPX Mar-27 90/75 spread,spx,False,False,1997-08-29,,hold,1.3365435270331603,3.072698171476213e-15,3.695878736843727e-14,-1.3365435270331563,1.3678817356381487,2.0367936925098555,2.857609299472878e-15,False,False,False,False,21.32629995909386
1995-99,NonEvent,SPX Mar-27 90/75 spread,spx,False,False,1997-08-29,,v4_-22,1.3365435270331603,3.072698171476213e-15,3.695878736843727e-14,-1.3365435270331563,1.3678817356381487,2.0367936925098555,2.857609299472878e-15,False,False,False,False,21.32629995909386
1995-99,NonEvent,SPX Mar-27 90/75 spread,spx,False,False,1997-08-29,,peak_-22,1.3365435270331603,3.072698171476213e-15,3.695878736843727e-14,-1.3365435270331563,1.3678817356381487,2.0367936925098555,2.857609299472878e-15,False,False,False,False,21.32629995909386
1995-99,NonEvent,SPX Mar-27 90/75 spread,spx,False,False,1997-08-29,,tiered,1.3365435270331603,3.072698171476213e-15,3.695878736843727e-14,-1.3365435270331563,1.3678817356381487,2.0367936925098555,2.857609299472878e-15,False,False,False,False,21.32629995909386
1995-99,NonEvent,SPX Mar-27 90/75 spread,spx,False,False,1997-08-29,,IPS,1.3365435270331603,0.0911830935600975,1.0967613408201795,-1.2146733535605527,1.3678817356381487,2.0367936925098555,2.857609299472878e-15,False,False,False,False,21.32629995909386
1995-99,NonEvent,SPX Mar-27 90/75 spread,spx,False,False,1997-09-30,,hold,1.2475575231336553,0.0,0.0,-1.2475575231336553,1.8210371273914185,0.8869908015768725,0.0,False,False,False,False,20.316918055201644
1995-99,NonEvent,SPX Mar-27 90/75 spread,spx,False,False,1997-09-30,,v4_-22,1.2475575231336553,0.0,0.0,-1.2475575231336553,1.8210371273914185,0.8869908015768725,0.0,False,False,False,False,20.316918055201644
1995-99,NonEvent,SPX Mar-27 90/75 spread,spx,False,False,1997-09-30,,peak_-22,1.2475575231336553,0.0,0.0,-1.2475575231336553,1.8210371273914185,0.8869908015768725,0.0,False,False,False,False,20.316918055201644
1995-99,NonEvent,SPX Mar-27 90/75 spread,spx,False,False,1997-09-30,,tiered,1.2475575231336553,0.0,0.0,-1.2475575231336553,1.8210371273914185,0.8869908015768725,0.0,False,False,False,False,20.316918055201644
1995-99,NonEvent,SPX Mar-27 90/75 spread,spx,False,False,1997-09-30,,IPS,1.2475575231336553,0.09430088325282575,1.1128349275573268,-1.129911746793444,1.8210371273914185,0.8869908015768725,0.0,False,False,False,False,20.316918055201644
1995-99,NonEvent,SPX Mar-27 90/75 spread,spx,False,False,1997-10-31,,hold,1.924052567028948,2.006201833750969e-15,3.5430833723078844e-14,-1.924052567028944,0.9896502580951567,0.39421813403416556,1.865767705388401e-15,False,False,False,False,27.331303174985454
1995-99,NonEvent,SPX Mar-27 90/75 spread,spx,False,False,1997-10-31,,v4_-22,1.924052567028948,2.006201833750969e-15,3.5430833723078844e-14,-1.924052567028944,0.9896502580951567,0.39421813403416556,1.865767705388401e-15,False,False,False,False,27.331303174985454
1995-99,NonEvent,SPX Mar-27 90/75 spread,spx,False,False,1997-10-31,,peak_-22,1.924052567028948,2.006201833750969e-15,3.5430833723078844e-14,-1.924052567028944,0.9896502580951567,0.39421813403416556,1.865767705388401e-15,False,False,False,False,27.331303174985454
1995-99,NonEvent,SPX Mar-27 90/75 spread,spx,False,False,1997-10-31,,tiered,1.924052567028948,2.006201833750969e-15,3.5430833723078844e-14,-1.924052567028944,0.9896502580951567,0.39421813403416556,1.865767705388401e-15,False,False,False,False,27.331303174985454
1995-99,NonEvent,SPX Mar-27 90/75 spread,spx,False,False,1997-10-31,,IPS,1.924052567028948,0.04603233858489212,0.812961142217873,-1.8354839278083406,0.9896502580951567,0.39421813403416556,1.865767705388401e-15,False,False,False,False,27.331303174985454
1995-99,NonEvent,SPX Mar-27 90/75 spread,spx,False,False,1997-11-28,,hold,1.5264356147843763,-1.071857759339502e-15,-1.5553301604987178e-14,-1.526435614784378,1.0631840302340896,1.3797634691195795,-9.96827716185737e-16,False,False,False,False,23.100420001326953
1995-99,NonEvent,SPX Mar-27 90/75 spread,spx,False,False,1997-11-28,,v4_-22,1.5264356147843763,-1.071857759339502e-15,-1.5553301604987178e-14,-1.526435614784378,1.0631840302340896,1.3797634691195795,-9.96827716185737e-16,False,False,False,False,23.100420001326953
1995-99,NonEvent,SPX Mar-27 90/75 spread,spx,False,False,1997-11-28,,peak_-22,1.5264356147843763,-1.071857759339502e-15,-1.5553301604987178e-14,-1.526435614784378,1.0631840302340896,1.3797634691195795,-9.96827716185737e-16,False,False,False,False,23.100420001326953
1995-99,NonEvent,SPX Mar-27 90/75 spread,spx,False,False,1997-11-28,,tiered,1.5264356147843763,-1.071857759339502e-15,-1.5553301604987178e-14,-1.526435614784378,1.0631840302340896,1.3797634691195795,-9.96827716185737e-16,False,False,False,False,23.100420001326953
1995-99,NonEvent,SPX Mar-27 90/75 spread,spx,False,False,1997-11-28,,IPS,1.5264356147843763,0.07711744153614988,1.1190205199949437,-1.408720805502545,1.0631840302340896,1.3797634691195795,-9.96827716185737e-16,False,False,False,False,23.100420001326953
1995-99,NonEvent,SPX Mar-27 90/75 spread,spx,False,False,1997-12-31,,hold,1.3516902262645096,0.0,0.0,-1.3516902262645096,1.3186539667441475,0.2956636005256242,0.0,False,False,False,False,21.223720529237383
1995-99,NonEvent,SPX Mar-27 90/75 spread,spx,False,False,1997-12-31,,v4_-22,1.3516902262645096,0.0,0.0,-1.3516902262645096,1.3186539667441475,0.2956636005256242,0.0,False,False,False,False,21.223720529237383
1995-99,NonEvent,SPX Mar-27 90/75 spread,spx,False,False,1997-12-31,,peak_-22,1.3516902262645096,0.0,0.0,-1.3516902262645096,1.3186539667441475,0.2956636005256242,0.0,False,False,False,False,21.223720529237383
1995-99,NonEvent,SPX Mar-27 90/75 spread,spx,False,False,1997-12-31,,tiered,1.3516902262645096,0.0,0.0,-1.3516902262645096,1.3186539667441475,0.2956636005256242,0.0,False,False,False,False,21.223720529237383
1995-99,NonEvent,SPX Mar-27 90/75 spread,spx,False,False,1997-12-31,,IPS,1.3516902262645096,0.06774240476742562,0.8861804746531862,-1.2601234798367262,1.3186539667441475,0.2956636005256242,0.0,False,False,False,False,21.223720529237383
1995-99,NonEvent,SPX Mar-27 90/75 spread,spx,False,False,1998-01-30,,hold,1.2255134206532574,4.903740886445795e-05,0.0005900242713158934,-1.2254533246505799,0.8691588785046727,0.0,4.18029927103158e-05,False,False,False,False,19.811847646523603
1995-99,NonEvent,SPX Mar-27 90/75 spread,spx,False,False,1998-01-30,,v4_-22,1.2255134206532574,4.903740886445795e-05,0.0005900242713158934,-1.2254533246505799,0.8691588785046727,0.0,4.18029927103158e-05,False,False,False,False,19.811847646523603
1995-99,NonEvent,SPX Mar-27 90/75 spread,spx,False,False,1998-01-30,,peak_-22,1.2255134206532574,4.903740886445795e-05,0.0005900242713158934,-1.2254533246505799,0.8691588785046727,0.0,4.18029927103158e-05,False,False,False,False,19.811847646523603
1995-99,NonEvent,SPX Mar-27 90/75 spread,spx,False,False,1998-01-30,,tiered,1.2255134206532574,4.903740886445795e-05,0.0005900242713158934,-1.2254533246505799,0.8691588785046727,0.0,4.18029927103158e-05,False,False,False,False,19.811847646523603
1995-99,NonEvent,SPX Mar-27 90/75 spread,spx,False,False,1998-01-30,,IPS,1.2255134206532574,0.03484949055781802,0.4193134537132925,-1.1828049022717226,0.8691588785046727,0.0,4.18029927103158e-05,False,False,False,False,19.811847646523603
1995-99,NonEvent,SPX Mar-27 90/75 spread,spx,False,False,1998-02-27,,hold,1.044400133170311,0.0008389859447532846,0.009173768222782463,-1.0435238961378828,2.608723897295149,6.077529566360052,0.0007802569286205545,False,False,False,False,18.02594197112353
1995-99,NonEvent,SPX Mar-27 90/75 spread,spx,False,False,1998-02-27,,v4_-22,1.044400133170311,0.0008389859447532846,0.009173768222782463,-1.0435238961378828,2.608723897295149,6.077529566360052,0.0007802569286205545,False,False,False,False,18.02594197112353
1995-99,NonEvent,SPX Mar-27 90/75 spread,spx,False,False,1998-02-27,,peak_-22,1.044400133170311,0.0008389859447532846,0.009173768222782463,-1.0435238961378828,2.608723897295149,6.077529566360052,0.0007802569286205545,False,False,False,False,18.02594197112353
1995-99,NonEvent,SPX Mar-27 90/75 spread,spx,False,False,1998-02-27,,tiered,1.044400133170311,0.0008389859447532846,0.009173768222782463,-1.0435238961378828,2.608723897295149,6.077529566360052,0.0007802569286205545,False,False,False,False,18.02594197112353
1995-99,NonEvent,SPX Mar-27 90/75 spread,spx,False,False,1998-02-27,,IPS,1.044400133170311,0.6397555461273137,6.995312777423753,-0.3762393555984995,2.608723897295149,6.077529566360052,0.0007802569286205545,False,False,False,False,18.02594197112353
1995-99,NonEvent,SPX Mar-27 90/75 spread,spx,False,False,1998-03-31,,hold,1.4094609250375871,1.4561966260355065e-08,2.2537007836475492e-07,-1.4094609045130646,3.0176632286890377,5.026281208935611,1.354262862213021e-08,False,False,False,False,21.807503840592545
1995-99,NonEvent,SPX Mar-27 90/75 spread,spx,False,False,1998-03-31,,v4_-22,1.4094609250375871,1.4561966260355065e-08,2.2537007836475492e-07,-1.4094609045130646,3.0176632286890377,5.026281208935611,1.354262862213021e-08,False,False,False,False,21.807503840592545
1995-99,NonEvent,SPX Mar-27 90/75 spread,spx,False,False,1998-03-31,,peak_-22,1.4094609250375871,1.4561966260355065e-08,2.2537007836475492e-07,-1.4094609045130646,3.0176632286890377,5.026281208935611,1.354262862213021e-08,False,False,False,False,21.807503840592545
1995-99,NonEvent,SPX Mar-27 90/75 spread,spx,False,False,1998-03-31,,tiered,1.4094609250375871,1.508831621625502,23.351619879159664,0.7171782881046557,3.0176632286890377,5.026281208935611,1.354262862213021e-08,False,False,False,False,21.807503840592545
1995-99,NonEvent,SPX Mar-27 90/75 spread,spx,False,False,1998-03-31,,IPS,1.4094609250375871,2.071018300848017,32.05237180281576,1.5095584450454311,3.0176632286890377,5.026281208935611,1.354262862213021e-08,False,False,False,False,21.807503840592545
1995-99,NonEvent,SPX Mar-27 90/75 spread,spx,False,False,1998-04-30,,hold,1.2447358642595627,0.0,0.0,-1.2447358642595627,3.5653581050371024,4.040735873850197,0.0,False,False,False,False,20.121495719675746
1995-99,NonEvent,SPX Mar-27 90/75 spread,spx,False,False,1998-04-30,,v4_-22,1.2447358642595627,0.0,0.0,-1.2447358642595627,3.5653581050371024,4.040735873850197,0.0,False,False,False,False,20.121495719675746
1995-99,NonEvent,SPX Mar-27 90/75 spread,spx,False,False,1998-04-30,,peak_-22,1.2447358642595627,0.0,0.0,-1.2447358642595627,3.5653581050371024,4.040735873850197,0.0,False,False,False,False,20.121495719675746
1995-99,NonEvent,SPX Mar-27 90/75 spread,spx,False,False,1998-04-30,,tiered,1.2447358642595627,1.7826790525185512,24.663156995983726,0.9742286868745343,3.5653581050371024,4.040735873850197,0.0,False,False,False,False,20.121495719675746
1995-99,NonEvent,SPX Mar-27 90/75 spread,spx,False,False,1998-04-30,,IPS,1.2447358642595627,2.598319009733071,35.947440775814485,1.9894849939425823,3.5653581050371024,4.040735873850197,0.0,False,False,False,False,20.121495719675746
1995-99,NonEvent,SPX Mar-27 90/75 spread,spx,False,False,1998-05-29,,hold,1.2724154011905169,0.0,0.0,-1.2724154011905169,3.0091526684724066,3.088042049934297,0.0,False,False,False,False,20.381690530040437
1995-99,NonEvent,SPX Mar-27 90/75 spread,spx,False,False,1998-05-29,,v4_-22,1.2724154011905169,0.0,0.0,-1.2724154011905169,3.0091526684724066,3.088042049934297,0.0,False,False,False,False,20.381690530040437
1995-99,NonEvent,SPX Mar-27 90/75 spread,spx,False,False,1998-05-29,,peak_-22,1.2724154011905169,0.0,0.0,-1.2724154011905169,3.0091526684724066,3.088042049934297,0.0,False,False,False,False,20.381690530040437
1995-99,NonEvent,SPX Mar-27 90/75 spread,spx,False,False,1998-05-29,,tiered,1.2724154011905169,1.5045763342362033,20.804477212754858,0.6420306987583991,3.0091526684724066,3.088042049934297,0.0,False,False,False,False,20.381690530040437
1995-99,NonEvent,SPX Mar-27 90/75 spread,spx,False,False,1998-05-29,,IPS,1.2724154011905169,2.1736778523293228,30.056455307475197,1.4934057753400394,3.0091526684724066,3.088042049934297,0.0,False,False,False,False,20.381690530040437
1995-99,NonEvent,SPX Mar-27 90/75 spread,spx,False,False,1998-06-30,,hold,1.182575910972302,0.0,0.0,-1.182575910972302,3.8378445962336696,3.2851511169513796,0.0,False,False,False,False,19.420189880246905
1995-99,NonEvent,SPX Mar-27 90/75 spread,spx,False,False,1998-06-30,,v4_-22,1.182575910972302,0.0,0.0,-1.182575910972302,3.8378445962336696,3.2851511169513796,0.0,False,False,False,False,19.420189880246905
1995-99,NonEvent,SPX Mar-27 90/75 spread,spx,False,False,1998-06-30,,peak_-22,1.182575910972302,0.0,0.0,-1.182575910972302,3.8378445962336696,3.2851511169513796,0.0,False,False,False,False,19.420189880246905
1995-99,NonEvent,SPX Mar-27 90/75 spread,spx,False,False,1998-06-30,,tiered,1.182575910972302,1.8639357893045267,24.92017837853297,1.0216696530583755,3.8378445962336696,3.2851511169513796,0.0,False,False,False,False,19.420189880246905
1995-99,NonEvent,SPX Mar-27 90/75 spread,spx,False,False,1998-06-30,,IPS,1.182575910972302,2.709294307894399,36.22233009317564,2.0213702732779897,3.8378445962336696,3.2851511169513796,0.0,False,False,False,False,19.420189880246905
1995-99,NonEvent,SPX Mar-27 90/75 spread,spx,False,False,1998-07-31,,hold,1.5009211490906442,7.16502202167908e-10,1.1994162842735544e-08,-1.5009211480152307,2.7213166672800537,2.266754270696452,6.663470480161544e-10,False,False,False,False,22.739364972256485
1995-99,NonEvent,SPX Mar-27 90/75 spread,spx,False,False,1998-07-31,,v4_-22,1.5009211490906442,7.16502202167908e-10,1.1994162842735544e-08,-1.5009211480152307,2.7213166672800537,2.266754270696452,6.663470480161544e-10,False,False,False,False,22.739364972256485
1995-99,NonEvent,SPX Mar-27 90/75 spread,spx,False,False,1998-07-31,,peak_-22,1.5009211490906442,7.16502202167908e-10,1.1994162842735544e-08,-1.5009211480152307,2.7213166672800537,2.266754270696452,6.663470480161544e-10,False,False,False,False,22.739364972256485
1995-99,NonEvent,SPX Mar-27 90/75 spread,spx,False,False,1998-07-31,,tiered,1.5009211490906442,1.3221522504300254,22.132673628309014,0.48352512589757074,2.7213166672800537,2.266754270696452,6.663470480161544e-10,False,False,False,False,22.739364972256485
1995-99,NonEvent,SPX Mar-27 90/75 spread,spx,False,False,1998-07-31,,IPS,1.5009211490906442,1.3802433874939886,23.105112450627615,0.5707153420915965,2.7213166672800537,2.266754270696452,6.663470480161544e-10,False,False,False,False,22.739364972256485
1995-99,NonEvent,SPX Mar-27 90/75 spread,spx,False,False,1998-08-31,,hold,2.529601559932782,0.0,0.0,-2.529601559932782,0.876179220225269,1.2483574244415243,0.0,False,False,False,False,33.97487012746204
1995-99,NonEvent,SPX Mar-27 90/75 spread,spx,False,False,1998-08-31,,v4_-22,2.529601559932782,0.0,0.0,-2.529601559932782,0.876179220225269,1.2483574244415243,0.0,False,False,False,False,33.97487012746204
1995-99,NonEvent,SPX Mar-27 90/75 spread,spx,False,False,1998-08-31,,peak_-22,2.529601559932782,0.0,0.0,-2.529601559932782,0.876179220225269,1.2483574244415243,0.0,False,False,False,False,33.97487012746204
1995-99,NonEvent,SPX Mar-27 90/75 spread,spx,False,False,1998-08-31,,tiered,2.529601559932782,0.0,0.0,-2.529601559932782,0.876179220225269,1.2483574244415243,0.0,False,False,False,False,33.97487012746204
1995-99,NonEvent,SPX Mar-27 90/75 spread,spx,False,False,1998-08-31,,IPS,2.529601559932782,0.041463256069146186,0.9975871315008462,-2.424716042700377,0.876179220225269,1.2483574244415243,0.0,False,False,False,False,33.97487012746204
1995-99,NonEvent,SPX Mar-27 90/75 spread,spx,False,False,1998-09-30,,hold,2.4350349397011906,0.0,0.0,-2.4350349397011906,1.1336317244867176,0.2628120893561104,0.0,False,False,False,False,32.307481410176976
1995-99,NonEvent,SPX Mar-27 90/75 spread,spx,False,False,1998-09-30,,v4_-22,2.4350349397011906,0.0,0.0,-2.4350349397011906,1.1336317244867176,0.2628120893561104,0.0,False,False,False,False,32.307481410176976
1995-99,NonEvent,SPX Mar-27 90/75 spread,spx,False,False,1998-09-30,,peak_-22,2.4350349397011906,0.0,0.0,-2.4350349397011906,1.1336317244867176,0.2628120893561104,0.0,False,False,False,False,32.307481410176976
1995-99,NonEvent,SPX Mar-27 90/75 spread,spx,False,False,1998-09-30,,tiered,2.4350349397011906,0.0,0.0,-2.4350349397011906,1.1336317244867176,0.2628120893561104,0.0,False,False,False,False,32.307481410176976
1995-99,NonEvent,SPX Mar-27 90/75 spread,spx,False,False,1998-09-30,,IPS,2.4350349397011906,0.030723536750630935,0.759932902907884,-2.3602220542422105,1.1336317244867176,0.2628120893561104,0.0,False,False,False,False,32.307481410176976
1995-99,NonEvent,SPX Mar-27 90/75 spread,spx,False,False,1998-10-30,,hold,1.7668971220651648,9.550775017270522e-14,1.851508036587714e-12,-1.7668971220649958,0.8691588785046728,0.0,8.882220766061585e-14,False,False,False,False,25.018596346306904
1995-99,NonEvent,SPX Mar-27 90/75 spread,spx,False,False,1998-10-30,,v4_-22,1.7668971220651648,9.550775017270522e-14,1.851508036587714e-12,-1.7668971220649958,0.8691588785046728,0.0,8.882220766061585e-14,False,False,False,False,25.018596346306904
1995-99,NonEvent,SPX Mar-27 90/75 spread,spx,False,False,1998-10-30,,peak_-22,1.7668971220651648,9.550775017270522e-14,1.851508036587714e-12,-1.7668971220649958,0.8691588785046728,0.0,8.882220766061585e-14,False,False,False,False,25.018596346306904
1995-99,NonEvent,SPX Mar-27 90/75 spread,spx,False,False,1998-10-30,,tiered,1.7668971220651648,9.550775017270522e-14,1.851508036587714e-12,-1.7668971220649958,0.8691588785046728,0.0,8.882220766061585e-14,False,False,False,False,25.018596346306904
1995-99,NonEvent,SPX Mar-27 90/75 spread,spx,False,False,1998-10-30,,IPS,1.7668971220651648,0.047634937185624344,0.9234482946363,-1.68273108864213,0.8691588785046728,0.0,8.882220766061585e-14,False,False,False,False,25.018596346306904
1995-99,NonEvent,SPX Mar-27 90/75 spread,spx,False,False,1998-11-30,,hold,1.645306477178931,0.0,0.0,-1.645306477178931,1.1128988331553065,0.45992115637319314,0.0,False,False,False,False,23.842325440961545
1995-99,NonEvent,SPX Mar-27 90/75 spread,spx,False,False,1998-11-30,,v4_-22,1.645306477178931,0.0,0.0,-1.645306477178931,1.1128988331553065,0.45992115637319314,0.0,False,False,False,False,23.842325440961545
1995-99,NonEvent,SPX Mar-27 90/75 spread,spx,False,False,1998-11-30,,peak_-22,1.645306477178931,0.0,0.0,-1.645306477178931,1.1128988331553065,0.45992115637319314,0.0,False,False,False,False,23.842325440961545
1995-99,NonEvent,SPX Mar-27 90/75 spread,spx,False,False,1998-11-30,,tiered,1.645306477178931,0.0,0.0,-1.645306477178931,1.1128988331553065,0.45992115637319314,0.0,False,False,False,False,23.842325440961545
1995-99,NonEvent,SPX Mar-27 90/75 spread,spx,False,False,1998-11-30,,IPS,1.645306477178931,0.11072194964542852,2.1091638835887587,-1.4631349362614279,1.1128988331553065,0.45992115637319314,0.0,False,False,False,False,23.842325440961545
1995-99,NonEvent,SPX Mar-27 90/75 spread,spx,False,False,1998-12-31,,hold,1.5507186045090047,1.979010453779235e-15,3.781526047709162e-14,-1.5507186045090016,1.2256725005033893,0.45992115637319314,1.8404797220146888e-15,False,False,False,False,22.93375172574342
1995-99,NonEvent,SPX Mar-27 90/75 spread,spx,False,False,1998-12-31,,v4_-22,1.5507186045090047,1.979010453779235e-15,3.781526047709162e-14,-1.5507186045090016,1.2256725005033893,0.45992115637319314,1.8404797220146888e-15,False,False,False,False,22.93375172574342
1995-99,NonEvent,SPX Mar-27 90/75 spread,spx,False,False,1998-12-31,,peak_-22,1.5507186045090047,1.979010453779235e-15,3.781526047709162e-14,-1.5507186045090016,1.2256725005033893,0.45992115637319314,1.8404797220146888e-15,False,False,False,False,22.93375172574342
1995-99,NonEvent,SPX Mar-27 90/75 spread,spx,False,False,1998-12-31,,tiered,1.5507186045090047,1.979010453779235e-15,3.781526047709162e-14,-1.5507186045090016,1.2256725005033893,0.45992115637319314,1.8404797220146888e-15,False,False,False,False,22.93375172574342
1995-99,NonEvent,SPX Mar-27 90/75 spread,spx,False,False,1998-12-31,,IPS,1.5507186045090047,0.1967762868373468,3.7600339746862432,-1.2455739555841308,1.2256725005033893,0.45992115637319314,1.8404797220146888e-15,False,False,False,False,22.93375172574342
1995-99,NonEvent,SPX Mar-27 90/75 spread,spx,False,False,1999-01-29,,hold,1.6735382720961107,4.6064288998287677e-10,9.822661778247766e-09,-1.6735382713252076,1.2369109483658842,0.36136662286465177,4.283978876840754e-10,False,False,False,False,24.17696826328074
1995-99,NonEvent,SPX Mar-27 90/75 spread,spx,False,False,1999-01-29,,v4_-22,1.6735382720961107,4.6064288998287677e-10,9.822661778247766e-09,-1.6735382713252076,1.2369109483658842,0.36136662286465177,4.283978876840754e-10,False,False,False,False,24.17696826328074
1995-99,NonEvent,SPX Mar-27 90/75 spread,spx,False,False,1999-01-29,,peak_-22,1.6735382720961107,4.6064288998287677e-10,9.822661778247766e-09,-1.6735382713252076,1.2369109483658842,0.36136662286465177,4.283978876840754e-10,False,False,False,False,24.17696826328074
1995-99,NonEvent,SPX Mar-27 90/75 spread,spx,False,False,1999-01-29,,tiered,1.6735382720961107,4.6064288998287677e-10,9.822661778247766e-09,-1.6735382713252076,1.2369109483658842,0.36136662286465177,4.283978876840754e-10,False,False,False,False,24.17696826328074
1995-99,NonEvent,SPX Mar-27 90/75 spread,spx,False,False,1999-01-29,,IPS,1.6735382720961107,0.09363394060315293,1.9966324228807715,-1.5168382889295604,1.2369109483658842,0.36136662286465177,4.283978876840754e-10,False,False,False,False,24.17696826328074
1995-99,NonEvent,SPX Mar-27 90/75 spread,spx,False,False,1999-02-26,,hold,1.738758441269112,6.751980592852997e-07,1.4466550824623149e-05,-1.738757267262787,0.9152760841319384,0.1314060446780552,6.279341951353288e-07,False,False,False,False,25.260572068422682
1995-99,NonEvent,SPX Mar-27 90/75 spread,spx,False,False,1999-02-26,,v4_-22,1.738758441269112,6.751980592852997e-07,1.4466550824623149e-05,-1.738757267262787,0.9152760841319384,0.1314060446780552,6.279341951353288e-07,False,False,False,False,25.260572068422682
1995-99,NonEvent,SPX Mar-27 90/75 spread,spx,False,False,1999-02-26,,peak_-22,1.738758441269112,6.751980592852997e-07,1.4466550824623149e-05,-1.738757267262787,0.9152760841319384,0.1314060446780552,6.279341951353288e-07,False,False,False,False,25.260572068422682
1995-99,NonEvent,SPX Mar-27 90/75 spread,spx,False,False,1999-02-26,,tiered,1.738758441269112,6.751980592852997e-07,1.4466550824623149e-05,-1.738757267262787,0.9152760841319384,0.1314060446780552,6.279341951353288e-07,False,False,False,False,25.260572068422682
1995-99,NonEvent,SPX Mar-27 90/75 spread,spx,False,False,1999-02-26,,IPS,1.738758441269112,0.2700706673234524,5.7864370036996,-1.2691707887212769,0.9152760841319384,0.1314060446780552,6.279341951353288e-07,False,False,False,False,25.260572068422682
1995-99,NonEvent,SPX Mar-27 90/75 spread,spx,False,False,1999-03-31,,hold,1.473239882406511,1.921181537336586e-10,3.622933789876038e-09,-1.473239882123475,1.0164963928457698,1.8068331143232588,1.7866988297230248e-10,False,False,False,False,22.435503260081145
1995-99,NonEvent,SPX Mar-27 90/75 spread,spx,False,False,1999-03-31,,v4_-22,1.473239882406511,1.921181537336586e-10,3.622933789876038e-09,-1.473239882123475,1.0164963928457698,1.8068331143232588,1.7866988297230248e-10,False,False,False,False,22.435503260081145
1995-99,NonEvent,SPX Mar-27 90/75 spread,spx,False,False,1999-03-31,,peak_-22,1.473239882406511,1.921181537336586e-10,3.622933789876038e-09,-1.473239882123475,1.0164963928457698,1.8068331143232588,1.7866988297230248e-10,False,False,False,False,22.435503260081145
1995-99,NonEvent,SPX Mar-27 90/75 spread,spx,False,False,1999-03-31,,tiered,1.473239882406511,1.921181537336586e-10,3.622933789876038e-09,-1.473239882123475,1.0164963928457698,1.8068331143232588,1.7866988297230248e-10,False,False,False,False,22.435503260081145
1995-99,NonEvent,SPX Mar-27 90/75 spread,spx,False,False,1999-03-31,,IPS,1.473239882406511,0.24780937426627533,4.673150027883256,-1.1081572290032322,1.0164963928457698,1.8068331143232588,1.7866988297230248e-10,False,False,False,False,22.435503260081145
1995-99,NonEvent,SPX Mar-27 90/75 spread,spx,False,False,1999-04-30,,hold,1.5921894103185732,0.0,0.0,-1.5921894103185732,1.1454709277896102,0.8212877792378449,0.0,False,False,False,False,23.72395998957187
1995-99,NonEvent,SPX Mar-27 90/75 spread,spx,False,False,1999-04-30,,v4_-22,1.5921894103185732,0.0,0.0,-1.5921894103185732,1.1454709277896102,0.8212877792378449,0.0,False,False,False,False,23.72395998957187
1995-99,NonEvent,SPX Mar-27 90/75 spread,spx,False,False,1999-04-30,,peak_-22,1.5921894103185732,0.0,0.0,-1.5921894103185732,1.1454709277896102,0.8212877792378449,0.0,False,False,False,False,23.72395998957187
1995-99,NonEvent,SPX Mar-27 90/75 spread,spx,False,False,1999-04-30,,tiered,1.5921894103185732,0.0,0.0,-1.5921894103185732,1.1454709277896102,0.8212877792378449,0.0,False,False,False,False,23.72395998957187
1995-99,NonEvent,SPX Mar-27 90/75 spread,spx,False,False,1999-04-30,,IPS,1.5921894103185732,0.2594600491958897,5.479614809204162,-1.1790798675881415,1.1454709277896102,0.8212877792378449,0.0,False,False,False,False,23.72395998957187
1995-99,NonEvent,SPX Mar-27 90/75 spread,spx,False,False,1999-05-28,,hold,1.5953869292580745,0.0,0.0,-1.5953869292580745,0.9066887877104124,2.431011826544021,0.0,False,False,False,False,24.03384747181111
1995-99,NonEvent,SPX Mar-27 90/75 spread,spx,False,False,1999-05-28,,v4_-22,1.5953869292580745,0.0,0.0,-1.5953869292580745,0.9066887877104124,2.431011826544021,0.0,False,False,False,False,24.03384747181111
1995-99,NonEvent,SPX Mar-27 90/75 spread,spx,False,False,1999-05-28,,peak_-22,1.5953869292580745,0.0,0.0,-1.5953869292580745,0.9066887877104124,2.431011826544021,0.0,False,False,False,False,24.03384747181111
1995-99,NonEvent,SPX Mar-27 90/75 spread,spx,False,False,1999-05-28,,tiered,1.5953869292580745,0.0,0.0,-1.5953869292580745,0.9066887877104124,2.431011826544021,0.0,False,False,False,False,24.03384747181111
1995-99,NonEvent,SPX Mar-27 90/75 spread,spx,False,False,1999-05-28,,IPS,1.5953869292580745,0.1580264316962274,3.259282972015783,-1.3432736256526197,0.9066887877104124,2.431011826544021,0.0,False,False,False,False,24.03384747181111
1995-99,NonEvent,SPX Mar-27 90/75 spread,spx,False,False,1999-06-30,,hold,1.329801225738013,4.827420514531583e-05,0.0008781072264862157,-1.3297370306408391,1.7739062850275151,3.515111695137976,1.666530540644854e-05,False,False,False,False,21.31412136254215
1995-99,NonEvent,SPX Mar-27 90/75 spread,spx,False,False,1999-06-30,,v4_-22,1.329801225738013,4.827420514531583e-05,0.0008781072264862157,-1.3297370306408391,1.7739062850275151,3.515111695137976,1.666530540644854e-05,False,False,False,False,21.31412136254215
1995-99,NonEvent,SPX Mar-27 90/75 spread,spx,False,False,1999-06-30,,peak_-22,1.329801225738013,4.827420514531583e-05,0.0008781072264862157,-1.3297370306408391,1.7739062850275151,3.515111695137976,1.666530540644854e-05,False,False,False,False,21.31412136254215
1995-99,NonEvent,SPX Mar-27 90/75 spread,spx,False,False,1999-06-30,,tiered,1.329801225738013,4.827420514531583e-05,0.0008781072264862157,-1.3297370306408391,1.7739062850275151,3.515111695137976,1.666530540644854e-05,False,False,False,False,21.31412136254215
1995-99,NonEvent,SPX Mar-27 90/75 spread,spx,False,False,1999-06-30,,IPS,1.329801225738013,0.2785711719403043,5.067206356586712,-0.9593569398365214,1.7739062850275151,3.515111695137976,1.666530540644854e-05,False,False,False,False,21.31412136254215
1995-99,NonEvent,SPX Mar-27 90/75 spread,spx,False,False,1999-07-30,,hold,1.5435892760073218,0.0,0.0,-1.5435892760073218,1.273679314175264,2.5295663600525624,0.0,False,False,False,False,23.679536313370974
1995-99,NonEvent,SPX Mar-27 90/75 spread,spx,False,False,1999-07-30,,v4_-22,1.5435892760073218,0.0,0.0,-1.5435892760073218,1.273679314175264,2.5295663600525624,0.0,False,False,False,False,23.679536313370974
1995-99,NonEvent,SPX Mar-27 90/75 spread,spx,False,False,1999-07-30,,peak_-22,1.5435892760073218,0.0,0.0,-1.5435892760073218,1.273679314175264,2.5295663600525624,0.0,False,False,False,False,23.679536313370974
1995-99,NonEvent,SPX Mar-27 90/75 spread,spx,False,False,1999-07-30,,tiered,1.5435892760073218,0.0,0.0,-1.5435892760073218,1.273679314175264,2.5295663600525624,0.0,False,False,False,False,23.679536313370974
1995-99,NonEvent,SPX Mar-27 90/75 spread,spx,False,False,1999-07-30,,IPS,1.5435892760073218,0.12209106655544426,2.491850719608921,-1.355130814976042,1.273679314175264,2.5295663600525624,0.0,False,False,False,False,23.679536313370974
1995-99,NonEvent,SPX Mar-27 90/75 spread,spx,False,False,1999-08-31,,hold,1.5287180309906088,0.0,0.0,-1.5287180309906088,1.27361270417532,1.4783180026281209,0.0,False,False,False,False,23.652850757231725
1995-99,NonEvent,SPX Mar-27 90/75 spread,spx,False,False,1999-08-31,,v4_-22,1.5287180309906088,0.0,0.0,-1.5287180309906088,1.27361270417532,1.4783180026281209,0.0,False,False,False,False,23.652850757231725
1995-99,NonEvent,SPX Mar-27 90/75 spread,spx,False,False,1999-08-31,,peak_-22,1.5287180309906088,0.0,0.0,-1.5287180309906088,1.27361270417532,1.4783180026281209,0.0,False,False,False,False,23.652850757231725
1995-99,NonEvent,SPX Mar-27 90/75 spread,spx,False,False,1999-08-31,,tiered,1.5287180309906088,0.0,0.0,-1.5287180309906088,1.27361270417532,1.4783180026281209,0.0,False,False,False,False,23.652850757231725
1995-99,NonEvent,SPX Mar-27 90/75 spread,spx,False,False,1999-08-31,,IPS,1.5287180309906088,0.15952688230240317,3.207330837240581,-1.2848464095872085,1.27361270417532,1.4783180026281209,0.0,False,False,False,False,23.652850757231725
1995-99,NonEvent,SPX Mar-27 90/75 spread,spx,False,False,1999-09-30,,hold,1.6160262070080562,2.132834387499332e-11,4.425841367855631e-10,-1.6160262069735893,1.088982841988864,0.49277266754270693,1.983535980374379e-11,False,False,False,False,24.408032066727472
1995-99,NonEvent,SPX Mar-27 90/75 spread,spx,False,False,1999-09-30,,v4_-22,1.6160262070080562,2.132834387499332e-11,4.425841367855631e-10,-1.6160262069735893,1.088982841988864,0.49277266754270693,1.983535980374379e-11,False,False,False,False,24.408032066727472
1995-99,NonEvent,SPX Mar-27 90/75 spread,spx,False,False,1999-09-30,,peak_-22,1.6160262070080562,2.132834387499332e-11,4.425841367855631e-10,-1.6160262069735893,1.088982841988864,0.49277266754270693,1.983535980374379e-11,False,False,False,False,24.408032066727472
1995-99,NonEvent,SPX Mar-27 90/75 spread,spx,False,False,1999-09-30,,tiered,1.6160262070080562,2.132834387499332e-11,4.425841367855631e-10,-1.6160262069735893,1.088982841988864,0.49277266754270693,1.983535980374379e-11,False,False,False,False,24.408032066727472
1995-99,NonEvent,SPX Mar-27 90/75 spread,spx,False,False,1999-09-30,,IPS,1.6160262070080562,0.20166131369671206,4.184670829043912,-1.2901362391344968,1.088982841988864,0.49277266754270693,1.983535980374379e-11,False,False,False,False,24.408032066727472
1995-99,NonEvent,SPX Mar-27 90/75 spread,spx,False,False,1999-10-29,,hold,1.4245222608446835,7.683014882136924e-05,0.001497222063708257,-1.4244128145873833,0.9739730505640489,0.1314060446780552,7.145203840387339e-05,False,False,False,False,22.379874342096503
1995-99,NonEvent,SPX Mar-27 90/75 spread,spx,False,False,1999-10-29,,v4_-22,1.4245222608446835,7.683014882136924e-05,0.001497222063708257,-1.4244128145873833,0.9739730505640489,0.1314060446780552,7.145203840387339e-05,False,False,False,False,22.379874342096503
1995-99,NonEvent,SPX Mar-27 90/75 spread,spx,False,False,1999-10-29,,peak_-22,1.4245222608446835,7.683014882136924e-05,0.001497222063708257,-1.4244128145873833,0.9739730505640489,0.1314060446780552,7.145203840387339e-05,False,False,False,False,22.379874342096503
1995-99,NonEvent,SPX Mar-27 90/75 spread,spx,False,False,1999-10-29,,tiered,1.4245222608446835,7.683014882136924e-05,0.001497222063708257,-1.4244128145873833,0.9739730505640489,0.1314060446780552,7.145203840387339e-05,False,False,False,False,22.379874342096503
1995-99,NonEvent,SPX Mar-27 90/75 spread,spx,False,False,1999-10-29,,IPS,1.4245222608446835,0.23198456295439748,4.520782680020469,-1.0940550867438192,0.9739730505640489,0.1314060446780552,7.145203840387339e-05,False,False,False,False,22.379874342096503
1995-99,NonEvent,SPX Mar-27 90/75 spread,spx,False,False,1999-11-30,,hold,1.54562951092364,0.0,0.0,-1.54562951092364,1.0502572612175967,4.467805519053877,-9.148563157994598e-16,False,False,False,False,23.706572165886804
1995-99,NonEvent,SPX Mar-27 90/75 spread,spx,False,False,1999-11-30,,v4_-22,1.54562951092364,0.0,0.0,-1.54562951092364,1.0502572612175967,4.467805519053877,-9.148563157994598e-16,False,False,False,False,23.706572165886804
1995-99,NonEvent,SPX Mar-27 90/75 spread,spx,False,False,1999-11-30,,peak_-22,1.54562951092364,0.0,0.0,-1.54562951092364,1.0502572612175967,4.467805519053877,-9.148563157994598e-16,False,False,False,False,23.706572165886804
1995-99,NonEvent,SPX Mar-27 90/75 spread,spx,False,False,1999-11-30,,tiered,1.54562951092364,0.0,0.0,-1.54562951092364,1.0502572612175967,4.467805519053877,-9.148563157994598e-16,False,False,False,False,23.706572165886804
1995-99,NonEvent,SPX Mar-27 90/75 spread,spx,False,False,1999-11-30,,IPS,1.54562951092364,0.42621564639747356,9.123357611676658,-0.88685802983431,1.0502572612175967,4.467805519053877,-9.148563157994598e-16,False,False,False,False,23.706572165886804
1995-99,NonEvent,SPX Mar-27 90/75 spread,spx,False,False,1999-12-31,,hold,1.5687931314905235,0.0,0.0,-1.5687931314905235,1.5716727367641592,3.4494086727989486,0.0,False,False,False,False,24.10926897916745
1995-99,NonEvent,SPX Mar-27 90/75 spread,spx,False,False,1999-12-31,,v4_-22,1.5687931314905235,0.0,0.0,-1.5687931314905235,1.5716727367641592,3.4494086727989486,0.0,False,False,False,False,24.10926897916745
1995-99,NonEvent,SPX Mar-27 90/75 spread,spx,False,False,1999-12-31,,peak_-22,1.5687931314905235,0.0,0.0,-1.5687931314905235,1.5716727367641592,3.4494086727989486,0.0,False,False,False,False,24.10926897916745
1995-99,NonEvent,SPX Mar-27 90/75 spread,spx,False,False,1999-12-31,,tiered,1.5687931314905235,0.0,0.0,-1.5687931314905235,1.5716727367641592,3.4494086727989486,0.0,False,False,False,False,24.10926897916745
1995-99,NonEvent,SPX Mar-27 90/75 spread,spx,False,False,1999-12-31,,IPS,1.5687931314905235,0.36396386002727904,8.361012200241067,-0.9978091277689497,1.5716727367641592,3.4494086727989486,0.0,False,False,False,False,24.10926897916745
1995-99,NonEvent,[B] QQQ Jun-27 p 11% OTM,ndx,False,True,1999-12-31,,hold,5.219303343479872,0.6004422763995277,116.19932770562764,-2.085412962701152,1.7182730318809107,9.395532194480946,0.06451650183996943,False,False,False,False,31.170329003862452
1995-99,NonEvent,[B] QQQ Jun-27 p 11% OTM,ndx,False,True,1999-12-31,,v4_-22,5.219303343479872,0.6004422763995277,116.19932770562764,-2.085412962701152,1.7182730318809107,9.395532194480946,0.06451650183996943,False,False,False,False,31.170329003862452
1995-99,NonEvent,[B] QQQ Jun-27 p 11% OTM,ndx,False,True,1999-12-31,,peak_-22,5.219303343479872,0.8759399817571296,169.51444125651886,-0.647506868007187,1.7182730318809107,9.395532194480946,0.06451650183996943,False,False,False,False,31.170329003862452
1995-99,NonEvent,[B] QQQ Jun-27 p 11% OTM,ndx,False,True,1999-12-31,,tiered,5.219303343479872,1.0429975912878129,201.84391351149733,0.2244174719700629,1.7182730318809107,9.395532194480946,0.06451650183996943,False,False,False,False,31.170329003862452
1995-99,NonEvent,[B] QQQ Jun-27 p 11% OTM,ndx,False,True,1999-12-31,,IPS,5.219303343479872,0.06578479362506955,12.730863719862736,-4.875952550162414,1.7182730318809107,9.395532194480946,0.06451650183996943,False,False,False,False,31.170329003862452
1995-99,NonEvent,SPX Dec-27 10% OTM,spx,False,False,1995-01-31,,hold,1.4678680604947776,0.0,0.0,-1.4678680604947776,0.891002752125979,1.149802890932983,0.0,False,False,False,False,12.877735875293356
1995-99,NonEvent,SPX Dec-27 10% OTM,spx,False,False,1995-01-31,,v4_-22,1.4678680604947776,0.0,0.0,-1.4678680604947776,0.891002752125979,1.149802890932983,0.0,False,False,False,False,12.877735875293356
1995-99,NonEvent,SPX Dec-27 10% OTM,spx,False,False,1995-01-31,,peak_-22,1.4678680604947776,0.0,0.0,-1.4678680604947776,0.891002752125979,1.149802890932983,0.0,False,False,False,False,12.877735875293356
1995-99,NonEvent,SPX Dec-27 10% OTM,spx,False,False,1995-01-31,,tiered,1.4678680604947776,0.0,0.0,-1.4678680604947776,0.891002752125979,1.149802890932983,0.0,False,False,False,False,12.877735875293356
1995-99,NonEvent,SPX Dec-27 10% OTM,spx,False,False,1995-01-31,,IPS,1.4678680604947776,0.014263498526693862,0.09837667050072901,-1.4469311265765294,0.891002752125979,1.149802890932983,0.0,False,False,False,False,12.877735875293356
1995-99,NonEvent,SPX Dec-27 10% OTM,spx,False,False,1995-02-28,,hold,1.4667834106023536,0.0,0.0,-1.4667834106023536,1.0094623723516247,0.22996057818659657,0.0,False,False,False,False,12.712957482743962
1995-99,NonEvent,SPX Dec-27 10% OTM,spx,False,False,1995-02-28,,v4_-22,1.4667834106023536,0.0,0.0,-1.4667834106023536,1.0094623723516247,0.22996057818659657,0.0,False,False,False,False,12.712957482743962
1995-99,NonEvent,SPX Dec-27 10% OTM,spx,False,False,1995-02-28,,peak_-22,1.4667834106023536,0.0,0.0,-1.4667834106023536,1.0094623723516247,0.22996057818659657,0.0,False,False,False,False,12.712957482743962
1995-99,NonEvent,SPX Dec-27 10% OTM,spx,False,False,1995-02-28,,tiered,1.4667834106023536,0.0,0.0,-1.4667834106023536,1.0094623723516247,0.22996057818659657,0.0,False,False,False,False,12.712957482743962
1995-99,NonEvent,SPX Dec-27 10% OTM,spx,False,False,1995-02-28,,IPS,1.4667834106023536,0.010819519952952644,0.07726073347421077,-1.4509135182246815,1.0094623723516247,0.22996057818659657,0.0,False,False,False,False,12.712957482743962
1995-99,NonEvent,SPX Dec-27 10% OTM,spx,False,False,1995-03-31,,hold,1.601893447447048,0.0,0.0,-1.601893447447048,0.8691588785046729,0.0,0.0,False,False,False,False,13.341597877759689
1995-99,NonEvent,SPX Dec-27 10% OTM,spx,False,False,1995-03-31,,v4_-22,1.601893447447048,0.0,0.0,-1.601893447447048,0.8691588785046729,0.0,0.0,False,False,False,False,13.341597877759689
1995-99,NonEvent,SPX Dec-27 10% OTM,spx,False,False,1995-03-31,,peak_-22,1.601893447447048,0.0,0.0,-1.601893447447048,0.8691588785046729,0.0,0.0,False,False,False,False,13.341597877759689
1995-99,NonEvent,SPX Dec-27 10% OTM,spx,False,False,1995-03-31,,tiered,1.601893447447048,0.0,0.0,-1.601893447447048,0.8691588785046729,0.0,0.0,False,False,False,False,13.341597877759689
1995-99,NonEvent,SPX Dec-27 10% OTM,spx,False,False,1995-03-31,,IPS,1.601893447447048,0.012189773414513501,0.09766797479658103,-1.5823667292884749,0.8691588785046729,0.0,0.0,False,False,False,False,13.341597877759689
1995-99,NonEvent,SPX Dec-27 10% OTM,spx,False,False,1995-04-28,,hold,1.4417459547060947,0.0,0.0,-1.4417459547060947,0.9168679109702808,0.657030223390276,0.0,False,False,False,False,12.557951829969435
1995-99,NonEvent,SPX Dec-27 10% OTM,spx,False,False,1995-04-28,,v4_-22,1.4417459547060947,0.0,0.0,-1.4417459547060947,0.9168679109702808,0.657030223390276,0.0,False,False,False,False,12.557951829969435
1995-99,NonEvent,SPX Dec-27 10% OTM,spx,False,False,1995-04-28,,peak_-22,1.4417459547060947,0.0,0.0,-1.4417459547060947,0.9168679109702808,0.657030223390276,0.0,False,False,False,False,12.557951829969435
1995-99,NonEvent,SPX Dec-27 10% OTM,spx,False,False,1995-04-28,,tiered,1.4417459547060947,0.0,0.0,-1.4417459547060947,0.9168679109702808,0.657030223390276,0.0,False,False,False,False,12.557951829969435
1995-99,NonEvent,SPX Dec-27 10% OTM,spx,False,False,1995-04-28,,IPS,1.4417459547060947,0.007511421314106764,0.05571034117014162,-1.430916393412388,0.9168679109702808,0.657030223390276,0.0,False,False,False,False,12.557951829969435
1995-99,NonEvent,SPX Dec-27 10% OTM,spx,False,False,1995-05-31,,hold,1.5805477104855261,0.0,0.0,-1.5805477104855261,0.8833914733773465,0.164257555847569,0.0,False,False,False,False,12.941069570710138
1995-99,NonEvent,SPX Dec-27 10% OTM,spx,False,False,1995-05-31,,v4_-22,1.5805477104855261,0.0,0.0,-1.5805477104855261,0.8833914733773465,0.164257555847569,0.0,False,False,False,False,12.941069570710138
1995-99,NonEvent,SPX Dec-27 10% OTM,spx,False,False,1995-05-31,,peak_-22,1.5805477104855261,0.0,0.0,-1.5805477104855261,0.8833914733773465,0.164257555847569,0.0,False,False,False,False,12.941069570710138
1995-99,NonEvent,SPX Dec-27 10% OTM,spx,False,False,1995-05-31,,tiered,1.5805477104855261,0.0,0.0,-1.5805477104855261,0.8833914733773465,0.164257555847569,0.0,False,False,False,False,12.941069570710138
1995-99,NonEvent,SPX Dec-27 10% OTM,spx,False,False,1995-05-31,,IPS,1.5805477104855261,0.03785103415295002,0.3183680240201453,-1.5207223451155714,0.8833914733773465,0.164257555847569,0.0,False,False,False,False,12.941069570710138
1995-99,NonEvent,SPX Dec-27 10% OTM,spx,False,False,1995-06-30,,hold,1.428550208124114,0.0,0.0,-1.428550208124114,0.914250349677269,0.6241787122207622,0.0,False,False,False,False,12.242123597504849
1995-99,NonEvent,SPX Dec-27 10% OTM,spx,False,False,1995-06-30,,v4_-22,1.428550208124114,0.0,0.0,-1.428550208124114,0.914250349677269,0.6241787122207622,0.0,False,False,False,False,12.242123597504849
1995-99,NonEvent,SPX Dec-27 10% OTM,spx,False,False,1995-06-30,,peak_-22,1.428550208124114,0.0,0.0,-1.428550208124114,0.914250349677269,0.6241787122207622,0.0,False,False,False,False,12.242123597504849
1995-99,NonEvent,SPX Dec-27 10% OTM,spx,False,False,1995-06-30,,tiered,1.428550208124114,0.0,0.0,-1.428550208124114,0.914250349677269,0.6241787122207622,0.0,False,False,False,False,12.242123597504849
1995-99,NonEvent,SPX Dec-27 10% OTM,spx,False,False,1995-06-30,,IPS,1.428550208124114,0.0322025191557185,0.24958463564747077,-1.3825472926820914,0.914250349677269,0.6241787122207622,0.0,False,False,False,False,12.242123597504849
1995-99,NonEvent,SPX Dec-27 10% OTM,spx,False,False,1995-07-31,,hold,1.597861951506482,0.0,0.0,-1.597861951506482,0.8843677891169707,0.0657030223390276,0.0,False,False,False,False,13.10046890773267
1995-99,NonEvent,SPX Dec-27 10% OTM,spx,False,False,1995-07-31,,v4_-22,1.597861951506482,0.0,0.0,-1.597861951506482,0.8843677891169707,0.0657030223390276,0.0,False,False,False,False,13.10046890773267
1995-99,NonEvent,SPX Dec-27 10% OTM,spx,False,False,1995-07-31,,peak_-22,1.597861951506482,0.0,0.0,-1.597861951506482,0.8843677891169707,0.0657030223390276,0.0,False,False,False,False,13.10046890773267
1995-99,NonEvent,SPX Dec-27 10% OTM,spx,False,False,1995-07-31,,tiered,1.597861951506482,0.0,0.0,-1.597861951506482,0.8843677891169707,0.0657030223390276,0.0,False,False,False,False,13.10046890773267
1995-99,NonEvent,SPX Dec-27 10% OTM,spx,False,False,1995-07-31,,IPS,1.597861951506482,0.025849640314615934,0.23143854873883016,-1.5565577947876295,0.8843677891169707,0.0657030223390276,0.0,False,False,False,False,13.10046890773267
1995-99,NonEvent,SPX Dec-27 10% OTM,spx,False,False,1995-08-31,,hold,1.4163541215965472,0.0,0.0,-1.4163541215965472,0.979798497778199,1.8396846254927726,0.0,False,False,False,False,12.25117332548476
1995-99,NonEvent,SPX Dec-27 10% OTM,spx,False,False,1995-08-31,,v4_-22,1.4163541215965472,0.0,0.0,-1.4163541215965472,0.979798497778199,1.8396846254927726,0.0,False,False,False,False,12.25117332548476
1995-99,NonEvent,SPX Dec-27 10% OTM,spx,False,False,1995-08-31,,peak_-22,1.4163541215965472,0.0,0.0,-1.4163541215965472,0.979798497778199,1.8396846254927726,0.0,False,False,False,False,12.25117332548476
1995-99,NonEvent,SPX Dec-27 10% OTM,spx,False,False,1995-08-31,,tiered,1.4163541215965472,0.0,0.0,-1.4163541215965472,0.979798497778199,1.8396846254927726,0.0,False,False,False,False,12.25117332548476
1995-99,NonEvent,SPX Dec-27 10% OTM,spx,False,False,1995-08-31,,IPS,1.4163541215965472,0.03064518873610561,0.24375140549344498,-1.37294968222306,0.979798497778199,1.8396846254927726,0.0,False,False,False,False,12.25117332548476
1995-99,NonEvent,SPX Dec-27 10% OTM,spx,False,False,1995-09-29,,hold,1.5290423596021379,0.0,0.0,-1.5290423596021379,1.0404675934996628,0.8869908015768725,0.0,False,False,False,False,12.71159694924783
1995-99,NonEvent,SPX Dec-27 10% OTM,spx,False,False,1995-09-29,,v4_-22,1.5290423596021379,0.0,0.0,-1.5290423596021379,1.0404675934996628,0.8869908015768725,0.0,False,False,False,False,12.71159694924783
1995-99,NonEvent,SPX Dec-27 10% OTM,spx,False,False,1995-09-29,,peak_-22,1.5290423596021379,0.0,0.0,-1.5290423596021379,1.0404675934996628,0.8869908015768725,0.0,False,False,False,False,12.71159694924783
1995-99,NonEvent,SPX Dec-27 10% OTM,spx,False,False,1995-09-29,,tiered,1.5290423596021379,0.0,0.0,-1.5290423596021379,1.0404675934996628,0.8869908015768725,0.0,False,False,False,False,12.71159694924783
1995-99,NonEvent,SPX Dec-27 10% OTM,spx,False,False,1995-09-29,,IPS,1.5290423596021379,0.02016232438309219,0.17981119347658384,-1.4982133115523508,1.0404675934996628,0.8869908015768725,0.0,False,False,False,False,12.71159694924783
1995-99,NonEvent,SPX Dec-27 10% OTM,spx,False,False,1995-10-31,,hold,1.642163450891721,0.0,0.0,-1.642163450891721,0.8691588785046728,0.0,0.0,False,False,False,False,13.173055159919954
1995-99,NonEvent,SPX Dec-27 10% OTM,spx,False,False,1995-10-31,,v4_-22,1.642163450891721,0.0,0.0,-1.642163450891721,0.8691588785046728,0.0,0.0,False,False,False,False,13.173055159919954
1995-99,NonEvent,SPX Dec-27 10% OTM,spx,False,False,1995-10-31,,peak_-22,1.642163450891721,0.0,0.0,-1.642163450891721,0.8691588785046728,0.0,0.0,False,False,False,False,13.173055159919954
1995-99,NonEvent,SPX Dec-27 10% OTM,spx,False,False,1995-10-31,,tiered,1.642163450891721,0.0,0.0,-1.642163450891721,0.8691588785046728,0.0,0.0,False,False,False,False,13.173055159919954
1995-99,NonEvent,SPX Dec-27 10% OTM,spx,False,False,1995-10-31,,IPS,1.642163450891721,0.02837507231668649,0.27056134519382613,-1.595566944216849,0.8691588785046728,0.0,0.0,False,False,False,False,13.173055159919954
1995-99,NonEvent,SPX Dec-27 10% OTM,spx,False,False,1995-11-30,,hold,1.4459080372011621,1.529963364698091e-13,1.3392923644706126e-12,-1.445908037200941,1.133910658377748,1.3469119579500657,1.4228659291692246e-13,False,False,False,False,12.195983448594324
1995-99,NonEvent,SPX Dec-27 10% OTM,spx,False,False,1995-11-30,,v4_-22,1.4459080372011621,1.529963364698091e-13,1.3392923644706126e-12,-1.445908037200941,1.133910658377748,1.3469119579500657,1.4228659291692246e-13,False,False,False,False,12.195983448594324
1995-99,NonEvent,SPX Dec-27 10% OTM,spx,False,False,1995-11-30,,peak_-22,1.4459080372011621,1.529963364698091e-13,1.3392923644706126e-12,-1.445908037200941,1.133910658377748,1.3469119579500657,1.4228659291692246e-13,False,False,False,False,12.195983448594324
1995-99,NonEvent,SPX Dec-27 10% OTM,spx,False,False,1995-11-30,,tiered,1.4459080372011621,1.529963364698091e-13,1.3392923644706126e-12,-1.445908037200941,1.133910658377748,1.3469119579500657,1.4228659291692246e-13,False,False,False,False,12.195983448594324
1995-99,NonEvent,SPX Dec-27 10% OTM,spx,False,False,1995-11-30,,IPS,1.4459080372011621,0.04016452009650673,0.35159034738385886,-1.3878338347832955,1.133910658377748,1.3469119579500657,1.4228659291692246e-13,False,False,False,False,12.195983448594324
1995-99,NonEvent,SPX Dec-27 10% OTM,spx,False,False,1995-12-29,,hold,1.5460217932368552,0.0,0.0,-1.5460217932368552,1.12394064930835,0.39421813403416556,0.0,False,False,False,False,12.599664359427706
1995-99,NonEvent,SPX Dec-27 10% OTM,spx,False,False,1995-12-29,,v4_-22,1.5460217932368552,0.0,0.0,-1.5460217932368552,1.12394064930835,0.39421813403416556,0.0,False,False,False,False,12.599664359427706
1995-99,NonEvent,SPX Dec-27 10% OTM,spx,False,False,1995-12-29,,peak_-22,1.5460217932368552,0.0,0.0,-1.5460217932368552,1.12394064930835,0.39421813403416556,0.0,False,False,False,False,12.599664359427706
1995-99,NonEvent,SPX Dec-27 10% OTM,spx,False,False,1995-12-29,,tiered,1.5460217932368552,0.0,0.0,-1.5460217932368552,1.12394064930835,0.39421813403416556,0.0,False,False,False,False,12.599664359427706
1995-99,NonEvent,SPX Dec-27 10% OTM,spx,False,False,1995-12-29,,IPS,1.5460217932368552,0.041333535134977985,0.3914142778705271,-1.482119247126658,1.12394064930835,0.39421813403416556,0.0,False,False,False,False,12.599664359427706
1995-99,NonEvent,SPX Dec-27 10% OTM,spx,False,False,1996-01-31,,hold,1.5507078948711506,0.0,0.0,-1.5507078948711506,1.2375939300063377,1.2155059132720105,0.0,False,False,False,False,12.626784360305876
1995-99,NonEvent,SPX Dec-27 10% OTM,spx,False,False,1996-01-31,,v4_-22,1.5507078948711506,0.0,0.0,-1.5507078948711506,1.2375939300063377,1.2155059132720105,0.0,False,False,False,False,12.626784360305876
1995-99,NonEvent,SPX Dec-27 10% OTM,spx,False,False,1996-01-31,,peak_-22,1.5507078948711506,0.0,0.0,-1.5507078948711506,1.2375939300063377,1.2155059132720105,0.0,False,False,False,False,12.626784360305876
1995-99,NonEvent,SPX Dec-27 10% OTM,spx,False,False,1996-01-31,,tiered,1.5507078948711506,0.0,0.0,-1.5507078948711506,1.2375939300063377,1.2155059132720105,0.0,False,False,False,False,12.626784360305876
1995-99,NonEvent,SPX Dec-27 10% OTM,spx,False,False,1996-01-31,,IPS,1.5507078948711506,0.06687359221182164,0.6590054747138325,-1.4470064874698847,1.2375939300063377,1.2155059132720105,0.0,False,False,False,False,12.626784360305876
1995-99,NonEvent,SPX Dec-27 10% OTM,spx,False,False,1996-02-29,,hold,1.9353136543846878,0.0,0.0,-1.9353136543846878,1.0145701210869098,0.2628120893561104,0.0,False,False,False,False,14.458649399411966
1995-99,NonEvent,SPX Dec-27 10% OTM,spx,False,False,1996-02-29,,v4_-22,1.9353136543846878,0.0,0.0,-1.9353136543846878,1.0145701210869098,0.2628120893561104,0.0,False,False,False,False,14.458649399411966
1995-99,NonEvent,SPX Dec-27 10% OTM,spx,False,False,1996-02-29,,peak_-22,1.9353136543846878,0.0,0.0,-1.9353136543846878,1.0145701210869098,0.2628120893561104,0.0,False,False,False,False,14.458649399411966
1995-99,NonEvent,SPX Dec-27 10% OTM,spx,False,False,1996-02-29,,tiered,1.9353136543846878,0.0,0.0,-1.9353136543846878,1.0145701210869098,0.2628120893561104,0.0,False,False,False,False,14.458649399411966
1995-99,NonEvent,SPX Dec-27 10% OTM,spx,False,False,1996-02-29,,IPS,1.9353136543846878,0.03360162382842306,0.4143041002289938,-1.8702839729800427,1.0145701210869098,0.2628120893561104,0.0,False,False,False,False,14.458649399411966
1995-99,NonEvent,SPX Dec-27 10% OTM,spx,False,False,1996-03-29,,hold,2.0751399638777848,0.0,0.0,-2.0751399638777848,1.0067731878454085,3.8107752956636003,0.0,False,False,False,False,15.154418879009777
1995-99,NonEvent,SPX Dec-27 10% OTM,spx,False,False,1996-03-29,,v4_-22,2.0751399638777848,0.0,0.0,-2.0751399638777848,1.0067731878454085,3.8107752956636003,0.0,False,False,False,False,15.154418879009777
1995-99,NonEvent,SPX Dec-27 10% OTM,spx,False,False,1996-03-29,,peak_-22,2.0751399638777848,0.0,0.0,-2.0751399638777848,1.0067731878454085,3.8107752956636003,0.0,False,False,False,False,15.154418879009777
1995-99,NonEvent,SPX Dec-27 10% OTM,spx,False,False,1996-03-29,,tiered,2.0751399638777848,0.0,0.0,-2.0751399638777848,1.0067731878454085,3.8107752956636003,0.0,False,False,False,False,15.154418879009777
1995-99,NonEvent,SPX Dec-27 10% OTM,spx,False,False,1996-03-29,,IPS,2.0751399638777848,0.019703130936435633,0.2639195217061527,-2.03425320945807,1.0067731878454085,3.8107752956636003,0.0,False,False,False,False,15.154418879009777
1995-99,NonEvent,SPX Dec-27 10% OTM,spx,False,False,1996-04-30,,hold,1.7860773126548954,0.0,0.0,-1.7860773126548954,1.2267123214433016,2.759526938239159,0.0,False,False,False,False,14.042656525003594
1995-99,NonEvent,SPX Dec-27 10% OTM,spx,False,False,1996-04-30,,v4_-22,1.7860773126548954,0.0,0.0,-1.7860773126548954,1.2267123214433016,2.759526938239159,0.0,False,False,False,False,14.042656525003594
1995-99,NonEvent,SPX Dec-27 10% OTM,spx,False,False,1996-04-30,,peak_-22,1.7860773126548954,0.0,0.0,-1.7860773126548954,1.2267123214433016,2.759526938239159,0.0,False,False,False,False,14.042656525003594
1995-99,NonEvent,SPX Dec-27 10% OTM,spx,False,False,1996-04-30,,tiered,1.7860773126548954,0.0,0.0,-1.7860773126548954,1.2267123214433016,2.759526938239159,0.0,False,False,False,False,14.042656525003594
1995-99,NonEvent,SPX Dec-27 10% OTM,spx,False,False,1996-04-30,,IPS,1.7860773126548954,0.02391033646855974,0.2785443297533206,-1.7433716031504556,1.2267123214433016,2.759526938239159,0.0,False,False,False,False,14.042656525003594
1995-99,NonEvent,SPX Dec-27 10% OTM,spx,False,False,1996-05-31,,hold,1.792597336708465,0.0,0.0,-1.792597336708465,1.3080333196704101,1.7411300919842312,0.0,False,False,False,False,14.142576198742066
1995-99,NonEvent,SPX Dec-27 10% OTM,spx,False,False,1996-05-31,,v4_-22,1.792597336708465,0.0,0.0,-1.792597336708465,1.3080333196704101,1.7411300919842312,0.0,False,False,False,False,14.142576198742066
1995-99,NonEvent,SPX Dec-27 10% OTM,spx,False,False,1996-05-31,,peak_-22,1.792597336708465,0.0,0.0,-1.792597336708465,1.3080333196704101,1.7411300919842312,0.0,False,False,False,False,14.142576198742066
1995-99,NonEvent,SPX Dec-27 10% OTM,spx,False,False,1996-05-31,,tiered,1.792597336708465,0.0,0.0,-1.792597336708465,1.3080333196704101,1.7411300919842312,0.0,False,False,False,False,14.142576198742066
1995-99,NonEvent,SPX Dec-27 10% OTM,spx,False,False,1996-05-31,,IPS,1.792597336708465,0.02346672228454758,0.2797464242076352,-1.750530952839908,1.3080333196704101,1.7411300919842312,0.0,False,False,False,False,14.142576198742066
1995-99,NonEvent,SPX Dec-27 10% OTM,spx,False,False,1996-06-28,,hold,1.599699327523932,0.0,0.0,-1.599699327523932,1.5108935176378127,0.8212877792378449,0.0,False,False,False,False,13.23264037260019
1995-99,NonEvent,SPX Dec-27 10% OTM,spx,False,False,1996-06-28,,v4_-22,1.599699327523932,0.0,0.0,-1.599699327523932,1.5108935176378127,0.8212877792378449,0.0,False,False,False,False,13.23264037260019
1995-99,NonEvent,SPX Dec-27 10% OTM,spx,False,False,1996-06-28,,peak_-22,1.599699327523932,0.0,0.0,-1.599699327523932,1.5108935176378127,0.8212877792378449,0.0,False,False,False,False,13.23264037260019
1995-99,NonEvent,SPX Dec-27 10% OTM,spx,False,False,1996-06-28,,tiered,1.599699327523932,0.0,0.0,-1.599699327523932,1.5108935176378127,0.8212877792378449,0.0,False,False,False,False,13.23264037260019
1995-99,NonEvent,SPX Dec-27 10% OTM,spx,False,False,1996-06-28,,IPS,1.599699327523932,0.054181858074721694,0.5814376018980061,-1.5130246455978025,1.5108935176378127,0.8212877792378449,0.0,False,False,False,False,13.23264037260019
1995-99,NonEvent,SPX Dec-27 10% OTM,spx,False,False,1996-07-31,,hold,2.149373200555047,0.0,0.0,-2.149373200555047,0.8691588785046729,0.0,0.0,False,False,False,False,15.573228163907906
1995-99,NonEvent,SPX Dec-27 10% OTM,spx,False,False,1996-07-31,,v4_-22,2.149373200555047,0.0,0.0,-2.149373200555047,0.8691588785046729,0.0,0.0,False,False,False,False,15.573228163907906
1995-99,NonEvent,SPX Dec-27 10% OTM,spx,False,False,1996-07-31,,peak_-22,2.149373200555047,0.0,0.0,-2.149373200555047,0.8691588785046729,0.0,0.0,False,False,False,False,15.573228163907906
1995-99,NonEvent,SPX Dec-27 10% OTM,spx,False,False,1996-07-31,,tiered,2.149373200555047,0.0,0.0,-2.149373200555047,0.8691588785046729,0.0,0.0,False,False,False,False,15.573228163907906
1995-99,NonEvent,SPX Dec-27 10% OTM,spx,False,False,1996-07-31,,IPS,2.149373200555047,0.015464919282848474,0.2120243516202381,-2.1161333174997456,0.8691588785046729,0.0,0.0,False,False,False,False,15.573228163907906
1995-99,NonEvent,SPX Dec-27 10% OTM,spx,False,False,1996-08-30,,hold,1.9397982974730834,0.0,0.0,-1.9397982974730834,1.008929267188786,0.19710906701708278,0.0,False,False,False,False,14.760153662941786
1995-99,NonEvent,SPX Dec-27 10% OTM,spx,False,False,1996-08-30,,v4_-22,1.9397982974730834,0.0,0.0,-1.9397982974730834,1.008929267188786,0.19710906701708278,0.0,False,False,False,False,14.760153662941786
1995-99,NonEvent,SPX Dec-27 10% OTM,spx,False,False,1996-08-30,,peak_-22,1.9397982974730834,0.0,0.0,-1.9397982974730834,1.008929267188786,0.19710906701708278,0.0,False,False,False,False,14.760153662941786
1995-99,NonEvent,SPX Dec-27 10% OTM,spx,False,False,1996-08-30,,tiered,1.9397982974730834,0.0,0.0,-1.9397982974730834,1.008929267188786,0.19710906701708278,0.0,False,False,False,False,14.760153662941786
1995-99,NonEvent,SPX Dec-27 10% OTM,spx,False,False,1996-08-30,,IPS,1.9397982974730834,0.10651662851634784,1.342632124705234,-1.7331775228244988,1.008929267188786,0.19710906701708278,0.0,False,False,False,False,14.760153662941786
1995-99,NonEvent,SPX Dec-27 10% OTM,spx,False,False,1996-09-30,,hold,1.982414860173587,0.0,0.0,-1.982414860173587,0.9407093300511592,2.5295663600525624,0.0,False,False,False,False,14.82992709274717
1995-99,NonEvent,SPX Dec-27 10% OTM,spx,False,False,1996-09-30,,v4_-22,1.982414860173587,0.0,0.0,-1.982414860173587,0.9407093300511592,2.5295663600525624,0.0,False,False,False,False,14.82992709274717
1995-99,NonEvent,SPX Dec-27 10% OTM,spx,False,False,1996-09-30,,peak_-22,1.982414860173587,0.0,0.0,-1.982414860173587,0.9407093300511592,2.5295663600525624,0.0,False,False,False,False,14.82992709274717
1995-99,NonEvent,SPX Dec-27 10% OTM,spx,False,False,1996-09-30,,tiered,1.982414860173587,0.0,0.0,-1.982414860173587,0.9407093300511592,2.5295663600525624,0.0,False,False,False,False,14.82992709274717
1995-99,NonEvent,SPX Dec-27 10% OTM,spx,False,False,1996-09-30,,IPS,1.982414860173587,0.037098405081395905,0.5046296559162783,-1.9088704306514883,0.9407093300511592,2.5295663600525624,0.0,False,False,False,False,14.82992709274717
1995-99,NonEvent,SPX Dec-27 10% OTM,spx,False,False,1996-10-31,,hold,2.1551583311408415,0.0,0.0,-2.1551583311408415,0.9495070427017036,1.5111695137976346,0.0,False,False,False,False,15.383312113606795
1995-99,NonEvent,SPX Dec-27 10% OTM,spx,False,False,1996-10-31,,v4_-22,2.1551583311408415,0.0,0.0,-2.1551583311408415,0.9495070427017036,1.5111695137976346,0.0,False,False,False,False,15.383312113606795
1995-99,NonEvent,SPX Dec-27 10% OTM,spx,False,False,1996-10-31,,peak_-22,2.1551583311408415,0.0,0.0,-2.1551583311408415,0.9495070427017036,1.5111695137976346,0.0,False,False,False,False,15.383312113606795
1995-99,NonEvent,SPX Dec-27 10% OTM,spx,False,False,1996-10-31,,tiered,2.1551583311408415,0.0,0.0,-2.1551583311408415,0.9495070427017036,1.5111695137976346,0.0,False,False,False,False,15.383312113606795
1995-99,NonEvent,SPX Dec-27 10% OTM,spx,False,False,1996-10-31,,IPS,2.1551583311408415,0.03431274433042251,0.5217010982732382,-2.0812089343328255,0.9495070427017036,1.5111695137976346,0.0,False,False,False,False,15.383312113606795
1995-99,NonEvent,SPX Dec-27 10% OTM,spx,False,False,1996-11-29,,hold,2.1018464302185698,0.0,0.0,-2.1018464302185698,1.174692741484894,0.5584756898817346,0.0,False,False,False,False,15.061077814275972
1995-99,NonEvent,SPX Dec-27 10% OTM,spx,False,False,1996-11-29,,v4_-22,2.1018464302185698,0.0,0.0,-2.1018464302185698,1.174692741484894,0.5584756898817346,0.0,False,False,False,False,15.061077814275972
1995-99,NonEvent,SPX Dec-27 10% OTM,spx,False,False,1996-11-29,,peak_-22,2.1018464302185698,0.0,0.0,-2.1018464302185698,1.174692741484894,0.5584756898817346,0.0,False,False,False,False,15.061077814275972
1995-99,NonEvent,SPX Dec-27 10% OTM,spx,False,False,1996-11-29,,tiered,2.1018464302185698,0.0,0.0,-2.1018464302185698,1.174692741484894,0.5584756898817346,0.0,False,False,False,False,15.061077814275972
1995-99,NonEvent,SPX Dec-27 10% OTM,spx,False,False,1996-11-29,,IPS,2.1018464302185698,0.03682515095051348,0.584737979906771,-2.0244456181509727,1.174692741484894,0.5584756898817346,0.0,False,False,False,False,15.061077814275972
1995-99,NonEvent,SPX Dec-27 10% OTM,spx,False,False,1996-12-31,,hold,2.4589932347924925,0.0,0.0,-2.4589932347924925,0.8691588785046729,0.0,0.0,False,False,False,False,16.649792120139104
1995-99,NonEvent,SPX Dec-27 10% OTM,spx,False,False,1996-12-31,,v4_-22,2.4589932347924925,0.0,0.0,-2.4589932347924925,0.8691588785046729,0.0,0.0,False,False,False,False,16.649792120139104
1995-99,NonEvent,SPX Dec-27 10% OTM,spx,False,False,1996-12-31,,peak_-22,2.4589932347924925,0.0,0.0,-2.4589932347924925,0.8691588785046729,0.0,0.0,False,False,False,False,16.649792120139104
1995-99,NonEvent,SPX Dec-27 10% OTM,spx,False,False,1996-12-31,,tiered,2.4589932347924925,0.0,0.0,-2.4589932347924925,0.8691588785046729,0.0,0.0,False,False,False,False,16.649792120139104
1995-99,NonEvent,SPX Dec-27 10% OTM,spx,False,False,1996-12-31,,IPS,2.4589932347924925,0.010352095807953156,0.1876930026764035,-2.4335375012348117,0.8691588785046729,0.0,0.0,False,False,False,False,16.649792120139104
1995-99,NonEvent,SPX Dec-27 10% OTM,spx,False,False,1997-01-31,,hold,2.36728056419386,0.0,0.0,-2.36728056419386,1.0250252164402176,1.938239159001314,-8.31448418302124e-16,False,False,False,False,16.306353584075957
1995-99,NonEvent,SPX Dec-27 10% OTM,spx,False,False,1997-01-31,,v4_-22,2.36728056419386,0.0,0.0,-2.36728056419386,1.0250252164402176,1.938239159001314,-8.31448418302124e-16,False,False,False,False,16.306353584075957
1995-99,NonEvent,SPX Dec-27 10% OTM,spx,False,False,1997-01-31,,peak_-22,2.36728056419386,0.0,0.0,-2.36728056419386,1.0250252164402176,1.938239159001314,-8.31448418302124e-16,False,False,False,False,16.306353584075957
1995-99,NonEvent,SPX Dec-27 10% OTM,spx,False,False,1997-01-31,,tiered,2.36728056419386,0.0,0.0,-2.36728056419386,1.0250252164402176,1.938239159001314,-8.31448418302124e-16,False,False,False,False,16.306353584075957
1995-99,NonEvent,SPX Dec-27 10% OTM,spx,False,False,1997-01-31,,IPS,2.36728056419386,0.023085619812788616,0.42777495740643917,-2.3126304250986776,1.0250252164402176,1.938239159001314,-8.31448418302124e-16,False,False,False,False,16.306353584075957
1995-99,NonEvent,SPX Dec-27 10% OTM,spx,False,False,1997-02-28,,hold,2.5229586887434046,0.0,0.0,-2.5229586887434046,1.0145995291475993,8.015768725361367,-3.1949970678931035e-16,False,False,False,False,16.944176814473934
1995-99,NonEvent,SPX Dec-27 10% OTM,spx,False,False,1997-02-28,,v4_-22,2.5229586887434046,0.0,0.0,-2.5229586887434046,1.0145995291475993,8.015768725361367,-3.1949970678931035e-16,False,False,False,False,16.944176814473934
1995-99,NonEvent,SPX Dec-27 10% OTM,spx,False,False,1997-02-28,,peak_-22,2.5229586887434046,0.0,0.0,-2.5229586887434046,1.0145995291475993,8.015768725361367,-3.1949970678931035e-16,False,False,False,False,16.944176814473934
1995-99,NonEvent,SPX Dec-27 10% OTM,spx,False,False,1997-02-28,,tiered,2.5229586887434046,0.0,0.0,-2.5229586887434046,1.0145995291475993,8.015768725361367,-3.1949970678931035e-16,False,False,False,False,16.944176814473934
1995-99,NonEvent,SPX Dec-27 10% OTM,spx,False,False,1997-02-28,,IPS,2.5229586887434046,0.023226591929381937,0.4618510113359793,-2.464358956825273,1.0145995291475993,8.015768725361367,-3.1949970678931035e-16,False,False,False,False,16.944176814473934
1995-99,NonEvent,SPX Dec-27 10% OTM,spx,False,False,1997-03-31,,hold,2.59749189156853,0.0,0.0,-2.59749189156853,0.9313243633598371,6.9973718791064385,0.0,False,False,False,False,17.389075347681135
1995-99,NonEvent,SPX Dec-27 10% OTM,spx,False,False,1997-03-31,,v4_-22,2.59749189156853,0.0,0.0,-2.59749189156853,0.9313243633598371,6.9973718791064385,0.0,False,False,False,False,17.389075347681135
1995-99,NonEvent,SPX Dec-27 10% OTM,spx,False,False,1997-03-31,,peak_-22,2.59749189156853,0.0,0.0,-2.59749189156853,0.9313243633598371,6.9973718791064385,0.0,False,False,False,False,17.389075347681135
1995-99,NonEvent,SPX Dec-27 10% OTM,spx,False,False,1997-03-31,,tiered,2.59749189156853,0.0,0.0,-2.59749189156853,0.9313243633598371,6.9973718791064385,0.0,False,False,False,False,17.389075347681135
1995-99,NonEvent,SPX Dec-27 10% OTM,spx,False,False,1997-03-31,,IPS,2.59749189156853,0.017162603837862174,0.3345507700484713,-2.55291216726148,0.9313243633598371,6.9973718791064385,0.0,False,False,False,False,17.389075347681135
1995-99,NonEvent,SPX Dec-27 10% OTM,spx,False,False,1997-04-30,,hold,2.4447671177808603,6.221118865369946e-12,1.2145614159645432e-10,-2.444767117765651,1.179713662753769,6.011826544021025,5.785640544794049e-12,False,False,False,False,16.717673975535437
1995-99,NonEvent,SPX Dec-27 10% OTM,spx,False,False,1997-04-30,,v4_-22,2.4447671177808603,6.221118865369946e-12,1.2145614159645432e-10,-2.444767117765651,1.179713662753769,6.011826544021025,5.785640544794049e-12,False,False,False,False,16.717673975535437
1995-99,NonEvent,SPX Dec-27 10% OTM,spx,False,False,1997-04-30,,peak_-22,2.4447671177808603,6.221118865369946e-12,1.2145614159645432e-10,-2.444767117765651,1.179713662753769,6.011826544021025,5.785640544794049e-12,False,False,False,False,16.717673975535437
1995-99,NonEvent,SPX Dec-27 10% OTM,spx,False,False,1997-04-30,,tiered,2.4447671177808603,6.221118865369946e-12,1.2145614159645432e-10,-2.444767117765651,1.179713662753769,6.011826544021025,5.785640544794049e-12,False,False,False,False,16.717673975535437
1995-99,NonEvent,SPX Dec-27 10% OTM,spx,False,False,1997-04-30,,IPS,2.4447671177808603,0.008678123215566559,0.16942472646335643,-2.423551127499392,1.179713662753769,6.011826544021025,5.785640544794049e-12,False,False,False,False,16.717673975535437
1995-99,NonEvent,SPX Dec-27 10% OTM,spx,False,False,1997-05-30,,hold,2.3993817812831466,0.0,0.0,-2.3993817812831466,1.4054666477382218,5.026281208935611,0.0,False,False,False,False,16.478091860146662
1995-99,NonEvent,SPX Dec-27 10% OTM,spx,False,False,1997-05-30,,v4_-22,2.3993817812831466,0.0,0.0,-2.3993817812831466,1.4054666477382218,5.026281208935611,0.0,False,False,False,False,16.478091860146662
1995-99,NonEvent,SPX Dec-27 10% OTM,spx,False,False,1997-05-30,,peak_-22,2.3993817812831466,0.0,0.0,-2.3993817812831466,1.4054666477382218,5.026281208935611,0.0,False,False,False,False,16.478091860146662
1995-99,NonEvent,SPX Dec-27 10% OTM,spx,False,False,1997-05-30,,tiered,2.3993817812831466,0.0,0.0,-2.3993817812831466,1.4054666477382218,5.026281208935611,0.0,False,False,False,False,16.478091860146662
1995-99,NonEvent,SPX Dec-27 10% OTM,spx,False,False,1997-05-30,,IPS,2.3993817812831466,0.047671208891381774,0.9690906751625082,-2.285000351177422,1.4054666477382218,5.026281208935611,0.0,False,False,False,False,16.478091860146662
1995-99,NonEvent,SPX Dec-27 10% OTM,spx,False,False,1997-06-30,,hold,2.671292182936173,0.0,0.0,-2.671292182936173,1.3960717184006497,4.0078843626806835,0.0,False,False,False,False,17.50738635701184
1995-99,NonEvent,SPX Dec-27 10% OTM,spx,False,False,1997-06-30,,v4_-22,2.671292182936173,0.0,0.0,-2.671292182936173,1.3960717184006497,4.0078843626806835,0.0,False,False,False,False,17.50738635701184
1995-99,NonEvent,SPX Dec-27 10% OTM,spx,False,False,1997-06-30,,peak_-22,2.671292182936173,0.0,0.0,-2.671292182936173,1.3960717184006497,4.0078843626806835,0.0,False,False,False,False,17.50738635701184
1995-99,NonEvent,SPX Dec-27 10% OTM,spx,False,False,1997-06-30,,tiered,2.671292182936173,0.0,0.0,-2.671292182936173,1.3960717184006497,4.0078843626806835,0.0,False,False,False,False,17.50738635701184
1995-99,NonEvent,SPX Dec-27 10% OTM,spx,False,False,1997-06-30,,IPS,2.671292182936173,0.6261784414043132,14.735731629716417,-0.9985866072896749,1.3960717184006497,4.0078843626806835,0.0,False,False,False,False,17.50738635701184
1995-99,NonEvent,SPX Dec-27 10% OTM,spx,False,False,1997-07-31,,hold,2.777926442466306,0.0,0.0,-2.777926442466306,1.6044485494581382,2.9894875164257555,0.0,False,False,False,False,17.702094748020265
1995-99,NonEvent,SPX Dec-27 10% OTM,spx,False,False,1997-07-31,,v4_-22,2.777926442466306,0.0,0.0,-2.777926442466306,1.6044485494581382,2.9894875164257555,0.0,False,False,False,False,17.702094748020265
1995-99,NonEvent,SPX Dec-27 10% OTM,spx,False,False,1997-07-31,,peak_-22,2.777926442466306,0.0,0.0,-2.777926442466306,1.6044485494581382,2.9894875164257555,0.0,False,False,False,False,17.702094748020265
1995-99,NonEvent,SPX Dec-27 10% OTM,spx,False,False,1997-07-31,,tiered,2.777926442466306,0.0,0.0,-2.777926442466306,1.6044485494581382,2.9894875164257555,0.0,False,False,False,False,17.702094748020265
1995-99,NonEvent,SPX Dec-27 10% OTM,spx,False,False,1997-07-31,,IPS,2.777926442466306,0.7358889750284584,19.441824156504286,-0.7336810000153242,1.6044485494581382,2.9894875164257555,0.0,False,False,False,False,17.702094748020265
1995-99,NonEvent,SPX Dec-27 10% OTM,spx,False,False,1997-08-29,,hold,3.1245427586899,0.0,0.0,-3.1245427586899,1.2664262808675735,2.0367936925098555,0.0,False,False,False,False,19.116854748563604
1995-99,NonEvent,SPX Dec-27 10% OTM,spx,False,False,1997-08-29,,v4_-22,3.1245427586899,0.0,0.0,-3.1245427586899,1.2664262808675735,2.0367936925098555,0.0,False,False,False,False,19.116854748563604
1995-99,NonEvent,SPX Dec-27 10% OTM,spx,False,False,1997-08-29,,peak_-22,3.1245427586899,0.0,0.0,-3.1245427586899,1.2664262808675735,2.0367936925098555,0.0,False,False,False,False,19.116854748563604
1995-99,NonEvent,SPX Dec-27 10% OTM,spx,False,False,1997-08-29,,tiered,3.1245427586899,0.0,0.0,-3.1245427586899,1.2664262808675735,2.0367936925098555,0.0,False,False,False,False,19.116854748563604
1995-99,NonEvent,SPX Dec-27 10% OTM,spx,False,False,1997-08-29,,IPS,3.1245427586899,0.08333171748264145,2.343211605126952,-2.86416924426032,1.2664262808675735,2.0367936925098555,0.0,False,False,False,False,19.116854748563604
1995-99,NonEvent,SPX Dec-27 10% OTM,spx,False,False,1997-09-30,,hold,3.0057102437779832,0.0,0.0,-3.0057102437779832,1.4601948849492046,0.9855453350854139,-6.756487292806311e-16,False,False,False,False,18.61110203780128
1995-99,NonEvent,SPX Dec-27 10% OTM,spx,False,False,1997-09-30,,v4_-22,3.0057102437779832,0.0,0.0,-3.0057102437779832,1.4601948849492046,0.9855453350854139,-6.756487292806311e-16,False,False,False,False,18.61110203780128
1995-99,NonEvent,SPX Dec-27 10% OTM,spx,False,False,1997-09-30,,peak_-22,3.0057102437779832,0.0,0.0,-3.0057102437779832,1.4601948849492046,0.9855453350854139,-6.756487292806311e-16,False,False,False,False,18.61110203780128
1995-99,NonEvent,SPX Dec-27 10% OTM,spx,False,False,1997-09-30,,tiered,3.0057102437779832,0.0,0.0,-3.0057102437779832,1.4601948849492046,0.9855453350854139,-6.756487292806311e-16,False,False,False,False,18.61110203780128
1995-99,NonEvent,SPX Dec-27 10% OTM,spx,False,False,1997-09-30,,IPS,3.0057102437779832,0.05405766253682599,1.5369466132577978,-2.843228573736352,1.4601948849492046,0.9855453350854139,-6.756487292806311e-16,False,False,False,False,18.61110203780128
1995-99,NonEvent,SPX Dec-27 10% OTM,spx,False,False,1997-10-31,,hold,4.269155921142497,5.931976398157018e-16,2.3245090785596778e-14,-4.269155921142495,0.9464859872460786,0.39421813403416556,5.516738050286026e-16,False,False,False,False,22.79418241411024
1995-99,NonEvent,SPX Dec-27 10% OTM,spx,False,False,1997-10-31,,v4_-22,4.269155921142497,5.931976398157018e-16,2.3245090785596778e-14,-4.269155921142495,0.9464859872460786,0.39421813403416556,5.516738050286026e-16,False,False,False,False,22.79418241411024
1995-99,NonEvent,SPX Dec-27 10% OTM,spx,False,False,1997-10-31,,peak_-22,4.269155921142497,5.931976398157018e-16,2.3245090785596778e-14,-4.269155921142495,0.9464859872460786,0.39421813403416556,5.516738050286026e-16,False,False,False,False,22.79418241411024
1995-99,NonEvent,SPX Dec-27 10% OTM,spx,False,False,1997-10-31,,tiered,4.269155921142497,5.931976398157018e-16,2.3245090785596778e-14,-4.269155921142495,0.9464859872460786,0.39421813403416556,5.516738050286026e-16,False,False,False,False,22.79418241411024
1995-99,NonEvent,SPX Dec-27 10% OTM,spx,False,False,1997-10-31,,IPS,4.269155921142497,0.018811558741838815,0.7371512653160348,-4.188846443753856,0.9464859872460786,0.39421813403416556,5.516738050286026e-16,False,False,False,False,22.79418241411024
1995-99,NonEvent,SPX Dec-27 10% OTM,spx,False,False,1997-11-28,,hold,3.5358735117365043,0.0,0.0,-3.5358735117365043,1.3048970125570578,9.067017082785808,0.0,False,False,False,False,20.366398601610477
1995-99,NonEvent,SPX Dec-27 10% OTM,spx,False,False,1997-11-28,,v4_-22,3.5358735117365043,0.0,0.0,-3.5358735117365043,1.3048970125570578,9.067017082785808,0.0,False,False,False,False,20.366398601610477
1995-99,NonEvent,SPX Dec-27 10% OTM,spx,False,False,1997-11-28,,peak_-22,3.5358735117365043,0.0,0.0,-3.5358735117365043,1.3048970125570578,9.067017082785808,0.0,False,False,False,False,20.366398601610477
1995-99,NonEvent,SPX Dec-27 10% OTM,spx,False,False,1997-11-28,,tiered,3.5358735117365043,0.0,0.0,-3.5358735117365043,1.3048970125570578,9.067017082785808,0.0,False,False,False,False,20.366398601610477
1995-99,NonEvent,SPX Dec-27 10% OTM,spx,False,False,1997-11-28,,IPS,3.5358735117365043,0.05790737661138614,1.946424480982713,-3.331120352642154,1.3048970125570578,9.067017082785808,0.0,False,False,False,False,20.366398601610477
1995-99,NonEvent,SPX Dec-27 10% OTM,spx,False,False,1997-12-31,,hold,3.269961465406827,0.0,0.0,-3.269961465406827,1.5313862515042274,7.982917214191852,0.0,False,False,False,False,19.395061509513276
1995-99,NonEvent,SPX Dec-27 10% OTM,spx,False,False,1997-12-31,,v4_-22,3.269961465406827,0.0,0.0,-3.269961465406827,1.5313862515042274,7.982917214191852,0.0,False,False,False,False,19.395061509513276
1995-99,NonEvent,SPX Dec-27 10% OTM,spx,False,False,1997-12-31,,peak_-22,3.269961465406827,0.0,0.0,-3.269961465406827,1.5313862515042274,7.982917214191852,0.0,False,False,False,False,19.395061509513276
1995-99,NonEvent,SPX Dec-27 10% OTM,spx,False,False,1997-12-31,,tiered,3.269961465406827,0.0,0.0,-3.269961465406827,1.5313862515042274,7.982917214191852,0.0,False,False,False,False,19.395061509513276
1995-99,NonEvent,SPX Dec-27 10% OTM,spx,False,False,1997-12-31,,IPS,3.269961465406827,0.06077384766835133,1.923285518868206,-3.0712333254268143,1.5313862515042274,7.982917214191852,0.0,False,False,False,False,19.395061509513276
1995-99,NonEvent,SPX Dec-27 10% OTM,spx,False,False,1998-01-30,,hold,3.101663046519249,0.0,0.0,-3.101663046519249,1.7071418857373446,6.9973718791064385,0.0,False,False,False,False,18.692341883038488
1995-99,NonEvent,SPX Dec-27 10% OTM,spx,False,False,1998-01-30,,v4_-22,3.101663046519249,0.0,0.0,-3.101663046519249,1.7071418857373446,6.9973718791064385,0.0,False,False,False,False,18.692341883038488
1995-99,NonEvent,SPX Dec-27 10% OTM,spx,False,False,1998-01-30,,peak_-22,3.101663046519249,0.0,0.0,-3.101663046519249,1.7071418857373446,6.9973718791064385,0.0,False,False,False,False,18.692341883038488
1995-99,NonEvent,SPX Dec-27 10% OTM,spx,False,False,1998-01-30,,tiered,3.101663046519249,0.0,0.0,-3.101663046519249,1.7071418857373446,6.9973718791064385,0.0,False,False,False,False,18.692341883038488
1995-99,NonEvent,SPX Dec-27 10% OTM,spx,False,False,1998-01-30,,IPS,3.101663046519249,0.030552907347598385,0.9304037464936679,-3.006898222835477,1.7071418857373446,6.9973718791064385,0.0,False,False,False,False,18.692341883038488
1995-99,NonEvent,SPX Dec-27 10% OTM,spx,False,False,1998-02-27,,hold,2.7930232123647323,0.0,0.0,-2.7930232123647323,2.269545102437019,7.3258869908015765,0.0,False,False,False,False,17.662449369217747
1995-99,NonEvent,SPX Dec-27 10% OTM,spx,False,False,1998-02-27,,v4_-22,2.7930232123647323,0.0,0.0,-2.7930232123647323,2.269545102437019,7.3258869908015765,0.0,False,False,False,False,17.662449369217747
1995-99,NonEvent,SPX Dec-27 10% OTM,spx,False,False,1998-02-27,,peak_-22,2.7930232123647323,0.0,0.0,-2.7930232123647323,2.269545102437019,7.3258869908015765,0.0,False,False,False,False,17.662449369217747
1995-99,NonEvent,SPX Dec-27 10% OTM,spx,False,False,1998-02-27,,tiered,2.7930232123647323,0.0,0.0,-2.7930232123647323,2.269545102437019,7.3258869908015765,0.0,False,False,False,False,17.662449369217747
1995-99,NonEvent,SPX Dec-27 10% OTM,spx,False,False,1998-02-27,,IPS,2.7930232123647323,1.2482218633776971,36.49996851878496,0.6932894262303354,2.269545102437019,7.3258869908015765,0.0,False,False,False,False,17.662449369217747
1995-99,NonEvent,SPX Dec-27 10% OTM,spx,False,False,1998-03-31,,hold,3.5109359094811285,0.0,0.0,-3.5109359094811285,2.046376459662323,6.274638633377135,0.0,False,False,False,False,20.2037455369472
1995-99,NonEvent,SPX Dec-27 10% OTM,spx,False,False,1998-03-31,,v4_-22,3.5109359094811285,0.0,0.0,-3.5109359094811285,2.046376459662323,6.274638633377135,0.0,False,False,False,False,20.2037455369472
1995-99,NonEvent,SPX Dec-27 10% OTM,spx,False,False,1998-03-31,,peak_-22,3.5109359094811285,0.0,0.0,-3.5109359094811285,2.046376459662323,6.274638633377135,0.0,False,False,False,False,20.2037455369472
1995-99,NonEvent,SPX Dec-27 10% OTM,spx,False,False,1998-03-31,,tiered,3.5109359094811285,0.9997051674060127,38.54056114206501,-0.0010351383415154972,2.046376459662323,6.274638633377135,0.0,False,False,False,False,20.2037455369472
1995-99,NonEvent,SPX Dec-27 10% OTM,spx,False,False,1998-03-31,,IPS,3.5109359094811285,1.1725845083709865,45.205392962379555,0.6059331478598428,2.046376459662323,6.274638633377135,0.0,False,False,False,False,20.2037455369472
1995-99,NonEvent,SPX Dec-27 10% OTM,spx,False,False,1998-04-30,,hold,3.272914185632888,0.0,0.0,-3.272914185632888,2.253380249055747,5.289093298291721,0.0,False,False,False,False,19.395243180554722
1995-99,NonEvent,SPX Dec-27 10% OTM,spx,False,False,1998-04-30,,v4_-22,3.272914185632888,0.0,0.0,-3.272914185632888,2.253380249055747,5.289093298291721,0.0,False,False,False,False,19.395243180554722
1995-99,NonEvent,SPX Dec-27 10% OTM,spx,False,False,1998-04-30,,peak_-22,3.272914185632888,0.0,0.0,-3.272914185632888,2.253380249055747,5.289093298291721,0.0,False,False,False,False,19.395243180554722
1995-99,NonEvent,SPX Dec-27 10% OTM,spx,False,False,1998-04-30,,tiered,3.272914185632888,1.0959730700605517,39.868766992212635,0.3141116224399187,2.253380249055747,5.289093298291721,0.0,False,False,False,False,19.395243180554722
1995-99,NonEvent,SPX Dec-27 10% OTM,spx,False,False,1998-04-30,,IPS,3.272914185632888,1.3471488820581485,49.005916614017416,1.1361885006147125,2.253380249055747,5.289093298291721,0.0,False,False,False,False,19.395243180554722
1995-99,NonEvent,SPX Dec-27 10% OTM,spx,False,False,1998-05-29,,hold,3.3823025851119306,0.0,0.0,-3.3823025851119306,2.0584132756938893,4.336399474375821,0.0,False,False,False,False,19.73587395149144
1995-99,NonEvent,SPX Dec-27 10% OTM,spx,False,False,1998-05-29,,v4_-22,3.3823025851119306,0.0,0.0,-3.3823025851119306,2.0584132756938893,4.336399474375821,0.0,False,False,False,False,19.73587395149144
1995-99,NonEvent,SPX Dec-27 10% OTM,spx,False,False,1998-05-29,,peak_-22,3.3823025851119306,0.0,0.0,-3.3823025851119306,2.0584132756938893,4.336399474375821,0.0,False,False,False,False,19.73587395149144
1995-99,NonEvent,SPX Dec-27 10% OTM,spx,False,False,1998-05-29,,tiered,3.3823025851119306,0.9999984324829282,36.75576280729385,-5.301817044178938e-06,2.0584132756938893,4.336399474375821,0.0,False,False,False,False,19.73587395149144
1995-99,NonEvent,SPX Dec-27 10% OTM,spx,False,False,1998-05-29,,IPS,3.3823025851119306,1.165045447083386,42.82220123724604,0.5582336423310905,2.0584132756938893,4.336399474375821,0.0,False,False,False,False,19.73587395149144
1995-99,NonEvent,SPX Dec-27 10% OTM,spx,False,False,1998-06-30,,hold,3.24003880082408,0.0,0.0,-3.24003880082408,2.333320292429816,3.2851511169513796,0.0,False,False,False,False,19.217968905811194
1995-99,NonEvent,SPX Dec-27 10% OTM,spx,False,False,1998-06-30,,v4_-22,3.24003880082408,0.0,0.0,-3.24003880082408,2.333320292429816,3.2851511169513796,0.0,False,False,False,False,19.217968905811194
1995-99,NonEvent,SPX Dec-27 10% OTM,spx,False,False,1998-06-30,,peak_-22,3.24003880082408,0.0,0.0,-3.24003880082408,2.333320292429816,3.2851511169513796,0.0,False,False,False,False,19.217968905811194
1995-99,NonEvent,SPX Dec-27 10% OTM,spx,False,False,1998-06-30,,tiered,3.24003880082408,1.1280557525437438,41.321106908712174,0.41490560691045647,2.333320292429816,3.2851511169513796,0.0,False,False,False,False,19.217968905811194
1995-99,NonEvent,SPX Dec-27 10% OTM,spx,False,False,1998-06-30,,IPS,3.24003880082408,1.3693551436884102,50.15999445129334,1.1967249968344025,2.333320292429816,3.2851511169513796,0.0,False,False,False,False,19.217968905811194
1995-99,NonEvent,SPX Dec-27 10% OTM,spx,False,False,1998-07-31,,hold,3.8663520851631348,0.0,0.0,-3.8663520851631348,1.8821081826210668,2.266754270696452,0.0,False,False,False,False,21.35346778191722
1995-99,NonEvent,SPX Dec-27 10% OTM,spx,False,False,1998-07-31,,v4_-22,3.8663520851631348,0.0,0.0,-3.8663520851631348,1.8821081826210668,2.266754270696452,0.0,False,False,False,False,21.35346778191722
1995-99,NonEvent,SPX Dec-27 10% OTM,spx,False,False,1998-07-31,,peak_-22,3.8663520851631348,0.0,0.0,-3.8663520851631348,1.8821081826210668,2.266754270696452,0.0,False,False,False,False,21.35346778191722
1995-99,NonEvent,SPX Dec-27 10% OTM,spx,False,False,1998-07-31,,tiered,3.8663520851631348,0.9090013795739117,39.19769023909652,-0.3518327058313753,1.8821081826210668,2.266754270696452,0.0,False,False,False,False,21.35346778191722
1995-99,NonEvent,SPX Dec-27 10% OTM,spx,False,False,1998-07-31,,IPS,3.8663520851631348,1.0528770455020424,45.40185440509385,0.20444127513408775,1.8821081826210668,2.266754270696452,0.0,False,False,False,False,21.35346778191722
1995-99,NonEvent,SPX Dec-27 10% OTM,spx,False,False,1998-08-31,,hold,6.042378003008457,0.0,0.0,-6.042378003008457,0.8924966040303767,1.2483574244415243,-1.7952243574772286e-16,False,False,False,False,28.04866905178576
1995-99,NonEvent,SPX Dec-27 10% OTM,spx,False,False,1998-08-31,,v4_-22,6.042378003008457,0.0,0.0,-6.042378003008457,0.8924966040303767,1.2483574244415243,-1.7952243574772286e-16,False,False,False,False,28.04866905178576
1995-99,NonEvent,SPX Dec-27 10% OTM,spx,False,False,1998-08-31,,peak_-22,6.042378003008457,0.0,0.0,-6.042378003008457,0.8924966040303767,1.2483574244415243,-1.7952243574772286e-16,False,False,False,False,28.04866905178576
1995-99,NonEvent,SPX Dec-27 10% OTM,spx,False,False,1998-08-31,,tiered,6.042378003008457,0.0,0.0,-6.042378003008457,0.8924966040303767,1.2483574244415243,-1.7952243574772286e-16,False,False,False,False,28.04866905178576
1995-99,NonEvent,SPX Dec-27 10% OTM,spx,False,False,1998-08-31,,IPS,6.042378003008457,0.00802499582216748,0.46119864183812276,-5.993887944778358,0.8924966040303767,1.2483574244415243,-1.7952243574772286e-16,False,False,False,False,28.04866905178576
1995-99,NonEvent,SPX Dec-27 10% OTM,spx,False,False,1998-09-30,,hold,5.903314311325708,0.0,0.0,-5.903314311325708,1.0231572108446711,0.2628120893561104,0.0,False,False,False,False,27.183241466279696
1995-99,NonEvent,SPX Dec-27 10% OTM,spx,False,False,1998-09-30,,v4_-22,5.903314311325708,0.0,0.0,-5.903314311325708,1.0231572108446711,0.2628120893561104,0.0,False,False,False,False,27.183241466279696
1995-99,NonEvent,SPX Dec-27 10% OTM,spx,False,False,1998-09-30,,peak_-22,5.903314311325708,0.0,0.0,-5.903314311325708,1.0231572108446711,0.2628120893561104,0.0,False,False,False,False,27.183241466279696
1995-99,NonEvent,SPX Dec-27 10% OTM,spx,False,False,1998-09-30,,tiered,5.903314311325708,0.0,0.0,-5.903314311325708,1.0231572108446711,0.2628120893561104,0.0,False,False,False,False,27.183241466279696
1995-99,NonEvent,SPX Dec-27 10% OTM,spx,False,False,1998-09-30,,IPS,5.903314311325708,0.010067476954256638,0.6036919634694022,-5.843882830542704,1.0231572108446711,0.2628120893561104,0.0,False,False,False,False,27.183241466279696
1995-99,NonEvent,SPX Dec-27 10% OTM,spx,False,False,1998-10-30,,hold,4.522395210239771,0.0,0.0,-4.522395210239771,0.8691588785046729,0.0,0.0,False,False,False,False,23.016341058572216
1995-99,NonEvent,SPX Dec-27 10% OTM,spx,False,False,1998-10-30,,v4_-22,4.522395210239771,0.0,0.0,-4.522395210239771,0.8691588785046729,0.0,0.0,False,False,False,False,23.016341058572216
1995-99,NonEvent,SPX Dec-27 10% OTM,spx,False,False,1998-10-30,,peak_-22,4.522395210239771,0.0,0.0,-4.522395210239771,0.8691588785046729,0.0,0.0,False,False,False,False,23.016341058572216
1995-99,NonEvent,SPX Dec-27 10% OTM,spx,False,False,1998-10-30,,tiered,4.522395210239771,0.0,0.0,-4.522395210239771,0.8691588785046729,0.0,0.0,False,False,False,False,23.016341058572216
1995-99,NonEvent,SPX Dec-27 10% OTM,spx,False,False,1998-10-30,,IPS,4.522395210239771,0.022779906129688,1.1303063461962306,-4.4193754718691585,0.8691588785046729,0.0,0.0,False,False,False,False,23.016341058572216
1995-99,NonEvent,SPX Dec-27 10% OTM,spx,False,False,1998-11-30,,hold,4.293991816034462,0.0,0.0,-4.293991816034462,1.028968323649629,0.45992115637319314,0.0,False,False,False,False,22.384681986292083
1995-99,NonEvent,SPX Dec-27 10% OTM,spx,False,False,1998-11-30,,v4_-22,4.293991816034462,0.0,0.0,-4.293991816034462,1.028968323649629,0.45992115637319314,0.0,False,False,False,False,22.384681986292083
1995-99,NonEvent,SPX Dec-27 10% OTM,spx,False,False,1998-11-30,,peak_-22,4.293991816034462,0.0,0.0,-4.293991816034462,1.028968323649629,0.45992115637319314,0.0,False,False,False,False,22.384681986292083
1995-99,NonEvent,SPX Dec-27 10% OTM,spx,False,False,1998-11-30,,tiered,4.293991816034462,0.0,0.0,-4.293991816034462,1.028968323649629,0.45992115637319314,0.0,False,False,False,False,22.384681986292083
1995-99,NonEvent,SPX Dec-27 10% OTM,spx,False,False,1998-11-30,,IPS,4.293991816034462,0.04711393509248778,2.342288498393775,-4.091684964326141,1.028968323649629,0.45992115637319314,0.0,False,False,False,False,22.384681986292083
1995-99,NonEvent,SPX Dec-27 10% OTM,spx,False,False,1998-12-31,,hold,4.133025072894427,1.368802751608877e-13,6.9709973898126926e-12,-4.1330250728938625,1.1118748304930304,0.45992115637319314,1.2729865589962553e-13,False,False,False,False,21.9202060034595
1995-99,NonEvent,SPX Dec-27 10% OTM,spx,False,False,1998-12-31,,v4_-22,4.133025072894427,1.368802751608877e-13,6.9709973898126926e-12,-4.1330250728938625,1.1118748304930304,0.45992115637319314,1.2729865589962553e-13,False,False,False,False,21.9202060034595
1995-99,NonEvent,SPX Dec-27 10% OTM,spx,False,False,1998-12-31,,peak_-22,4.133025072894427,1.368802751608877e-13,6.9709973898126926e-12,-4.1330250728938625,1.1118748304930304,0.45992115637319314,1.2729865589962553e-13,False,False,False,False,21.9202060034595
1995-99,NonEvent,SPX Dec-27 10% OTM,spx,False,False,1998-12-31,,tiered,4.133025072894427,1.368802751608877e-13,6.9709973898126926e-12,-4.1330250728938625,1.1118748304930304,0.45992115637319314,1.2729865589962553e-13,False,False,False,False,21.9202060034595
1995-99,NonEvent,SPX Dec-27 10% OTM,spx,False,False,1998-12-31,,IPS,4.133025072894427,0.05630307868090861,2.8673862180778453,-3.900323037025085,1.1118748304930304,0.45992115637319314,1.2729865589962553e-13,False,False,False,False,21.9202060034595
1995-99,NonEvent,SPX Dec-27 10% OTM,spx,False,False,1999-01-29,,hold,4.411371811416012,7.370867575315009e-08,4.143062090131936e-06,-4.411371486259638,1.0657797342993907,0.36136662286465177,6.854906845042959e-08,False,False,False,False,22.778935419822606
1995-99,NonEvent,SPX Dec-27 10% OTM,spx,False,False,1999-01-29,,v4_-22,4.411371811416012,7.370867575315009e-08,4.143062090131936e-06,-4.411371486259638,1.0657797342993907,0.36136662286465177,6.854906845042959e-08,False,False,False,False,22.778935419822606
1995-99,NonEvent,SPX Dec-27 10% OTM,spx,False,False,1999-01-29,,peak_-22,4.411371811416012,7.370867575315009e-08,4.143062090131936e-06,-4.411371486259638,1.0657797342993907,0.36136662286465177,6.854906845042959e-08,False,False,False,False,22.778935419822606
1995-99,NonEvent,SPX Dec-27 10% OTM,spx,False,False,1999-01-29,,tiered,4.411371811416012,7.370867575315009e-08,4.143062090131936e-06,-4.411371486259638,1.0657797342993907,0.36136662286465177,6.854906845042959e-08,False,False,False,False,22.778935419822606
1995-99,NonEvent,SPX Dec-27 10% OTM,spx,False,False,1999-01-29,,IPS,4.411371811416012,0.06275853949406993,3.5275701693611943,-4.1345205593662335,1.0657797342993907,0.36136662286465177,6.854906845042959e-08,False,False,False,False,22.778935419822606
1995-99,NonEvent,SPX Dec-27 10% OTM,spx,False,False,1999-02-26,,hold,4.525145153963044,0.0,0.0,-4.525145153963044,0.8998071637320837,0.1314060446780552,0.0,False,False,False,False,23.512060759080978
1995-99,NonEvent,SPX Dec-27 10% OTM,spx,False,False,1999-02-26,,v4_-22,4.525145153963044,0.0,0.0,-4.525145153963044,0.8998071637320837,0.1314060446780552,0.0,False,False,False,False,23.512060759080978
1995-99,NonEvent,SPX Dec-27 10% OTM,spx,False,False,1999-02-26,,peak_-22,4.525145153963044,0.0,0.0,-4.525145153963044,0.8998071637320837,0.1314060446780552,0.0,False,False,False,False,23.512060759080978
1995-99,NonEvent,SPX Dec-27 10% OTM,spx,False,False,1999-02-26,,tiered,4.525145153963044,0.0,0.0,-4.525145153963044,0.8998071637320837,0.1314060446780552,0.0,False,False,False,False,23.512060759080978
1995-99,NonEvent,SPX Dec-27 10% OTM,spx,False,False,1999-02-26,,IPS,4.525145153963044,0.06082016204846264,3.3913658924215424,-4.249925092406197,0.8998071637320837,0.1314060446780552,0.0,False,False,False,False,23.512060759080978
1995-99,NonEvent,SPX Dec-27 10% OTM,spx,False,False,1999-03-31,,hold,4.0259232014515955,0.0,0.0,-4.0259232014515955,0.9906127204447532,1.8068331143232588,0.0,False,False,False,False,21.865575275247554
1995-99,NonEvent,SPX Dec-27 10% OTM,spx,False,False,1999-03-31,,v4_-22,4.0259232014515955,0.0,0.0,-4.0259232014515955,0.9906127204447532,1.8068331143232588,0.0,False,False,False,False,21.865575275247554
1995-99,NonEvent,SPX Dec-27 10% OTM,spx,False,False,1999-03-31,,peak_-22,4.0259232014515955,0.0,0.0,-4.0259232014515955,0.9906127204447532,1.8068331143232588,0.0,False,False,False,False,21.865575275247554
1995-99,NonEvent,SPX Dec-27 10% OTM,spx,False,False,1999-03-31,,tiered,4.0259232014515955,0.0,0.0,-4.0259232014515955,0.9906127204447532,1.8068331143232588,0.0,False,False,False,False,21.865575275247554
1995-99,NonEvent,SPX Dec-27 10% OTM,spx,False,False,1999-03-31,,IPS,4.0259232014515955,0.05906993212638309,3.044040901006961,-3.788112191195819,0.9906127204447532,1.8068331143232588,0.0,False,False,False,False,21.865575275247554
1995-99,NonEvent,SPX Dec-27 10% OTM,spx,False,False,1999-04-30,,hold,4.30046114604668,0.0,0.0,-4.30046114604668,1.0138579583208969,0.8212877792378449,0.0,False,False,False,False,22.802295820423822
1995-99,NonEvent,SPX Dec-27 10% OTM,spx,False,False,1999-04-30,,v4_-22,4.30046114604668,0.0,0.0,-4.30046114604668,1.0138579583208969,0.8212877792378449,0.0,False,False,False,False,22.802295820423822
1995-99,NonEvent,SPX Dec-27 10% OTM,spx,False,False,1999-04-30,,peak_-22,4.30046114604668,0.0,0.0,-4.30046114604668,1.0138579583208969,0.8212877792378449,0.0,False,False,False,False,22.802295820423822
1995-99,NonEvent,SPX Dec-27 10% OTM,spx,False,False,1999-04-30,,tiered,4.30046114604668,0.0,0.0,-4.30046114604668,1.0138579583208969,0.8212877792378449,0.0,False,False,False,False,22.802295820423822
1995-99,NonEvent,SPX Dec-27 10% OTM,spx,False,False,1999-04-30,,IPS,4.30046114604668,0.04405373185154777,2.5129424096257127,-4.11100978388074,1.0138579583208969,0.8212877792378449,0.0,False,False,False,False,22.802295820423822
1995-99,NonEvent,SPX Dec-27 10% OTM,spx,False,False,1999-05-28,,hold,4.316667708344809,0.0,0.0,-4.316667708344809,0.9448479889919907,4.599211563731932,0.0,False,False,False,False,23.10511630863984
1995-99,NonEvent,SPX Dec-27 10% OTM,spx,False,False,1999-05-28,,v4_-22,4.316667708344809,0.0,0.0,-4.316667708344809,0.9448479889919907,4.599211563731932,0.0,False,False,False,False,23.10511630863984
1995-99,NonEvent,SPX Dec-27 10% OTM,spx,False,False,1999-05-28,,peak_-22,4.316667708344809,0.0,0.0,-4.316667708344809,0.9448479889919907,4.599211563731932,0.0,False,False,False,False,23.10511630863984
1995-99,NonEvent,SPX Dec-27 10% OTM,spx,False,False,1999-05-28,,tiered,4.316667708344809,0.0,0.0,-4.316667708344809,0.9448479889919907,4.599211563731932,0.0,False,False,False,False,23.10511630863984
1995-99,NonEvent,SPX Dec-27 10% OTM,spx,False,False,1999-05-28,,IPS,4.316667708344809,0.05564815274033587,3.1054581092892706,-4.076453124381563,0.9448479889919907,4.599211563731932,0.0,False,False,False,False,23.10511630863984
1995-99,NonEvent,SPX Dec-27 10% OTM,spx,False,False,1999-06-30,,hold,3.797283337631456,0.0,0.0,-3.797283337631456,1.2605319113841063,3.515111695137976,0.0,False,False,False,False,21.470026638779835
1995-99,NonEvent,SPX Dec-27 10% OTM,spx,False,False,1999-06-30,,v4_-22,3.797283337631456,0.0,0.0,-3.797283337631456,1.2605319113841063,3.515111695137976,0.0,False,False,False,False,21.470026638779835
1995-99,NonEvent,SPX Dec-27 10% OTM,spx,False,False,1999-06-30,,peak_-22,3.797283337631456,0.0,0.0,-3.797283337631456,1.2605319113841063,3.515111695137976,0.0,False,False,False,False,21.470026638779835
1995-99,NonEvent,SPX Dec-27 10% OTM,spx,False,False,1999-06-30,,tiered,3.797283337631456,0.0,0.0,-3.797283337631456,1.2605319113841063,3.515111695137976,0.0,False,False,False,False,21.470026638779835
1995-99,NonEvent,SPX Dec-27 10% OTM,spx,False,False,1999-06-30,,IPS,3.797283337631456,0.03561739113039596,1.8500386423871251,-3.6620340117621004,1.2605319113841063,3.515111695137976,0.0,False,False,False,False,21.470026638779835
1995-99,NonEvent,SPX Dec-27 10% OTM,spx,False,False,1999-07-30,,hold,4.231684930293115,0.0,0.0,-4.231684930293115,1.0638497905784974,2.5295663600525624,0.0,False,False,False,False,23.01677851403841
1995-99,NonEvent,SPX Dec-27 10% OTM,spx,False,False,1999-07-30,,v4_-22,4.231684930293115,0.0,0.0,-4.231684930293115,1.0638497905784974,2.5295663600525624,0.0,False,False,False,False,23.01677851403841
1995-99,NonEvent,SPX Dec-27 10% OTM,spx,False,False,1999-07-30,,peak_-22,4.231684930293115,0.0,0.0,-4.231684930293115,1.0638497905784974,2.5295663600525624,0.0,False,False,False,False,23.01677851403841
1995-99,NonEvent,SPX Dec-27 10% OTM,spx,False,False,1999-07-30,,tiered,4.231684930293115,0.0,0.0,-4.231684930293115,1.0638497905784974,2.5295663600525624,0.0,False,False,False,False,23.01677851403841
1995-99,NonEvent,SPX Dec-27 10% OTM,spx,False,False,1999-07-30,,IPS,4.231684930293115,0.0660767358624652,3.6971603507395945,-3.9520690029009624,1.0638497905784974,2.5295663600525624,0.0,False,False,False,False,23.01677851403841
1995-99,NonEvent,SPX Dec-27 10% OTM,spx,False,False,1999-08-31,,hold,4.220562438016926,6.07486292078461e-06,0.0003372013511581118,-4.220536798678666,1.073777921637002,1.4783180026281209,5.649622516329687e-06,False,False,False,False,23.101069881500987
1995-99,NonEvent,SPX Dec-27 10% OTM,spx,False,False,1999-08-31,,v4_-22,4.220562438016926,6.07486292078461e-06,0.0003372013511581118,-4.220536798678666,1.073777921637002,1.4783180026281209,5.649622516329687e-06,False,False,False,False,23.101069881500987
1995-99,NonEvent,SPX Dec-27 10% OTM,spx,False,False,1999-08-31,,peak_-22,4.220562438016926,6.07486292078461e-06,0.0003372013511581118,-4.220536798678666,1.073777921637002,1.4783180026281209,5.649622516329687e-06,False,False,False,False,23.101069881500987
1995-99,NonEvent,SPX Dec-27 10% OTM,spx,False,False,1999-08-31,,tiered,4.220562438016926,6.07486292078461e-06,0.0003372013511581118,-4.220536798678666,1.073777921637002,1.4783180026281209,5.649622516329687e-06,False,False,False,False,23.101069881500987
1995-99,NonEvent,SPX Dec-27 10% OTM,spx,False,False,1999-08-31,,IPS,4.220562438016926,0.1015226887164845,5.635285644269559,-3.792079591413647,1.073777921637002,1.4783180026281209,5.649622516329687e-06,False,False,False,False,23.101069881500987
1995-99,NonEvent,SPX Dec-27 10% OTM,spx,False,False,1999-09-30,,hold,4.459556858182386,0.0,0.0,-4.459556858182386,0.987574642305517,0.49277266754270693,-3.695236650756499e-16,False,False,False,False,23.71679111591525
1995-99,NonEvent,SPX Dec-27 10% OTM,spx,False,False,1999-09-30,,v4_-22,4.459556858182386,0.0,0.0,-4.459556858182386,0.987574642305517,0.49277266754270693,-3.695236650756499e-16,False,False,False,False,23.71679111591525
1995-99,NonEvent,SPX Dec-27 10% OTM,spx,False,False,1999-09-30,,peak_-22,4.459556858182386,0.0,0.0,-4.459556858182386,0.987574642305517,0.49277266754270693,-3.695236650756499e-16,False,False,False,False,23.71679111591525
1995-99,NonEvent,SPX Dec-27 10% OTM,spx,False,False,1999-09-30,,tiered,4.459556858182386,0.0,0.0,-4.459556858182386,0.987574642305517,0.49277266754270693,-3.695236650756499e-16,False,False,False,False,23.71679111591525
1995-99,NonEvent,SPX Dec-27 10% OTM,spx,False,False,1999-09-30,,IPS,4.459556858182386,0.19953226789229464,11.426024589695889,-3.569731364474618,0.987574642305517,0.49277266754270693,-3.695236650756499e-16,False,False,False,False,23.71679111591525
1995-99,NonEvent,SPX Dec-27 10% OTM,spx,False,False,1999-10-29,,hold,4.089953456654253,0.0,0.0,-4.089953456654253,1.0668569387394,5.519053876478318,0.0,False,False,False,False,22.505262891815402
1995-99,NonEvent,SPX Dec-27 10% OTM,spx,False,False,1999-10-29,,v4_-22,4.089953456654253,0.0,0.0,-4.089953456654253,1.0668569387394,5.519053876478318,0.0,False,False,False,False,22.505262891815402
1995-99,NonEvent,SPX Dec-27 10% OTM,spx,False,False,1999-10-29,,peak_-22,4.089953456654253,0.0,0.0,-4.089953456654253,1.0668569387394,5.519053876478318,0.0,False,False,False,False,22.505262891815402
1995-99,NonEvent,SPX Dec-27 10% OTM,spx,False,False,1999-10-29,,tiered,4.089953456654253,0.0,0.0,-4.089953456654253,1.0668569387394,5.519053876478318,0.0,False,False,False,False,22.505262891815402
1995-99,NonEvent,SPX Dec-27 10% OTM,spx,False,False,1999-10-29,,IPS,4.089953456654253,0.5221224395168095,29.212991209351934,-1.954496980355727,1.0668569387394,5.519053876478318,0.0,False,False,False,False,22.505262891815402
1995-99,NonEvent,SPX Dec-27 10% OTM,spx,False,False,1999-11-30,,hold,4.332455133057136,1.4843954239418842,89.06428571428569,2.098621440886404,2.102226680239962,15.703022339027594,0.16594903829729882,False,False,False,False,23.376915960783485
1995-99,NonEvent,SPX Dec-27 10% OTM,spx,False,False,1999-11-30,,v4_-22,4.332455133057136,1.4843954239418842,89.06428571428569,2.098621440886404,2.102226680239962,15.703022339027594,0.16594903829729882,False,False,False,False,23.376915960783485
1995-99,NonEvent,SPX Dec-27 10% OTM,spx,False,False,1999-11-30,,peak_-22,4.332455133057136,1.0628956757626309,63.77414173051776,0.27249269330490766,2.102226680239962,15.703022339027594,0.16594903829729882,False,False,False,False,23.376915960783485
1995-99,NonEvent,SPX Dec-27 10% OTM,spx,False,False,1999-11-30,,tiered,4.332455133057136,1.2736455498522574,76.41921372240172,1.1855570670956557,2.102226680239962,15.703022339027594,0.16594903829729882,False,False,False,False,23.376915960783485
1995-99,NonEvent,SPX Dec-27 10% OTM,spx,False,False,1999-11-30,,IPS,4.332455133057136,0.2178609667235671,13.07174023396743,-3.388582269482828,2.102226680239962,15.703022339027594,0.16594903829729882,False,False,False,False,23.376915960783485
1995-99,NonEvent,SPX Dec-27 10% OTM,spx,False,False,1999-12-31,,hold,4.374166094662654,1.1044953483109625,70.74472727272769,0.4570800096317762,2.9573066849766234,15.078843626806833,0.37619842094357003,False,False,False,True,23.657505474972357
1995-99,NonEvent,SPX Dec-27 10% OTM,spx,False,False,1999-12-31,,v4_-22,4.374166094662654,2.33947564913361,149.84722843083262,5.8590889690664865,2.9573066849766234,15.078843626806833,0.37619842094357003,False,False,False,True,23.657505474972357
1995-99,NonEvent,SPX Dec-27 10% OTM,spx,False,False,1999-12-31,,peak_-22,4.374166094662654,1.843214793669014,118.0609117843554,3.688361560984966,2.9573066849766234,15.078843626806833,0.37619842094357003,False,False,False,True,23.657505474972357
1995-99,NonEvent,SPX Dec-27 10% OTM,spx,False,False,1999-12-31,,tiered,4.374166094662654,1.804269602284019,115.56640879950449,3.5180088252785735,2.9573066849766234,15.078843626806833,0.37619842094357003,False,False,False,True,23.657505474972357
1995-99,NonEvent,SPX Dec-27 10% OTM,spx,False,False,1999-12-31,,IPS,4.374166094662654,1.1683338920733386,74.83369005094472,0.7363204032897999,2.9573066849766234,15.078843626806833,0.37619842094357003,False,False,False,True,23.657505474972357
1995-99,NonEvent,SPX Dec-27 90/70 spread,spx,False,False,1995-01-31,,hold,0.7385475540037472,0.0,0.0,-0.7385475540037472,0.8993985425167011,1.149802890932983,0.0,False,False,False,False,12.877735875293356
1995-99,NonEvent,SPX Dec-27 90/70 spread,spx,False,False,1995-01-31,,v4_-22,0.7385475540037472,0.0,0.0,-0.7385475540037472,0.8993985425167011,1.149802890932983,0.0,False,False,False,False,12.877735875293356
1995-99,NonEvent,SPX Dec-27 90/70 spread,spx,False,False,1995-01-31,,peak_-22,0.7385475540037472,0.0,0.0,-0.7385475540037472,0.8993985425167011,1.149802890932983,0.0,False,False,False,False,12.877735875293356
1995-99,NonEvent,SPX Dec-27 90/70 spread,spx,False,False,1995-01-31,,tiered,0.7385475540037472,0.0,0.0,-0.7385475540037472,0.8993985425167011,1.149802890932983,0.0,False,False,False,False,12.877735875293356
1995-99,NonEvent,SPX Dec-27 90/70 spread,spx,False,False,1995-01-31,,IPS,0.7385475540037472,0.02123210908999121,0.07368017331761219,-0.7228666317689934,0.8993985425167011,1.149802890932983,0.0,False,False,False,False,12.877735875293356
1995-99,NonEvent,SPX Dec-27 90/70 spread,spx,False,False,1995-02-28,,hold,0.7444448431473137,0.0,0.0,-0.7444448431473137,1.0205893214930644,0.22996057818659657,0.0,False,False,False,False,12.712957482743962
1995-99,NonEvent,SPX Dec-27 90/70 spread,spx,False,False,1995-02-28,,v4_-22,0.7444448431473137,0.0,0.0,-0.7444448431473137,1.0205893214930644,0.22996057818659657,0.0,False,False,False,False,12.712957482743962
1995-99,NonEvent,SPX Dec-27 90/70 spread,spx,False,False,1995-02-28,,peak_-22,0.7444448431473137,0.0,0.0,-0.7444448431473137,1.0205893214930644,0.22996057818659657,0.0,False,False,False,False,12.712957482743962
1995-99,NonEvent,SPX Dec-27 90/70 spread,spx,False,False,1995-02-28,,tiered,0.7444448431473137,0.0,0.0,-0.7444448431473137,1.0205893214930644,0.22996057818659657,0.0,False,False,False,False,12.712957482743962
1995-99,NonEvent,SPX Dec-27 90/70 spread,spx,False,False,1995-02-28,,IPS,0.7444448431473137,0.01637599995658709,0.05935061172595379,-0.732253814428252,1.0205893214930644,0.22996057818659657,0.0,False,False,False,False,12.712957482743962
1995-99,NonEvent,SPX Dec-27 90/70 spread,spx,False,False,1995-03-31,,hold,0.8076173069835867,0.0,0.0,-0.8076173069835867,0.8691588785046727,0.0,0.0,False,False,False,False,13.341597877759689
1995-99,NonEvent,SPX Dec-27 90/70 spread,spx,False,False,1995-03-31,,v4_-22,0.8076173069835867,0.0,0.0,-0.8076173069835867,0.8691588785046727,0.0,0.0,False,False,False,False,13.341597877759689
1995-99,NonEvent,SPX Dec-27 90/70 spread,spx,False,False,1995-03-31,,peak_-22,0.8076173069835867,0.0,0.0,-0.8076173069835867,0.8691588785046727,0.0,0.0,False,False,False,False,13.341597877759689
1995-99,NonEvent,SPX Dec-27 90/70 spread,spx,False,False,1995-03-31,,tiered,0.8076173069835867,0.0,0.0,-0.8076173069835867,0.8691588785046727,0.0,0.0,False,False,False,False,13.341597877759689
1995-99,NonEvent,SPX Dec-27 90/70 spread,spx,False,False,1995-03-31,,IPS,0.8076173069835867,0.018802486955699492,0.07595280857974238,-0.7924320931038307,0.8691588785046727,0.0,0.0,False,False,False,False,13.341597877759689
1995-99,NonEvent,SPX Dec-27 90/70 spread,spx,False,False,1995-04-28,,hold,0.7306093006975923,0.0,0.0,-0.7306093006975923,0.9346175153999234,0.657030223390276,0.0,False,False,False,False,12.557951829969435
1995-99,NonEvent,SPX Dec-27 90/70 spread,spx,False,False,1995-04-28,,v4_-22,0.7306093006975923,0.0,0.0,-0.7306093006975923,0.9346175153999234,0.657030223390276,0.0,False,False,False,False,12.557951829969435
1995-99,NonEvent,SPX Dec-27 90/70 spread,spx,False,False,1995-04-28,,peak_-22,0.7306093006975923,0.0,0.0,-0.7306093006975923,0.9346175153999234,0.657030223390276,0.0,False,False,False,False,12.557951829969435
1995-99,NonEvent,SPX Dec-27 90/70 spread,spx,False,False,1995-04-28,,tiered,0.7306093006975923,0.0,0.0,-0.7306093006975923,0.9346175153999234,0.657030223390276,0.0,False,False,False,False,12.557951829969435
1995-99,NonEvent,SPX Dec-27 90/70 spread,spx,False,False,1995-04-28,,IPS,0.7306093006975923,0.011586312639797376,0.043546714498159285,-0.7221442329221662,0.9346175153999234,0.657030223390276,0.0,False,False,False,False,12.557951829969435
1995-99,NonEvent,SPX Dec-27 90/70 spread,spx,False,False,1995-05-31,,hold,0.8100252420642791,0.0,0.0,-0.8100252420642791,0.8843729344517431,0.0657030223390276,0.0,False,False,False,False,12.941069570710138
1995-99,NonEvent,SPX Dec-27 90/70 spread,spx,False,False,1995-05-31,,v4_-22,0.8100252420642791,0.0,0.0,-0.8100252420642791,0.8843729344517431,0.0657030223390276,0.0,False,False,False,False,12.941069570710138
1995-99,NonEvent,SPX Dec-27 90/70 spread,spx,False,False,1995-05-31,,peak_-22,0.8100252420642791,0.0,0.0,-0.8100252420642791,0.8843729344517431,0.0657030223390276,0.0,False,False,False,False,12.941069570710138
1995-99,NonEvent,SPX Dec-27 90/70 spread,spx,False,False,1995-05-31,,tiered,0.8100252420642791,0.0,0.0,-0.8100252420642791,0.8843729344517431,0.0657030223390276,0.0,False,False,False,False,12.941069570710138
1995-99,NonEvent,SPX Dec-27 90/70 spread,spx,False,False,1995-05-31,,IPS,0.8100252420642791,0.06105299864298501,0.2631780315413558,-0.760570772059745,0.8843729344517431,0.0657030223390276,0.0,False,False,False,False,12.941069570710138
1995-99,NonEvent,SPX Dec-27 90/70 spread,spx,False,False,1995-06-30,,hold,0.7343287040095607,0.0,0.0,-0.7343287040095607,0.908272865496462,0.6241787122207622,0.0,False,False,False,False,12.242123597504849
1995-99,NonEvent,SPX Dec-27 90/70 spread,spx,False,False,1995-06-30,,v4_-22,0.7343287040095607,0.0,0.0,-0.7343287040095607,0.908272865496462,0.6241787122207622,0.0,False,False,False,False,12.242123597504849
1995-99,NonEvent,SPX Dec-27 90/70 spread,spx,False,False,1995-06-30,,peak_-22,0.7343287040095607,0.0,0.0,-0.7343287040095607,0.908272865496462,0.6241787122207622,0.0,False,False,False,False,12.242123597504849
1995-99,NonEvent,SPX Dec-27 90/70 spread,spx,False,False,1995-06-30,,tiered,0.7343287040095607,0.0,0.0,-0.7343287040095607,0.908272865496462,0.6241787122207622,0.0,False,False,False,False,12.242123597504849
1995-99,NonEvent,SPX Dec-27 90/70 spread,spx,False,False,1995-06-30,,IPS,0.7343287040095607,0.052922150144295,0.21084362575885213,-0.6954664500807012,0.908272865496462,0.6241787122207622,0.0,False,False,False,False,12.242123597504849
1995-99,NonEvent,SPX Dec-27 90/70 spread,spx,False,False,1995-07-31,,hold,0.814447660908774,0.0,0.0,-0.814447660908774,0.8900024270955846,0.0657030223390276,0.0,False,False,False,False,13.10046890773267
1995-99,NonEvent,SPX Dec-27 90/70 spread,spx,False,False,1995-07-31,,v4_-22,0.814447660908774,0.0,0.0,-0.814447660908774,0.8900024270955846,0.0657030223390276,0.0,False,False,False,False,13.10046890773267
1995-99,NonEvent,SPX Dec-27 90/70 spread,spx,False,False,1995-07-31,,peak_-22,0.814447660908774,0.0,0.0,-0.814447660908774,0.8900024270955846,0.0657030223390276,0.0,False,False,False,False,13.10046890773267
1995-99,NonEvent,SPX Dec-27 90/70 spread,spx,False,False,1995-07-31,,tiered,0.814447660908774,0.0,0.0,-0.814447660908774,0.8900024270955846,0.0657030223390276,0.0,False,False,False,False,13.10046890773267
1995-99,NonEvent,SPX Dec-27 90/70 spread,spx,False,False,1995-07-31,,IPS,0.814447660908774,0.04178211183788237,0.19067576832263314,-0.7804183176545819,0.8900024270955846,0.0657030223390276,0.0,False,False,False,False,13.10046890773267
1995-99,NonEvent,SPX Dec-27 90/70 spread,spx,False,False,1995-08-31,,hold,0.7249534135381854,0.0,0.0,-0.7249534135381854,1.010554000014967,1.8396846254927726,0.0,False,False,False,False,12.25117332548476
1995-99,NonEvent,SPX Dec-27 90/70 spread,spx,False,False,1995-08-31,,v4_-22,0.7249534135381854,0.0,0.0,-0.7249534135381854,1.010554000014967,1.8396846254927726,0.0,False,False,False,False,12.25117332548476
1995-99,NonEvent,SPX Dec-27 90/70 spread,spx,False,False,1995-08-31,,peak_-22,0.7249534135381854,0.0,0.0,-0.7249534135381854,1.010554000014967,1.8396846254927726,0.0,False,False,False,False,12.25117332548476
1995-99,NonEvent,SPX Dec-27 90/70 spread,spx,False,False,1995-08-31,,tiered,0.7249534135381854,0.0,0.0,-0.7249534135381854,1.010554000014967,1.8396846254927726,0.0,False,False,False,False,12.25117332548476
1995-99,NonEvent,SPX Dec-27 90/70 spread,spx,False,False,1995-08-31,,IPS,0.7249534135381854,0.04873453760542901,0.19840834130375767,-0.6896231441439246,1.010554000014967,1.8396846254927726,0.0,False,False,False,False,12.25117332548476
1995-99,NonEvent,SPX Dec-27 90/70 spread,spx,False,False,1995-09-29,,hold,0.7837011785633968,0.0,0.0,-0.7837011785633968,1.0849168539679137,0.8869908015768725,0.0,False,False,False,False,12.71159694924783
1995-99,NonEvent,SPX Dec-27 90/70 spread,spx,False,False,1995-09-29,,v4_-22,0.7837011785633968,0.0,0.0,-0.7837011785633968,1.0849168539679137,0.8869908015768725,0.0,False,False,False,False,12.71159694924783
1995-99,NonEvent,SPX Dec-27 90/70 spread,spx,False,False,1995-09-29,,peak_-22,0.7837011785633968,0.0,0.0,-0.7837011785633968,1.0849168539679137,0.8869908015768725,0.0,False,False,False,False,12.71159694924783
1995-99,NonEvent,SPX Dec-27 90/70 spread,spx,False,False,1995-09-29,,tiered,0.7837011785633968,0.0,0.0,-0.7837011785633968,1.0849168539679137,0.8869908015768725,0.0,False,False,False,False,12.71159694924783
1995-99,NonEvent,SPX Dec-27 90/70 spread,spx,False,False,1995-09-29,,IPS,0.7837011785633968,0.03139246244566759,0.1434935870635132,-0.7590988687467201,1.0849168539679137,0.8869908015768725,0.0,False,False,False,False,12.71159694924783
1995-99,NonEvent,SPX Dec-27 90/70 spread,spx,False,False,1995-10-31,,hold,0.8438107496847587,0.0,0.0,-0.8438107496847587,0.893358646171535,2.3324572930354797,0.0,False,False,False,False,13.173055159919954
1995-99,NonEvent,SPX Dec-27 90/70 spread,spx,False,False,1995-10-31,,v4_-22,0.8438107496847587,0.0,0.0,-0.8438107496847587,0.893358646171535,2.3324572930354797,0.0,False,False,False,False,13.173055159919954
1995-99,NonEvent,SPX Dec-27 90/70 spread,spx,False,False,1995-10-31,,peak_-22,0.8438107496847587,0.0,0.0,-0.8438107496847587,0.893358646171535,2.3324572930354797,0.0,False,False,False,False,13.173055159919954
1995-99,NonEvent,SPX Dec-27 90/70 spread,spx,False,False,1995-10-31,,tiered,0.8438107496847587,0.0,0.0,-0.8438107496847587,0.893358646171535,2.3324572930354797,0.0,False,False,False,False,13.173055159919954
1995-99,NonEvent,SPX Dec-27 90/70 spread,spx,False,False,1995-10-31,,IPS,0.8438107496847587,0.04383024210704937,0.21474908094221526,-0.8068263202335448,0.893358646171535,2.3324572930354797,0.0,False,False,False,False,13.173055159919954
1995-99,NonEvent,SPX Dec-27 90/70 spread,spx,False,False,1995-11-30,,hold,0.750251151034117,2.9485943774842747e-13,1.3392923644706126e-12,-0.7502511510338956,1.2342081215632983,7.752956636005256,2.7421927710603754e-13,False,False,False,False,12.195983448594324
1995-99,NonEvent,SPX Dec-27 90/70 spread,spx,False,False,1995-11-30,,v4_-22,0.750251151034117,2.9485943774842747e-13,1.3392923644706126e-12,-0.7502511510338956,1.2342081215632983,7.752956636005256,2.7421927710603754e-13,False,False,False,False,12.195983448594324
1995-99,NonEvent,SPX Dec-27 90/70 spread,spx,False,False,1995-11-30,,peak_-22,0.750251151034117,2.9485943774842747e-13,1.3392923644706126e-12,-0.7502511510338956,1.2342081215632983,7.752956636005256,2.7421927710603754e-13,False,False,False,False,12.195983448594324
1995-99,NonEvent,SPX Dec-27 90/70 spread,spx,False,False,1995-11-30,,tiered,0.750251151034117,2.9485943774842747e-13,1.3392923644706126e-12,-0.7502511510338956,1.2342081215632983,7.752956636005256,2.7421927710603754e-13,False,False,False,False,12.195983448594324
1995-99,NonEvent,SPX Dec-27 90/70 spread,spx,False,False,1995-11-30,,IPS,0.750251151034117,0.061954876467814744,0.2814076213014377,-0.7037694336519623,1.2342081215632983,7.752956636005256,2.7421927710603754e-13,False,False,False,False,12.195983448594324
1995-99,NonEvent,SPX Dec-27 90/70 spread,spx,False,False,1995-12-29,,hold,0.8013498776884562,0.0,0.0,-0.8013498776884562,1.2346612858565764,6.800262812089356,0.0,False,False,False,False,12.599664359427706
1995-99,NonEvent,SPX Dec-27 90/70 spread,spx,False,False,1995-12-29,,v4_-22,0.8013498776884562,0.0,0.0,-0.8013498776884562,1.2346612858565764,6.800262812089356,0.0,False,False,False,False,12.599664359427706
1995-99,NonEvent,SPX Dec-27 90/70 spread,spx,False,False,1995-12-29,,peak_-22,0.8013498776884562,0.0,0.0,-0.8013498776884562,1.2346612858565764,6.800262812089356,0.0,False,False,False,False,12.599664359427706
1995-99,NonEvent,SPX Dec-27 90/70 spread,spx,False,False,1995-12-29,,tiered,0.8013498776884562,0.0,0.0,-0.8013498776884562,1.2346612858565764,6.800262812089356,0.0,False,False,False,False,12.599664359427706
1995-99,NonEvent,SPX Dec-27 90/70 spread,spx,False,False,1995-12-29,,IPS,0.8013498776884562,0.06343321665983048,0.3113561231569826,-0.7505176772767158,1.2346612858565764,6.800262812089356,0.0,False,False,False,False,12.599664359427706
1995-99,NonEvent,SPX Dec-27 90/70 spread,spx,False,False,1996-01-31,,hold,0.8044382546768406,0.0,0.0,-0.8044382546768406,1.452369854305293,5.716162943495401,0.0,False,False,False,False,12.626784360305876
1995-99,NonEvent,SPX Dec-27 90/70 spread,spx,False,False,1996-01-31,,v4_-22,0.8044382546768406,0.0,0.0,-0.8044382546768406,1.452369854305293,5.716162943495401,0.0,False,False,False,False,12.626784360305876
1995-99,NonEvent,SPX Dec-27 90/70 spread,spx,False,False,1996-01-31,,peak_-22,0.8044382546768406,0.0,0.0,-0.8044382546768406,1.452369854305293,5.716162943495401,0.0,False,False,False,False,12.626784360305876
1995-99,NonEvent,SPX Dec-27 90/70 spread,spx,False,False,1996-01-31,,tiered,0.8044382546768406,0.0,0.0,-0.8044382546768406,1.452369854305293,5.716162943495401,0.0,False,False,False,False,12.626784360305876
1995-99,NonEvent,SPX Dec-27 90/70 spread,spx,False,False,1996-01-31,,IPS,0.8044382546768406,0.10753126885148007,0.549707747026646,-0.7179359884387698,1.452369854305293,5.716162943495401,0.0,False,False,False,False,12.626784360305876
1995-99,NonEvent,SPX Dec-27 90/70 spread,spx,False,False,1996-02-29,,hold,0.984104039026196,0.0,0.0,-0.984104039026196,1.1874164048852824,4.763469119579501,0.0,False,False,False,False,14.458649399411966
1995-99,NonEvent,SPX Dec-27 90/70 spread,spx,False,False,1996-02-29,,v4_-22,0.984104039026196,0.0,0.0,-0.984104039026196,1.1874164048852824,4.763469119579501,0.0,False,False,False,False,14.458649399411966
1995-99,NonEvent,SPX Dec-27 90/70 spread,spx,False,False,1996-02-29,,peak_-22,0.984104039026196,0.0,0.0,-0.984104039026196,1.1874164048852824,4.763469119579501,0.0,False,False,False,False,14.458649399411966
1995-99,NonEvent,SPX Dec-27 90/70 spread,spx,False,False,1996-02-29,,tiered,0.984104039026196,0.0,0.0,-0.984104039026196,1.1874164048852824,4.763469119579501,0.0,False,False,False,False,14.458649399411966
1995-99,NonEvent,SPX Dec-27 90/70 spread,spx,False,False,1996-02-29,,IPS,0.984104039026196,0.05358991475988018,0.3359941265286913,-0.9313659874599284,1.1874164048852824,4.763469119579501,0.0,False,False,False,False,14.458649399411966
1995-99,NonEvent,SPX Dec-27 90/70 spread,spx,False,False,1996-03-29,,hold,1.0427070064514699,0.0,0.0,-1.0427070064514699,1.1668200135000109,3.8107752956636003,0.0,False,False,False,False,15.154418879009777
1995-99,NonEvent,SPX Dec-27 90/70 spread,spx,False,False,1996-03-29,,v4_-22,1.0427070064514699,0.0,0.0,-1.0427070064514699,1.1668200135000109,3.8107752956636003,0.0,False,False,False,False,15.154418879009777
1995-99,NonEvent,SPX Dec-27 90/70 spread,spx,False,False,1996-03-29,,peak_-22,1.0427070064514699,0.0,0.0,-1.0427070064514699,1.1668200135000109,3.8107752956636003,0.0,False,False,False,False,15.154418879009777
1995-99,NonEvent,SPX Dec-27 90/70 spread,spx,False,False,1996-03-29,,tiered,1.0427070064514699,0.0,0.0,-1.0427070064514699,1.1668200135000109,3.8107752956636003,0.0,False,False,False,False,15.154418879009777
1995-99,NonEvent,SPX Dec-27 90/70 spread,spx,False,False,1996-03-29,,IPS,1.0427070064514699,0.03080917643316942,0.20736299591201837,-1.0105820623216044,1.1668200135000109,3.8107752956636003,0.0,False,False,False,False,15.154418879009777
1995-99,NonEvent,SPX Dec-27 90/70 spread,spx,False,False,1996-04-30,,hold,0.9008344203783567,0.0,0.0,-0.9008344203783567,1.3808165174638125,2.759526938239159,0.0,False,False,False,False,14.042656525003594
1995-99,NonEvent,SPX Dec-27 90/70 spread,spx,False,False,1996-04-30,,v4_-22,0.9008344203783567,0.0,0.0,-0.9008344203783567,1.3808165174638125,2.759526938239159,0.0,False,False,False,False,14.042656525003594
1995-99,NonEvent,SPX Dec-27 90/70 spread,spx,False,False,1996-04-30,,peak_-22,0.9008344203783567,0.0,0.0,-0.9008344203783567,1.3808165174638125,2.759526938239159,0.0,False,False,False,False,14.042656525003594
1995-99,NonEvent,SPX Dec-27 90/70 spread,spx,False,False,1996-04-30,,tiered,0.9008344203783567,0.0,0.0,-0.9008344203783567,1.3808165174638125,2.759526938239159,0.0,False,False,False,False,14.042656525003594
1995-99,NonEvent,SPX Dec-27 90/70 spread,spx,False,False,1996-04-30,,IPS,0.9008344203783567,0.03605702378855212,0.2118572003754572,-0.8683530122532277,1.3808165174638125,2.759526938239159,0.0,False,False,False,False,14.042656525003594
1995-99,NonEvent,SPX Dec-27 90/70 spread,spx,False,False,1996-05-31,,hold,0.9007377339724851,0.0,0.0,-0.9007377339724851,1.457697162187635,1.7411300919842312,0.0,False,False,False,False,14.142576198742066
1995-99,NonEvent,SPX Dec-27 90/70 spread,spx,False,False,1996-05-31,,v4_-22,0.9007377339724851,0.0,0.0,-0.9007377339724851,1.457697162187635,1.7411300919842312,0.0,False,False,False,False,14.142576198742066
1995-99,NonEvent,SPX Dec-27 90/70 spread,spx,False,False,1996-05-31,,peak_-22,0.9007377339724851,0.0,0.0,-0.9007377339724851,1.457697162187635,1.7411300919842312,0.0,False,False,False,False,14.142576198742066
1995-99,NonEvent,SPX Dec-27 90/70 spread,spx,False,False,1996-05-31,,tiered,0.9007377339724851,0.0,0.0,-0.9007377339724851,1.457697162187635,1.7411300919842312,0.0,False,False,False,False,14.142576198742066
1995-99,NonEvent,SPX Dec-27 90/70 spread,spx,False,False,1996-05-31,,IPS,0.9007377339724851,0.03449482429676301,0.2066244246435608,-0.8696669441016398,1.457697162187635,1.7411300919842312,0.0,False,False,False,False,14.142576198742066
1995-99,NonEvent,SPX Dec-27 90/70 spread,spx,False,False,1996-06-28,,hold,0.8098850186681842,0.0,0.0,-0.8098850186681842,1.6375943548130716,0.8212877792378449,0.0,False,False,False,False,13.23264037260019
1995-99,NonEvent,SPX Dec-27 90/70 spread,spx,False,False,1996-06-28,,v4_-22,0.8098850186681842,0.0,0.0,-0.8098850186681842,1.6375943548130716,0.8212877792378449,0.0,False,False,False,False,13.23264037260019
1995-99,NonEvent,SPX Dec-27 90/70 spread,spx,False,False,1996-06-28,,peak_-22,0.8098850186681842,0.0,0.0,-0.8098850186681842,1.6375943548130716,0.8212877792378449,0.0,False,False,False,False,13.23264037260019
1995-99,NonEvent,SPX Dec-27 90/70 spread,spx,False,False,1996-06-28,,tiered,0.8098850186681842,0.0,0.0,-0.8098850186681842,1.6375943548130716,0.8212877792378449,0.0,False,False,False,False,13.23264037260019
1995-99,NonEvent,SPX Dec-27 90/70 spread,spx,False,False,1996-06-28,,IPS,0.8098850186681842,0.08220705530796765,0.4466252940247998,-0.7433067561454342,1.6375943548130716,0.8212877792378449,0.0,False,False,False,False,13.23264037260019
1995-99,NonEvent,SPX Dec-27 90/70 spread,spx,False,False,1996-07-31,,hold,1.0715662820850795,0.0,0.0,-1.0715662820850795,0.8691588785046728,0.0,0.0,False,False,False,False,15.573228163907906
1995-99,NonEvent,SPX Dec-27 90/70 spread,spx,False,False,1996-07-31,,v4_-22,1.0715662820850795,0.0,0.0,-1.0715662820850795,0.8691588785046728,0.0,0.0,False,False,False,False,15.573228163907906
1995-99,NonEvent,SPX Dec-27 90/70 spread,spx,False,False,1996-07-31,,peak_-22,1.0715662820850795,0.0,0.0,-1.0715662820850795,0.8691588785046728,0.0,0.0,False,False,False,False,15.573228163907906
1995-99,NonEvent,SPX Dec-27 90/70 spread,spx,False,False,1996-07-31,,tiered,1.0715662820850795,0.0,0.0,-1.0715662820850795,0.8691588785046728,0.0,0.0,False,False,False,False,15.573228163907906
1995-99,NonEvent,SPX Dec-27 90/70 spread,spx,False,False,1996-07-31,,IPS,1.0715662820850795,0.02211285501699654,0.1511437226836297,-1.04787089224823,0.8691588785046728,0.0,0.0,False,False,False,False,15.573228163907906
1995-99,NonEvent,SPX Dec-27 90/70 spread,spx,False,False,1996-08-30,,hold,0.9714209915506592,0.0,0.0,-0.9714209915506592,1.0050432999256425,0.19710906701708278,0.0,False,False,False,False,14.760153662941786
1995-99,NonEvent,SPX Dec-27 90/70 spread,spx,False,False,1996-08-30,,v4_-22,0.9714209915506592,0.0,0.0,-0.9714209915506592,1.0050432999256425,0.19710906701708278,0.0,False,False,False,False,14.760153662941786
1995-99,NonEvent,SPX Dec-27 90/70 spread,spx,False,False,1996-08-30,,peak_-22,0.9714209915506592,0.0,0.0,-0.9714209915506592,1.0050432999256425,0.19710906701708278,0.0,False,False,False,False,14.760153662941786
1995-99,NonEvent,SPX Dec-27 90/70 spread,spx,False,False,1996-08-30,,tiered,0.9714209915506592,0.0,0.0,-0.9714209915506592,1.0050432999256425,0.19710906701708278,0.0,False,False,False,False,14.760153662941786
1995-99,NonEvent,SPX Dec-27 90/70 spread,spx,False,False,1996-08-30,,IPS,0.9714209915506592,0.15402678455300303,0.9722697680819841,-0.8217961397748212,1.0050432999256425,0.19710906701708278,0.0,False,False,False,False,14.760153662941786
1995-99,NonEvent,SPX Dec-27 90/70 spread,spx,False,False,1996-09-30,,hold,0.9964608554359239,0.0,0.0,-0.9964608554359239,0.9585170812086983,2.5295663600525624,0.0,False,False,False,False,14.82992709274717
1995-99,NonEvent,SPX Dec-27 90/70 spread,spx,False,False,1996-09-30,,v4_-22,0.9964608554359239,0.0,0.0,-0.9964608554359239,0.9585170812086983,2.5295663600525624,0.0,False,False,False,False,14.82992709274717
1995-99,NonEvent,SPX Dec-27 90/70 spread,spx,False,False,1996-09-30,,peak_-22,0.9964608554359239,0.0,0.0,-0.9964608554359239,0.9585170812086983,2.5295663600525624,0.0,False,False,False,False,14.82992709274717
1995-99,NonEvent,SPX Dec-27 90/70 spread,spx,False,False,1996-09-30,,tiered,0.9964608554359239,0.0,0.0,-0.9964608554359239,0.9585170812086983,2.5295663600525624,0.0,False,False,False,False,14.82992709274717
1995-99,NonEvent,SPX Dec-27 90/70 spread,spx,False,False,1996-09-30,,IPS,0.9964608554359239,0.0543793681023391,0.37180684876457815,-0.9422739437786021,0.9585170812086983,2.5295663600525624,0.0,False,False,False,False,14.82992709274717
1995-99,NonEvent,SPX Dec-27 90/70 spread,spx,False,False,1996-10-31,,hold,1.0877321990095083,0.0,0.0,-1.0877321990095083,0.959750267628503,1.5111695137976346,0.0,False,False,False,False,15.383312113606795
1995-99,NonEvent,SPX Dec-27 90/70 spread,spx,False,False,1996-10-31,,v4_-22,1.0877321990095083,0.0,0.0,-1.0877321990095083,0.959750267628503,1.5111695137976346,0.0,False,False,False,False,15.383312113606795
1995-99,NonEvent,SPX Dec-27 90/70 spread,spx,False,False,1996-10-31,,peak_-22,1.0877321990095083,0.0,0.0,-1.0877321990095083,0.959750267628503,1.5111695137976346,0.0,False,False,False,False,15.383312113606795
1995-99,NonEvent,SPX Dec-27 90/70 spread,spx,False,False,1996-10-31,,tiered,1.0877321990095083,0.0,0.0,-1.0877321990095083,0.959750267628503,1.5111695137976346,0.0,False,False,False,False,15.383312113606795
1995-99,NonEvent,SPX Dec-27 90/70 spread,spx,False,False,1996-10-31,,IPS,1.0877321990095083,0.05151863959023861,0.3953424836060937,-1.0316937158780397,0.959750267628503,1.5111695137976346,0.0,False,False,False,False,15.383312113606795
1995-99,NonEvent,SPX Dec-27 90/70 spread,spx,False,False,1996-11-29,,hold,1.0677564856416548,0.0,0.0,-1.0677564856416548,1.2258454098357174,0.5584756898817346,0.0,False,False,False,False,15.061077814275972
1995-99,NonEvent,SPX Dec-27 90/70 spread,spx,False,False,1996-11-29,,v4_-22,1.0677564856416548,0.0,0.0,-1.0677564856416548,1.2258454098357174,0.5584756898817346,0.0,False,False,False,False,15.061077814275972
1995-99,NonEvent,SPX Dec-27 90/70 spread,spx,False,False,1996-11-29,,peak_-22,1.0677564856416548,0.0,0.0,-1.0677564856416548,1.2258454098357174,0.5584756898817346,0.0,False,False,False,False,15.061077814275972
1995-99,NonEvent,SPX Dec-27 90/70 spread,spx,False,False,1996-11-29,,tiered,1.0677564856416548,0.0,0.0,-1.0677564856416548,1.2258454098357174,0.5584756898817346,0.0,False,False,False,False,15.061077814275972
1995-99,NonEvent,SPX Dec-27 90/70 spread,spx,False,False,1996-11-29,,IPS,1.0677564856416548,0.05739458259996549,0.46297645555092654,-1.0064730478298458,1.2258454098357174,0.5584756898817346,0.0,False,False,False,False,15.061077814275972
1995-99,NonEvent,SPX Dec-27 90/70 spread,spx,False,False,1996-12-31,,hold,1.2232577578475126,0.0,0.0,-1.2232577578475126,0.8793968250084588,2.9566360052562417,0.0,False,False,False,False,16.649792120139104
1995-99,NonEvent,SPX Dec-27 90/70 spread,spx,False,False,1996-12-31,,v4_-22,1.2232577578475126,0.0,0.0,-1.2232577578475126,0.8793968250084588,2.9566360052562417,0.0,False,False,False,False,16.649792120139104
1995-99,NonEvent,SPX Dec-27 90/70 spread,spx,False,False,1996-12-31,,peak_-22,1.2232577578475126,0.0,0.0,-1.2232577578475126,0.8793968250084588,2.9566360052562417,0.0,False,False,False,False,16.649792120139104
1995-99,NonEvent,SPX Dec-27 90/70 spread,spx,False,False,1996-12-31,,tiered,1.2232577578475126,0.0,0.0,-1.2232577578475126,0.8793968250084588,2.9566360052562417,0.0,False,False,False,False,16.649792120139104
1995-99,NonEvent,SPX Dec-27 90/70 spread,spx,False,False,1996-12-31,,IPS,1.2232577578475126,0.015451955177671206,0.1393682619174057,-1.2043560338025143,0.8793968250084588,2.9566360052562417,0.0,False,False,False,False,16.649792120139104
1995-99,NonEvent,SPX Dec-27 90/70 spread,spx,False,False,1997-01-31,,hold,1.1808586221785817,0.0,0.0,-1.1808586221785817,1.1308616804771783,8.935611038107753,-1.6668139977206202e-15,False,False,False,False,16.306353584075957
1995-99,NonEvent,SPX Dec-27 90/70 spread,spx,False,False,1997-01-31,,v4_-22,1.1808586221785817,0.0,0.0,-1.1808586221785817,1.1308616804771783,8.935611038107753,-1.6668139977206202e-15,False,False,False,False,16.306353584075957
1995-99,NonEvent,SPX Dec-27 90/70 spread,spx,False,False,1997-01-31,,peak_-22,1.1808586221785817,0.0,0.0,-1.1808586221785817,1.1308616804771783,8.935611038107753,-1.6668139977206202e-15,False,False,False,False,16.306353584075957
1995-99,NonEvent,SPX Dec-27 90/70 spread,spx,False,False,1997-01-31,,tiered,1.1808586221785817,0.0,0.0,-1.1808586221785817,1.1308616804771783,8.935611038107753,-1.6668139977206202e-15,False,False,False,False,16.306353584075957
1995-99,NonEvent,SPX Dec-27 90/70 spread,spx,False,False,1997-01-31,,IPS,1.1808586221785817,0.0343337065110753,0.3173530528642244,-1.1403153688136296,1.1308616804771783,8.935611038107753,-1.6668139977206202e-15,False,False,False,False,16.306353584075957
1995-99,NonEvent,SPX Dec-27 90/70 spread,spx,False,False,1997-02-28,,hold,1.2493786372018425,0.0,0.0,-1.2493786372018425,1.1136204230742077,8.015768725361367,-6.451883658747355e-16,False,False,False,False,16.944176814473934
1995-99,NonEvent,SPX Dec-27 90/70 spread,spx,False,False,1997-02-28,,v4_-22,1.2493786372018425,0.0,0.0,-1.2493786372018425,1.1136204230742077,8.015768725361367,-6.451883658747355e-16,False,False,False,False,16.944176814473934
1995-99,NonEvent,SPX Dec-27 90/70 spread,spx,False,False,1997-02-28,,peak_-22,1.2493786372018425,0.0,0.0,-1.2493786372018425,1.1136204230742077,8.015768725361367,-6.451883658747355e-16,False,False,False,False,16.944176814473934
1995-99,NonEvent,SPX Dec-27 90/70 spread,spx,False,False,1997-02-28,,tiered,1.2493786372018425,0.0,0.0,-1.2493786372018425,1.1136204230742077,8.015768725361367,-6.451883658747355e-16,False,False,False,False,16.944176814473934
1995-99,NonEvent,SPX Dec-27 90/70 spread,spx,False,False,1997-02-28,,IPS,1.2493786372018425,0.035437377723251444,0.34894897199602676,-1.2051039345159595,1.1136204230742077,8.015768725361367,-6.451883658747355e-16,False,False,False,False,16.944176814473934
1995-99,NonEvent,SPX Dec-27 90/70 spread,spx,False,False,1997-03-31,,hold,1.2710760598184567,0.0,0.0,-1.2710760598184567,0.9603337944641911,6.9973718791064385,0.0,False,False,False,False,17.389075347681135
1995-99,NonEvent,SPX Dec-27 90/70 spread,spx,False,False,1997-03-31,,v4_-22,1.2710760598184567,0.0,0.0,-1.2710760598184567,0.9603337944641911,6.9973718791064385,0.0,False,False,False,False,17.389075347681135
1995-99,NonEvent,SPX Dec-27 90/70 spread,spx,False,False,1997-03-31,,peak_-22,1.2710760598184567,0.0,0.0,-1.2710760598184567,0.9603337944641911,6.9973718791064385,0.0,False,False,False,False,17.389075347681135
1995-99,NonEvent,SPX Dec-27 90/70 spread,spx,False,False,1997-03-31,,tiered,1.2710760598184567,0.0,0.0,-1.2710760598184567,0.9603337944641911,6.9973718791064385,0.0,False,False,False,False,17.389075347681135
1995-99,NonEvent,SPX Dec-27 90/70 spread,spx,False,False,1997-03-31,,IPS,1.2710760598184567,0.025535199036878526,0.24357653150837894,-1.238618879639981,0.9603337944641911,6.9973718791064385,0.0,False,False,False,False,17.389075347681135
1995-99,NonEvent,SPX Dec-27 90/70 spread,spx,False,False,1997-04-30,,hold,1.2069705890714308,1.2601124646760147e-11,1.2145614159645432e-10,-1.2069705890562215,1.212931504631018,6.011826544021025,1.1719045921486937e-11,False,False,False,False,16.717673975535437
1995-99,NonEvent,SPX Dec-27 90/70 spread,spx,False,False,1997-04-30,,v4_-22,1.2069705890714308,1.2601124646760147e-11,1.2145614159645432e-10,-1.2069705890562215,1.212931504631018,6.011826544021025,1.1719045921486937e-11,False,False,False,False,16.717673975535437
1995-99,NonEvent,SPX Dec-27 90/70 spread,spx,False,False,1997-04-30,,peak_-22,1.2069705890714308,1.2601124646760147e-11,1.2145614159645432e-10,-1.2069705890562215,1.212931504631018,6.011826544021025,1.1719045921486937e-11,False,False,False,False,16.717673975535437
1995-99,NonEvent,SPX Dec-27 90/70 spread,spx,False,False,1997-04-30,,tiered,1.2069705890714308,1.2601124646760147e-11,1.2145614159645432e-10,-1.2069705890562215,1.212931504631018,6.011826544021025,1.1719045921486937e-11,False,False,False,False,16.717673975535437
1995-99,NonEvent,SPX Dec-27 90/70 spread,spx,False,False,1997-04-30,,IPS,1.2069705890714308,0.012867898309732898,0.12402744381689176,-1.191439414268421,1.212931504631018,6.011826544021025,1.1719045921486937e-11,False,False,False,False,16.717673975535437
1995-99,NonEvent,SPX Dec-27 90/70 spread,spx,False,False,1997-05-30,,hold,1.1884376512409431,0.0,0.0,-1.1884376512409431,1.449846373132753,5.026281208935611,0.0,False,False,False,False,16.478091860146662
1995-99,NonEvent,SPX Dec-27 90/70 spread,spx,False,False,1997-05-30,,v4_-22,1.1884376512409431,0.0,0.0,-1.1884376512409431,1.449846373132753,5.026281208935611,0.0,False,False,False,False,16.478091860146662
1995-99,NonEvent,SPX Dec-27 90/70 spread,spx,False,False,1997-05-30,,peak_-22,1.1884376512409431,0.0,0.0,-1.1884376512409431,1.449846373132753,5.026281208935611,0.0,False,False,False,False,16.478091860146662
1995-99,NonEvent,SPX Dec-27 90/70 spread,spx,False,False,1997-05-30,,tiered,1.1884376512409431,0.0,0.0,-1.1884376512409431,1.449846373132753,5.026281208935611,0.0,False,False,False,False,16.478091860146662
1995-99,NonEvent,SPX Dec-27 90/70 spread,spx,False,False,1997-05-30,,IPS,1.1884376512409431,0.07509631394627123,0.756142963937477,-1.0991903642777843,1.449846373132753,5.026281208935611,0.0,False,False,False,False,16.478091860146662
1995-99,NonEvent,SPX Dec-27 90/70 spread,spx,False,False,1997-06-30,,hold,1.3119020512857233,0.0,0.0,-1.3119020512857233,1.4478232749725066,4.0078843626806835,0.0,False,False,False,False,17.50738635701184
1995-99,NonEvent,SPX Dec-27 90/70 spread,spx,False,False,1997-06-30,,v4_-22,1.3119020512857233,0.0,0.0,-1.3119020512857233,1.4478232749725066,4.0078843626806835,0.0,False,False,False,False,17.50738635701184
1995-99,NonEvent,SPX Dec-27 90/70 spread,spx,False,False,1997-06-30,,peak_-22,1.3119020512857233,0.0,0.0,-1.3119020512857233,1.4478232749725066,4.0078843626806835,0.0,False,False,False,False,17.50738635701184
1995-99,NonEvent,SPX Dec-27 90/70 spread,spx,False,False,1997-06-30,,tiered,1.3119020512857233,0.0,0.0,-1.3119020512857233,1.4478232749725066,4.0078843626806835,0.0,False,False,False,False,17.50738635701184
1995-99,NonEvent,SPX Dec-27 90/70 spread,spx,False,False,1997-06-30,,IPS,1.3119020512857233,0.9885106363903943,11.42444093632262,-0.015072919687409331,1.4478232749725066,4.0078843626806835,0.0,False,False,False,False,17.50738635701184
1995-99,NonEvent,SPX Dec-27 90/70 spread,spx,False,False,1997-07-31,,hold,1.3694946099597969,0.0,0.0,-1.3694946099597969,1.7435677092817063,13.009198423127463,0.0,False,False,False,False,17.702094748020265
1995-99,NonEvent,SPX Dec-27 90/70 spread,spx,False,False,1997-07-31,,v4_-22,1.3694946099597969,0.0,0.0,-1.3694946099597969,1.7435677092817063,13.009198423127463,0.0,False,False,False,False,17.702094748020265
1995-99,NonEvent,SPX Dec-27 90/70 spread,spx,False,False,1997-07-31,,peak_-22,1.3694946099597969,0.0,0.0,-1.3694946099597969,1.7435677092817063,13.009198423127463,0.0,False,False,False,False,17.702094748020265
1995-99,NonEvent,SPX Dec-27 90/70 spread,spx,False,False,1997-07-31,,tiered,1.3694946099597969,0.0,0.0,-1.3694946099597969,1.7435677092817063,13.009198423127463,0.0,False,False,False,False,17.702094748020265
1995-99,NonEvent,SPX Dec-27 90/70 spread,spx,False,False,1997-07-31,,IPS,1.3694946099597969,1.1774045592903601,15.335220082576623,0.24295458773044143,1.7435677092817063,13.009198423127463,0.0,False,False,False,False,17.702094748020265
1995-99,NonEvent,SPX Dec-27 90/70 spread,spx,False,False,1997-08-29,,hold,1.5114115463606363,0.0,0.0,-1.5114115463606363,1.3429118465281424,12.056504599211562,0.0,False,False,False,False,19.116854748563604
1995-99,NonEvent,SPX Dec-27 90/70 spread,spx,False,False,1997-08-29,,v4_-22,1.5114115463606363,0.0,0.0,-1.5114115463606363,1.3429118465281424,12.056504599211562,0.0,False,False,False,False,19.116854748563604
1995-99,NonEvent,SPX Dec-27 90/70 spread,spx,False,False,1997-08-29,,peak_-22,1.5114115463606363,0.0,0.0,-1.5114115463606363,1.3429118465281424,12.056504599211562,0.0,False,False,False,False,19.116854748563604
1995-99,NonEvent,SPX Dec-27 90/70 spread,spx,False,False,1997-08-29,,tiered,1.5114115463606363,0.0,0.0,-1.5114115463606363,1.3429118465281424,12.056504599211562,0.0,False,False,False,False,19.116854748563604
1995-99,NonEvent,SPX Dec-27 90/70 spread,spx,False,False,1997-08-29,,IPS,1.5114115463606363,0.13825372587614837,1.8805040987798163,-1.3024532687440475,1.3429118465281424,12.056504599211562,0.0,False,False,False,False,19.116854748563604
1995-99,NonEvent,SPX Dec-27 90/70 spread,spx,False,False,1997-09-30,,hold,1.4645407120046865,0.0,0.0,-1.4645407120046865,1.7691609738967766,11.005256241787121,-1.3866492683665812e-15,False,False,False,False,18.61110203780128
1995-99,NonEvent,SPX Dec-27 90/70 spread,spx,False,False,1997-09-30,,v4_-22,1.4645407120046865,0.0,0.0,-1.4645407120046865,1.7691609738967766,11.005256241787121,-1.3866492683665812e-15,False,False,False,False,18.61110203780128
1995-99,NonEvent,SPX Dec-27 90/70 spread,spx,False,False,1997-09-30,,peak_-22,1.4645407120046865,0.0,0.0,-1.4645407120046865,1.7691609738967766,11.005256241787121,-1.3866492683665812e-15,False,False,False,False,18.61110203780128
1995-99,NonEvent,SPX Dec-27 90/70 spread,spx,False,False,1997-09-30,,tiered,1.4645407120046865,0.0,0.0,-1.4645407120046865,1.7691609738967766,11.005256241787121,-1.3866492683665812e-15,False,False,False,False,18.61110203780128
1995-99,NonEvent,SPX Dec-27 90/70 spread,spx,False,False,1997-09-30,,IPS,1.4645407120046865,0.08921272965600846,1.2358981572736762,-1.3338850373943942,1.7691609738967766,11.005256241787121,-1.3866492683665812e-15,False,False,False,False,18.61110203780128
1995-99,NonEvent,SPX Dec-27 90/70 spread,spx,False,False,1997-10-31,,hold,1.9987088338251748,1.2670445907722788e-15,2.3245090785596778e-14,-1.9987088338251722,1.1845674327904328,9.986859395532194,1.1783514694182193e-15,False,False,False,False,22.79418241411024
1995-99,NonEvent,SPX Dec-27 90/70 spread,spx,False,False,1997-10-31,,v4_-22,1.9987088338251748,1.2670445907722788e-15,2.3245090785596778e-14,-1.9987088338251722,1.1845674327904328,9.986859395532194,1.1783514694182193e-15,False,False,False,False,22.79418241411024
1995-99,NonEvent,SPX Dec-27 90/70 spread,spx,False,False,1997-10-31,,peak_-22,1.9987088338251748,1.2670445907722788e-15,2.3245090785596778e-14,-1.9987088338251722,1.1845674327904328,9.986859395532194,1.1783514694182193e-15,False,False,False,False,22.79418241411024
1995-99,NonEvent,SPX Dec-27 90/70 spread,spx,False,False,1997-10-31,,tiered,1.9987088338251748,1.2670445907722788e-15,2.3245090785596778e-14,-1.9987088338251722,1.1845674327904328,9.986859395532194,1.1783514694182193e-15,False,False,False,False,22.79418241411024
1995-99,NonEvent,SPX Dec-27 90/70 spread,spx,False,False,1997-10-31,,IPS,1.9987088338251748,0.030967657635208777,0.5681299761588915,-1.9368135029468092,1.1845674327904328,9.986859395532194,1.1783514694182193e-15,False,False,False,False,22.79418241411024
1995-99,NonEvent,SPX Dec-27 90/70 spread,spx,False,False,1997-11-28,,hold,1.6994678716511116,0.0,0.0,-1.6994678716511116,1.577822489432443,10.315374507227332,0.0,False,False,False,False,20.366398601610477
1995-99,NonEvent,SPX Dec-27 90/70 spread,spx,False,False,1997-11-28,,v4_-22,1.6994678716511116,0.0,0.0,-1.6994678716511116,1.577822489432443,10.315374507227332,0.0,False,False,False,False,20.366398601610477
1995-99,NonEvent,SPX Dec-27 90/70 spread,spx,False,False,1997-11-28,,peak_-22,1.6994678716511116,0.0,0.0,-1.6994678716511116,1.577822489432443,10.315374507227332,0.0,False,False,False,False,20.366398601610477
1995-99,NonEvent,SPX Dec-27 90/70 spread,spx,False,False,1997-11-28,,tiered,1.6994678716511116,0.0,0.0,-1.6994678716511116,1.577822489432443,10.315374507227332,0.0,False,False,False,False,20.366398601610477
1995-99,NonEvent,SPX Dec-27 90/70 spread,spx,False,False,1997-11-28,,IPS,1.6994678716511116,0.09248334403720541,1.4941129519393226,-1.5422953997970246,1.577822489432443,10.315374507227332,0.0,False,False,False,False,20.366398601610477
1995-99,NonEvent,SPX Dec-27 90/70 spread,spx,False,False,1997-12-31,,hold,1.5904160429458059,0.0,0.0,-1.5904160429458059,1.7995362137191602,9.231274638633376,0.0,False,False,False,False,19.395061509513276
1995-99,NonEvent,SPX Dec-27 90/70 spread,spx,False,False,1997-12-31,,v4_-22,1.5904160429458059,0.0,0.0,-1.5904160429458059,1.7995362137191602,9.231274638633376,0.0,False,False,False,False,19.395061509513276
1995-99,NonEvent,SPX Dec-27 90/70 spread,spx,False,False,1997-12-31,,peak_-22,1.5904160429458059,0.0,0.0,-1.5904160429458059,1.7995362137191602,9.231274638633376,0.0,False,False,False,False,19.395061509513276
1995-99,NonEvent,SPX Dec-27 90/70 spread,spx,False,False,1997-12-31,,tiered,1.5904160429458059,0.0,0.0,-1.5904160429458059,1.7995362137191602,9.231274638633376,0.0,False,False,False,False,19.395061509513276
1995-99,NonEvent,SPX Dec-27 90/70 spread,spx,False,False,1997-12-31,,IPS,1.5904160429458059,0.09740646434000318,1.4992805999754657,-1.4354992393728365,1.7995362137191602,9.231274638633376,0.0,False,False,False,False,19.395061509513276
1995-99,NonEvent,SPX Dec-27 90/70 spread,spx,False,False,1998-01-30,,hold,1.524179285299401,0.0,0.0,-1.524179285299401,1.9516288442713823,8.245729303547963,0.0,False,False,False,False,18.692341883038488
1995-99,NonEvent,SPX Dec-27 90/70 spread,spx,False,False,1998-01-30,,v4_-22,1.524179285299401,0.0,0.0,-1.524179285299401,1.9516288442713823,8.245729303547963,0.0,False,False,False,False,18.692341883038488
1995-99,NonEvent,SPX Dec-27 90/70 spread,spx,False,False,1998-01-30,,peak_-22,1.524179285299401,0.0,0.0,-1.524179285299401,1.9516288442713823,8.245729303547963,0.0,False,False,False,False,18.692341883038488
1995-99,NonEvent,SPX Dec-27 90/70 spread,spx,False,False,1998-01-30,,tiered,1.524179285299401,0.0,0.0,-1.524179285299401,1.9516288442713823,8.245729303547963,0.0,False,False,False,False,18.692341883038488
1995-99,NonEvent,SPX Dec-27 90/70 spread,spx,False,False,1998-01-30,,IPS,1.524179285299401,1.0266450275432737,15.363163574338252,0.040611799037689765,1.9516288442713823,8.245729303547963,0.0,False,False,False,False,18.692341883038488
1995-99,NonEvent,SPX Dec-27 90/70 spread,spx,False,False,1998-02-27,,hold,1.384299546488145,0.0,0.0,-1.384299546488145,2.577587641024612,7.3258869908015765,0.0,False,False,False,False,17.662449369217747
1995-99,NonEvent,SPX Dec-27 90/70 spread,spx,False,False,1998-02-27,,v4_-22,1.384299546488145,0.0,0.0,-1.384299546488145,2.577587641024612,7.3258869908015765,0.0,False,False,False,False,17.662449369217747
1995-99,NonEvent,SPX Dec-27 90/70 spread,spx,False,False,1998-02-27,,peak_-22,1.384299546488145,0.0,0.0,-1.384299546488145,2.577587641024612,7.3258869908015765,0.0,False,False,False,False,17.662449369217747
1995-99,NonEvent,SPX Dec-27 90/70 spread,spx,False,False,1998-02-27,,tiered,1.384299546488145,0.0,0.0,-1.384299546488145,2.577587641024612,7.3258869908015765,0.0,False,False,False,False,17.662449369217747
1995-99,NonEvent,SPX Dec-27 90/70 spread,spx,False,False,1998-02-27,,IPS,1.384299546488145,1.4231786712045,20.626030834268526,0.5858060426318451,2.577587641024612,7.3258869908015765,0.0,False,False,False,False,17.662449369217747
1995-99,NonEvent,SPX Dec-27 90/70 spread,spx,False,False,1998-03-31,,hold,1.6892786025409359,0.0,0.0,-1.6892786025409359,2.3686406986425768,6.274638633377135,0.0,False,False,False,False,20.2037455369472
1995-99,NonEvent,SPX Dec-27 90/70 spread,spx,False,False,1998-03-31,,v4_-22,1.6892786025409359,0.0,0.0,-1.6892786025409359,2.3686406986425768,6.274638633377135,0.0,False,False,False,False,20.2037455369472
1995-99,NonEvent,SPX Dec-27 90/70 spread,spx,False,False,1998-03-31,,peak_-22,1.6892786025409359,0.0,0.0,-1.6892786025409359,2.3686406986425768,6.274638633377135,0.0,False,False,False,False,20.2037455369472
1995-99,NonEvent,SPX Dec-27 90/70 spread,spx,False,False,1998-03-31,,tiered,1.6892786025409359,1.1336498440230867,21.028263412477198,0.22577182174113375,2.3686406986425768,6.274638633377135,0.0,False,False,False,False,20.2037455369472
1995-99,NonEvent,SPX Dec-27 90/70 spread,spx,False,False,1998-03-31,,IPS,1.6892786025409359,1.4179011786552809,26.300889674905598,0.705951519079003,2.3686406986425768,6.274638633377135,0.0,False,False,False,False,20.2037455369472
1995-99,NonEvent,SPX Dec-27 90/70 spread,spx,False,False,1998-04-30,,hold,1.5873901508627508,0.0,0.0,-1.5873901508627508,2.5341828176916126,5.289093298291721,0.0,False,False,False,False,19.395243180554722
1995-99,NonEvent,SPX Dec-27 90/70 spread,spx,False,False,1998-04-30,,v4_-22,1.5873901508627508,0.0,0.0,-1.5873901508627508,2.5341828176916126,5.289093298291721,0.0,False,False,False,False,19.395243180554722
1995-99,NonEvent,SPX Dec-27 90/70 spread,spx,False,False,1998-04-30,,peak_-22,1.5873901508627508,0.0,0.0,-1.5873901508627508,2.5341828176916126,5.289093298291721,0.0,False,False,False,False,19.395243180554722
1995-99,NonEvent,SPX Dec-27 90/70 spread,spx,False,False,1998-04-30,,tiered,1.5873901508627508,1.2096900022577564,21.343030053582165,0.33285984431835053,2.5341828176916126,5.289093298291721,0.0,False,False,False,False,19.395243180554722
1995-99,NonEvent,SPX Dec-27 90/70 spread,spx,False,False,1998-04-30,,IPS,1.5873901508627508,1.4445559840351128,25.486861694979908,0.7056837905644363,2.5341828176916126,5.289093298291721,0.0,False,False,False,False,19.395243180554722
1995-99,NonEvent,SPX Dec-27 90/70 spread,spx,False,False,1998-05-29,,hold,1.6338531818285678,0.0,0.0,-1.6338531818285678,2.2400264626799125,4.336399474375821,0.0,False,False,False,False,19.73587395149144
1995-99,NonEvent,SPX Dec-27 90/70 spread,spx,False,False,1998-05-29,,v4_-22,1.6338531818285678,0.0,0.0,-1.6338531818285678,2.2400264626799125,4.336399474375821,0.0,False,False,False,False,19.73587395149144
1995-99,NonEvent,SPX Dec-27 90/70 spread,spx,False,False,1998-05-29,,peak_-22,1.6338531818285678,0.0,0.0,-1.6338531818285678,2.2400264626799125,4.336399474375821,0.0,False,False,False,False,19.73587395149144
1995-99,NonEvent,SPX Dec-27 90/70 spread,spx,False,False,1998-05-29,,tiered,1.6338531818285678,1.0682053793895703,18.966249195849297,0.11143757613347399,2.2400264626799125,4.336399474375821,0.0,False,False,False,False,19.73587395149144
1995-99,NonEvent,SPX Dec-27 90/70 spread,spx,False,False,1998-05-29,,IPS,1.6338531818285678,1.2940700651670785,22.976532234721855,0.48046731165376544,2.2400264626799125,4.336399474375821,0.0,False,False,False,False,19.73587395149144
1995-99,NonEvent,SPX Dec-27 90/70 spread,spx,False,False,1998-06-30,,hold,1.576740189701968,0.0,0.0,-1.576740189701968,2.510561838252993,3.2851511169513796,0.0,False,False,False,False,19.217968905811194
1995-99,NonEvent,SPX Dec-27 90/70 spread,spx,False,False,1998-06-30,,v4_-22,1.576740189701968,0.0,0.0,-1.576740189701968,2.510561838252993,3.2851511169513796,0.0,False,False,False,False,19.217968905811194
1995-99,NonEvent,SPX Dec-27 90/70 spread,spx,False,False,1998-06-30,,peak_-22,1.576740189701968,0.0,0.0,-1.576740189701968,2.510561838252993,3.2851511169513796,0.0,False,False,False,False,19.217968905811194
1995-99,NonEvent,SPX Dec-27 90/70 spread,spx,False,False,1998-06-30,,tiered,1.576740189701968,1.1938643033058438,21.281697984689696,0.30567363837089623,2.510561838252993,3.2851511169513796,0.0,False,False,False,False,19.217968905811194
1995-99,NonEvent,SPX Dec-27 90/70 spread,spx,False,False,1998-06-30,,IPS,1.576740189701968,1.5023831594391133,26.781322272499683,0.7921277181171015,2.510561838252993,3.2851511169513796,0.0,False,False,False,False,19.217968905811194
1995-99,NonEvent,SPX Dec-27 90/70 spread,spx,False,False,1998-07-31,,hold,1.8385781883911492,0.0,0.0,-1.8385781883911492,2.0091977403562913,2.266754270696452,0.0,False,False,False,False,21.35346778191722
1995-99,NonEvent,SPX Dec-27 90/70 spread,spx,False,False,1998-07-31,,v4_-22,1.8385781883911492,0.0,0.0,-1.8385781883911492,2.0091977403562913,2.266754270696452,0.0,False,False,False,False,21.35346778191722
1995-99,NonEvent,SPX Dec-27 90/70 spread,spx,False,False,1998-07-31,,peak_-22,1.8385781883911492,0.0,0.0,-1.8385781883911492,2.0091977403562913,2.266754270696452,0.0,False,False,False,False,21.35346778191722
1995-99,NonEvent,SPX Dec-27 90/70 spread,spx,False,False,1998-07-31,,tiered,1.8385781883911492,0.9544839296417286,19.572452985040822,-0.08368485418199484,2.0091977403562913,2.266754270696452,0.0,False,False,False,False,21.35346778191722
1995-99,NonEvent,SPX Dec-27 90/70 spread,spx,False,False,1998-07-31,,IPS,1.8385781883911492,1.1494675667611463,23.57074771987679,0.2748078081189416,2.0091977403562913,2.266754270696452,0.0,False,False,False,False,21.35346778191722
1995-99,NonEvent,SPX Dec-27 90/70 spread,spx,False,False,1998-08-31,,hold,2.6734337659082823,0.0,0.0,-2.6734337659082823,0.9109955536094297,1.2483574244415243,-4.0574875302362513e-16,False,False,False,False,28.04866905178576
1995-99,NonEvent,SPX Dec-27 90/70 spread,spx,False,False,1998-08-31,,v4_-22,2.6734337659082823,0.0,0.0,-2.6734337659082823,0.9109955536094297,1.2483574244415243,-4.0574875302362513e-16,False,False,False,False,28.04866905178576
1995-99,NonEvent,SPX Dec-27 90/70 spread,spx,False,False,1998-08-31,,peak_-22,2.6734337659082823,0.0,0.0,-2.6734337659082823,0.9109955536094297,1.2483574244415243,-4.0574875302362513e-16,False,False,False,False,28.04866905178576
1995-99,NonEvent,SPX Dec-27 90/70 spread,spx,False,False,1998-08-31,,tiered,2.6734337659082823,0.0,0.0,-2.6734337659082823,0.9109955536094297,1.2483574244415243,-4.0574875302362513e-16,False,False,False,False,28.04866905178576
1995-99,NonEvent,SPX Dec-27 90/70 spread,spx,False,False,1998-08-31,,IPS,2.6734337659082823,0.013403655642465205,0.3408223014196578,-2.6375999803271086,0.9109955536094297,1.2483574244415243,-4.0574875302362513e-16,False,False,False,False,28.04866905178576
1995-99,NonEvent,SPX Dec-27 90/70 spread,spx,False,False,1998-09-30,,hold,2.654310651424188,0.0,0.0,-2.654310651424188,1.0450254453158623,0.2628120893561104,0.0,False,False,False,False,27.183241466279696
1995-99,NonEvent,SPX Dec-27 90/70 spread,spx,False,False,1998-09-30,,v4_-22,2.654310651424188,0.0,0.0,-2.654310651424188,1.0450254453158623,0.2628120893561104,0.0,False,False,False,False,27.183241466279696
1995-99,NonEvent,SPX Dec-27 90/70 spread,spx,False,False,1998-09-30,,peak_-22,2.654310651424188,0.0,0.0,-2.654310651424188,1.0450254453158623,0.2628120893561104,0.0,False,False,False,False,27.183241466279696
1995-99,NonEvent,SPX Dec-27 90/70 spread,spx,False,False,1998-09-30,,tiered,2.654310651424188,0.0,0.0,-2.654310651424188,1.0450254453158623,0.2628120893561104,0.0,False,False,False,False,27.183241466279696
1995-99,NonEvent,SPX Dec-27 90/70 spread,spx,False,False,1998-09-30,,IPS,2.654310651424188,0.016917976113600193,0.4561408846751912,-2.609405087225319,1.0450254453158623,0.2628120893561104,0.0,False,False,False,False,27.183241466279696
1995-99,NonEvent,SPX Dec-27 90/70 spread,spx,False,False,1998-10-30,,hold,2.131198287296045,0.0,0.0,-2.131198287296045,0.8691588785046728,0.0,0.0,False,False,False,False,23.016341058572216
1995-99,NonEvent,SPX Dec-27 90/70 spread,spx,False,False,1998-10-30,,v4_-22,2.131198287296045,0.0,0.0,-2.131198287296045,0.8691588785046728,0.0,0.0,False,False,False,False,23.016341058572216
1995-99,NonEvent,SPX Dec-27 90/70 spread,spx,False,False,1998-10-30,,peak_-22,2.131198287296045,0.0,0.0,-2.131198287296045,0.8691588785046728,0.0,0.0,False,False,False,False,23.016341058572216
1995-99,NonEvent,SPX Dec-27 90/70 spread,spx,False,False,1998-10-30,,tiered,2.131198287296045,0.0,0.0,-2.131198287296045,0.8691588785046728,0.0,0.0,False,False,False,False,23.016341058572216
1995-99,NonEvent,SPX Dec-27 90/70 spread,spx,False,False,1998-10-30,,IPS,2.131198287296045,0.037125001822214954,0.8680926227398519,-2.0520775469966783,0.8691588785046728,0.0,0.0,False,False,False,False,23.016341058572216
1995-99,NonEvent,SPX Dec-27 90/70 spread,spx,False,False,1998-11-30,,hold,2.036745287916845,0.0,0.0,-2.036745287916845,1.0310144065643083,0.45992115637319314,0.0,False,False,False,False,22.384681986292083
1995-99,NonEvent,SPX Dec-27 90/70 spread,spx,False,False,1998-11-30,,v4_-22,2.036745287916845,0.0,0.0,-2.036745287916845,1.0310144065643083,0.45992115637319314,0.0,False,False,False,False,22.384681986292083
1995-99,NonEvent,SPX Dec-27 90/70 spread,spx,False,False,1998-11-30,,peak_-22,2.036745287916845,0.0,0.0,-2.036745287916845,1.0310144065643083,0.45992115637319314,0.0,False,False,False,False,22.384681986292083
1995-99,NonEvent,SPX Dec-27 90/70 spread,spx,False,False,1998-11-30,,tiered,2.036745287916845,0.0,0.0,-2.036745287916845,1.0310144065643083,0.45992115637319314,0.0,False,False,False,False,22.384681986292083
1995-99,NonEvent,SPX Dec-27 90/70 spread,spx,False,False,1998-11-30,,IPS,2.036745287916845,0.08138536461489372,1.919167267664185,-1.870984030032066,1.0310144065643083,0.45992115637319314,0.0,False,False,False,False,22.384681986292083
1995-99,NonEvent,SPX Dec-27 90/70 spread,spx,False,False,1998-12-31,,hold,1.9676633035860396,2.875134217290136e-13,6.9709973898126926e-12,-1.9676633035854743,1.0980249117058034,0.45992115637319314,2.6738748220798263e-13,False,False,False,False,21.9202060034595
1995-99,NonEvent,SPX Dec-27 90/70 spread,spx,False,False,1998-12-31,,v4_-22,1.9676633035860396,2.875134217290136e-13,6.9709973898126926e-12,-1.9676633035854743,1.0980249117058034,0.45992115637319314,2.6738748220798263e-13,False,False,False,False,21.9202060034595
1995-99,NonEvent,SPX Dec-27 90/70 spread,spx,False,False,1998-12-31,,peak_-22,1.9676633035860396,2.875134217290136e-13,6.9709973898126926e-12,-1.9676633035854743,1.0980249117058034,0.45992115637319314,2.6738748220798263e-13,False,False,False,False,21.9202060034595
1995-99,NonEvent,SPX Dec-27 90/70 spread,spx,False,False,1998-12-31,,tiered,1.9676633035860396,2.875134217290136e-13,6.9709973898126926e-12,-1.9676633035854743,1.0980249117058034,0.45992115637319314,2.6738748220798263e-13,False,False,False,False,21.9202060034595
1995-99,NonEvent,SPX Dec-27 90/70 spread,spx,False,False,1998-12-31,,IPS,1.9676633035860396,0.10153856111440418,2.4618852234348405,-1.7678696029822982,1.0980249117058034,0.45992115637319314,2.6738748220798263e-13,False,False,False,False,21.9202060034595
1995-99,NonEvent,SPX Dec-27 90/70 spread,spx,False,False,1999-01-29,,hold,2.080753642359144,1.5626853180462868e-07,4.143061354478536e-06,-2.0807533172028276,1.0851810689366996,0.36136662286465177,1.4532973457830468e-07,False,False,False,False,22.778935419822606
1995-99,NonEvent,SPX Dec-27 90/70 spread,spx,False,False,1999-01-29,,v4_-22,2.080753642359144,1.5626853180462868e-07,4.143061354478536e-06,-2.0807533172028276,1.0851810689366996,0.36136662286465177,1.4532973457830468e-07,False,False,False,False,22.778935419822606
1995-99,NonEvent,SPX Dec-27 90/70 spread,spx,False,False,1999-01-29,,peak_-22,2.080753642359144,1.5626853180462868e-07,4.143061354478536e-06,-2.0807533172028276,1.0851810689366996,0.36136662286465177,1.4532973457830468e-07,False,False,False,False,22.778935419822606
1995-99,NonEvent,SPX Dec-27 90/70 spread,spx,False,False,1999-01-29,,tiered,2.080753642359144,1.5626853180462868e-07,4.143061354478536e-06,-2.0807533172028276,1.0851810689366996,0.36136662286465177,1.4532973457830468e-07,False,False,False,False,22.778935419822606
1995-99,NonEvent,SPX Dec-27 90/70 spread,spx,False,False,1999-01-29,,IPS,2.080753642359144,0.11012658792520527,2.9197254576112046,-1.8516073434131888,1.0851810689366996,0.36136662286465177,1.4532973457830468e-07,False,False,False,False,22.778935419822606
1995-99,NonEvent,SPX Dec-27 90/70 spread,spx,False,False,1999-02-26,,hold,2.1019396529346546,0.0,0.0,-2.1019396529346546,0.8992448818621773,0.1314060446780552,0.0,False,False,False,False,23.512060759080978
1995-99,NonEvent,SPX Dec-27 90/70 spread,spx,False,False,1999-02-26,,v4_-22,2.1019396529346546,0.0,0.0,-2.1019396529346546,0.8992448818621773,0.1314060446780552,0.0,False,False,False,False,23.512060759080978
1995-99,NonEvent,SPX Dec-27 90/70 spread,spx,False,False,1999-02-26,,peak_-22,2.1019396529346546,0.0,0.0,-2.1019396529346546,0.8992448818621773,0.1314060446780552,0.0,False,False,False,False,23.512060759080978
1995-99,NonEvent,SPX Dec-27 90/70 spread,spx,False,False,1999-02-26,,tiered,2.1019396529346546,0.0,0.0,-2.1019396529346546,0.8992448818621773,0.1314060446780552,0.0,False,False,False,False,23.512060759080978
1995-99,NonEvent,SPX Dec-27 90/70 spread,spx,False,False,1999-02-26,,IPS,2.1019396529346546,0.10731057102785349,2.779440039473058,-1.8763793085121487,0.8992448818621773,0.1314060446780552,0.0,False,False,False,False,23.512060759080978
1995-99,NonEvent,SPX Dec-27 90/70 spread,spx,False,False,1999-03-31,,hold,1.9011152025326987,0.0,0.0,-1.9011152025326987,1.1160704120952751,6.504599211563732,0.0,False,False,False,False,21.865575275247554
1995-99,NonEvent,SPX Dec-27 90/70 spread,spx,False,False,1999-03-31,,v4_-22,1.9011152025326987,0.0,0.0,-1.9011152025326987,1.1160704120952751,6.504599211563732,0.0,False,False,False,False,21.865575275247554
1995-99,NonEvent,SPX Dec-27 90/70 spread,spx,False,False,1999-03-31,,peak_-22,1.9011152025326987,0.0,0.0,-1.9011152025326987,1.1160704120952751,6.504599211563732,0.0,False,False,False,False,21.865575275247554
1995-99,NonEvent,SPX Dec-27 90/70 spread,spx,False,False,1999-03-31,,tiered,1.9011152025326987,0.0,0.0,-1.9011152025326987,1.1160704120952751,6.504599211563732,0.0,False,False,False,False,21.865575275247554
1995-99,NonEvent,SPX Dec-27 90/70 spread,spx,False,False,1999-03-31,,IPS,1.9011152025326987,0.10646285935078942,2.590747492872248,-1.6987170421158126,1.1160704120952751,6.504599211563732,0.0,False,False,False,False,21.865575275247554
1995-99,NonEvent,SPX Dec-27 90/70 spread,spx,False,False,1999-04-30,,hold,2.008112177648722,0.0,0.0,-2.008112177648722,1.1872607637834924,5.519053876478318,0.0,False,False,False,False,22.802295820423822
1995-99,NonEvent,SPX Dec-27 90/70 spread,spx,False,False,1999-04-30,,v4_-22,2.008112177648722,0.0,0.0,-2.008112177648722,1.1872607637834924,5.519053876478318,0.0,False,False,False,False,22.802295820423822
1995-99,NonEvent,SPX Dec-27 90/70 spread,spx,False,False,1999-04-30,,peak_-22,2.008112177648722,0.0,0.0,-2.008112177648722,1.1872607637834924,5.519053876478318,0.0,False,False,False,False,22.802295820423822
1995-99,NonEvent,SPX Dec-27 90/70 spread,spx,False,False,1999-04-30,,tiered,2.008112177648722,0.0,0.0,-2.008112177648722,1.1872607637834924,5.519053876478318,0.0,False,False,False,False,22.802295820423822
1995-99,NonEvent,SPX Dec-27 90/70 spread,spx,False,False,1999-04-30,,IPS,2.008112177648722,0.08252998797454968,2.1982878278561646,-1.8423827037758265,1.1872607637834924,5.519053876478318,0.0,False,False,False,False,22.802295820423822
1995-99,NonEvent,SPX Dec-27 90/70 spread,spx,False,False,1999-05-28,,hold,1.996695933460829,0.0,0.0,-1.996695933460829,1.0896696112986515,4.599211563731932,0.0,False,False,False,False,23.10511630863984
1995-99,NonEvent,SPX Dec-27 90/70 spread,spx,False,False,1999-05-28,,v4_-22,1.996695933460829,0.0,0.0,-1.996695933460829,1.0896696112986515,4.599211563731932,0.0,False,False,False,False,23.10511630863984
1995-99,NonEvent,SPX Dec-27 90/70 spread,spx,False,False,1999-05-28,,peak_-22,1.996695933460829,0.0,0.0,-1.996695933460829,1.0896696112986515,4.599211563731932,0.0,False,False,False,False,23.10511630863984
1995-99,NonEvent,SPX Dec-27 90/70 spread,spx,False,False,1999-05-28,,tiered,1.996695933460829,0.0,0.0,-1.996695933460829,1.0896696112986515,4.599211563731932,0.0,False,False,False,False,23.10511630863984
1995-99,NonEvent,SPX Dec-27 90/70 spread,spx,False,False,1999-05-28,,IPS,1.996695933460829,0.10501353982296527,2.7107129832103074,-1.7870158255379873,1.0896696112986515,4.599211563731932,0.0,False,False,False,False,23.10511630863984
1995-99,NonEvent,SPX Dec-27 90/70 spread,spx,False,False,1999-06-30,,hold,1.786223256084764,0.0,0.0,-1.786223256084764,1.4330264252081095,3.515111695137976,0.0,False,False,False,False,21.470026638779835
1995-99,NonEvent,SPX Dec-27 90/70 spread,spx,False,False,1999-06-30,,v4_-22,1.786223256084764,0.0,0.0,-1.786223256084764,1.4330264252081095,3.515111695137976,0.0,False,False,False,False,21.470026638779835
1995-99,NonEvent,SPX Dec-27 90/70 spread,spx,False,False,1999-06-30,,peak_-22,1.786223256084764,0.0,0.0,-1.786223256084764,1.4330264252081095,3.515111695137976,0.0,False,False,False,False,21.470026638779835
1995-99,NonEvent,SPX Dec-27 90/70 spread,spx,False,False,1999-06-30,,tiered,1.786223256084764,0.0,0.0,-1.786223256084764,1.4330264252081095,3.515111695137976,0.0,False,False,False,False,21.470026638779835
1995-99,NonEvent,SPX Dec-27 90/70 spread,spx,False,False,1999-06-30,,IPS,1.786223256084764,0.06678519670178591,1.6317801264693563,-1.6669299845738386,1.4330264252081095,3.515111695137976,0.0,False,False,False,False,21.470026638779835
1995-99,NonEvent,SPX Dec-27 90/70 spread,spx,False,False,1999-07-30,,hold,1.9520513431209263,0.0,0.0,-1.9520513431209263,1.1665058321942847,2.5295663600525624,0.0,False,False,False,False,23.01677851403841
1995-99,NonEvent,SPX Dec-27 90/70 spread,spx,False,False,1999-07-30,,v4_-22,1.9520513431209263,0.0,0.0,-1.9520513431209263,1.1665058321942847,2.5295663600525624,0.0,False,False,False,False,23.01677851403841
1995-99,NonEvent,SPX Dec-27 90/70 spread,spx,False,False,1999-07-30,,peak_-22,1.9520513431209263,0.0,0.0,-1.9520513431209263,1.1665058321942847,2.5295663600525624,0.0,False,False,False,False,23.01677851403841
1995-99,NonEvent,SPX Dec-27 90/70 spread,spx,False,False,1999-07-30,,tiered,1.9520513431209263,0.0,0.0,-1.9520513431209263,1.1665058321942847,2.5295663600525624,0.0,False,False,False,False,23.01677851403841
1995-99,NonEvent,SPX Dec-27 90/70 spread,spx,False,False,1999-07-30,,IPS,1.9520513431209263,0.12545554253789615,3.2380792246781906,-1.7071556828078618,1.1665058321942847,2.5295663600525624,0.0,False,False,False,False,23.01677851403841
1995-99,NonEvent,SPX Dec-27 90/70 spread,spx,False,False,1999-08-31,,hold,1.9425638589268346,1.3198710632489614e-05,0.00033720135115209284,-1.9425382195885754,1.1394709380545451,1.4783180026281209,1.227480088821534e-05,False,False,False,False,23.101069881500987
1995-99,NonEvent,SPX Dec-27 90/70 spread,spx,False,False,1999-08-31,,v4_-22,1.9425638589268346,1.3198710632489614e-05,0.00033720135115209284,-1.9425382195885754,1.1394709380545451,1.4783180026281209,1.227480088821534e-05,False,False,False,False,23.101069881500987
1995-99,NonEvent,SPX Dec-27 90/70 spread,spx,False,False,1999-08-31,,peak_-22,1.9425638589268346,1.3198710632489614e-05,0.00033720135115209284,-1.9425382195885754,1.1394709380545451,1.4783180026281209,1.227480088821534e-05,False,False,False,False,23.101069881500987
1995-99,NonEvent,SPX Dec-27 90/70 spread,spx,False,False,1999-08-31,,tiered,1.9425638589268346,1.3198710632489614e-05,0.00033720135115209284,-1.9425382195885754,1.1394709380545451,1.4783180026281209,1.227480088821534e-05,False,False,False,False,23.101069881500987
1995-99,NonEvent,SPX Dec-27 90/70 spread,spx,False,False,1999-08-31,,IPS,1.9425638589268346,0.1901908382713657,4.859005506491405,-1.5731060102018812,1.1394709380545451,1.4783180026281209,1.227480088821534e-05,False,False,False,False,23.101069881500987
1995-99,NonEvent,SPX Dec-27 90/70 spread,spx,False,False,1999-09-30,,hold,2.046045293324275,0.0,0.0,-2.046045293324275,1.0043697789912112,0.49277266754270693,-8.05413154941155e-16,False,False,False,False,23.71679111591525
1995-99,NonEvent,SPX Dec-27 90/70 spread,spx,False,False,1999-09-30,,v4_-22,2.046045293324275,0.0,0.0,-2.046045293324275,1.0043697789912112,0.49277266754270693,-8.05413154941155e-16,False,False,False,False,23.71679111591525
1995-99,NonEvent,SPX Dec-27 90/70 spread,spx,False,False,1999-09-30,,peak_-22,2.046045293324275,0.0,0.0,-2.046045293324275,1.0043697789912112,0.49277266754270693,-8.05413154941155e-16,False,False,False,False,23.71679111591525
1995-99,NonEvent,SPX Dec-27 90/70 spread,spx,False,False,1999-09-30,,tiered,2.046045293324275,0.0,0.0,-2.046045293324275,1.0043697789912112,0.49277266754270693,-8.05413154941155e-16,False,False,False,False,23.71679111591525
1995-99,NonEvent,SPX Dec-27 90/70 spread,spx,False,False,1999-09-30,,IPS,2.046045293324275,0.3767227814805531,9.89754392002899,-1.27525341938796,1.0043697789912112,0.49277266754270693,-8.05413154941155e-16,False,False,False,False,23.71679111591525
1995-99,NonEvent,SPX Dec-27 90/70 spread,spx,False,False,1999-10-29,,hold,1.9008317397484844,0.0,0.0,-1.9008317397484844,1.3616195735417231,13.731931668856767,0.0,False,False,False,False,22.505262891815402
1995-99,NonEvent,SPX Dec-27 90/70 spread,spx,False,False,1999-10-29,,v4_-22,1.9008317397484844,0.0,0.0,-1.9008317397484844,1.3616195735417231,13.731931668856767,0.0,False,False,False,False,22.505262891815402
1995-99,NonEvent,SPX Dec-27 90/70 spread,spx,False,False,1999-10-29,,peak_-22,1.9008317397484844,0.0,0.0,-1.9008317397484844,1.3616195735417231,13.731931668856767,0.0,False,False,False,False,22.505262891815402
1995-99,NonEvent,SPX Dec-27 90/70 spread,spx,False,False,1999-10-29,,tiered,1.9008317397484844,0.0,0.0,-1.9008317397484844,1.3616195735417231,13.731931668856767,0.0,False,False,False,False,22.505262891815402
1995-99,NonEvent,SPX Dec-27 90/70 spread,spx,False,False,1999-10-29,,IPS,1.9008317397484844,0.9951597487232956,25.877468024448344,-0.009200503255117802,1.3616195735417231,13.731931668856767,0.0,False,False,False,False,22.505262891815402
1995-99,NonEvent,SPX Dec-27 90/70 spread,spx,False,False,1999-11-30,,hold,1.997181859882171,3.2200755990858836,89.06428571428569,4.4338947140613705,4.542488752178992,15.703022339027594,0.32937146750294277,False,False,False,False,23.376915960783485
1995-99,NonEvent,SPX Dec-27 90/70 spread,spx,False,False,1999-11-30,,v4_-22,1.997181859882171,3.2200755990858836,89.06428571428569,4.4338947140613705,4.542488752178992,15.703022339027594,0.32937146750294277,False,False,False,False,23.376915960783485
1995-99,NonEvent,SPX Dec-27 90/70 spread,spx,False,False,1999-11-30,,peak_-22,1.997181859882171,2.2769165458140965,62.977386568669324,2.550234561883315,4.542488752178992,15.703022339027594,0.32937146750294277,False,False,False,False,23.376915960783485
1995-99,NonEvent,SPX Dec-27 90/70 spread,spx,False,False,1999-11-30,,tiered,1.997181859882171,2.7484960724499903,76.0208361414775,3.492064637972342,4.542488752178992,15.703022339027594,0.32937146750294277,False,False,False,False,23.376915960783485
1995-99,NonEvent,SPX Dec-27 90/70 spread,spx,False,False,1999-11-30,,IPS,1.997181859882171,0.42896437631440126,11.864754288427875,-1.1404619889713796,4.542488752178992,15.703022339027594,0.32937146750294277,False,False,False,False,23.376915960783485
1995-99,NonEvent,SPX Dec-27 90/70 spread,spx,False,False,1999-12-31,,hold,2.004382144439316,2.4103418191474013,70.74472727272769,2.826863959855114,5.990198147004244,15.078843626806833,0.518971290450649,False,False,False,True,23.657505474972357
1995-99,NonEvent,SPX Dec-27 90/70 spread,spx,False,False,1999-12-31,,v4_-22,2.004382144439316,4.722021442107371,138.5936701774618,7.460353319780286,5.990198147004244,15.078843626806833,0.518971290450649,False,False,False,True,23.657505474972357
1995-99,NonEvent,SPX Dec-27 90/70 spread,spx,False,False,1999-12-31,,peak_-22,2.004382144439316,3.692459734996359,108.37552368827363,5.396718217448514,5.990198147004244,15.078843626806833,0.518971290450649,False,False,False,True,23.657505474972357
1995-99,NonEvent,SPX Dec-27 90/70 spread,spx,False,False,1999-12-31,,tiered,2.004382144439316,3.4070483557566944,99.99855822036946,4.824644745080732,5.990198147004244,15.078843626806833,0.518971290450649,False,False,False,True,23.657505474972357
1995-99,NonEvent,SPX Dec-27 90/70 spread,spx,False,False,1999-12-31,,IPS,2.004382144439316,1.2383437608275956,36.346003265470756,0.47773197844134746,5.990198147004244,15.078843626806833,0.518971290450649,False,False,False,True,23.657505474972357
1995-99,NonEvent,QQQ Dec-27 10% OTM,ndx,False,False,1999-12-31,,hold,6.59019177601151,6.492435424598939,1586.4467727272731,36.19620276546621,7.783714688099381,15.111695137976346,0.3431029562188113,False,False,False,True,30.845789989445997
1995-99,NonEvent,QQQ Dec-27 10% OTM,ndx,False,False,1999-12-31,,v4_-22,6.59019177601151,1.753673151036301,428.51548439572946,4.966850601760111,7.783714688099381,15.111695137976346,0.3431029562188113,False,False,False,True,30.845789989445997
1995-99,NonEvent,QQQ Dec-27 10% OTM,ndx,False,False,1999-12-31,,peak_-22,6.59019177601151,0.9231661432101399,225.57851604311966,-0.5063498511357825,7.783714688099381,15.111695137976346,0.3431029562188113,False,False,False,True,30.845789989445997
1995-99,NonEvent,QQQ Dec-27 10% OTM,ndx,False,False,1999-12-31,,tiered,6.59019177601151,1.531603496595733,374.25207420098536,3.5033689913641624,7.783714688099381,15.111695137976346,0.3431029562188113,False,False,False,True,30.845789989445997
1995-99,NonEvent,QQQ Dec-27 10% OTM,ndx,False,False,1999-12-31,,IPS,6.59019177601151,1.9021278866766438,464.7908604064583,5.945195779687061,7.783714688099381,15.111695137976346,0.3431029562188113,False,False,False,True,30.845789989445997
1995-99,NonEvent,QQQ Dec-27 90/65 spread,ndx,False,False,1999-12-31,,hold,3.2939983441444944,7.5895605850685115,926.9575,21.706001655855506,7.058291344113715,15.965834428383705,0.4488551367693392,False,False,False,True,30.845789989445997
1995-99,NonEvent,QQQ Dec-27 90/65 spread,ndx,False,False,1999-12-31,,v4_-22,3.2939983441444944,2.704434306930591,330.3084066551375,5.614403784732437,7.058291344113715,15.965834428383705,0.4488551367693392,False,False,False,True,30.845789989445997
1995-99,NonEvent,QQQ Dec-27 90/65 spread,ndx,False,False,1999-12-31,,peak_-22,3.2939983441444944,0.9991395239094673,122.03076381739555,-0.0028344068173907677,7.058291344113715,15.965834428383705,0.4488551367693392,False,False,False,True,30.845789989445997
1995-99,NonEvent,QQQ Dec-27 90/65 spread,ndx,False,False,1999-12-31,,tiered,3.2939983441444944,2.088338162649601,255.06097496773498,3.584984105637048,7.058291344113715,15.965834428383705,0.4488551367693392,False,False,False,True,30.845789989445997
1995-99,NonEvent,QQQ Dec-27 90/65 spread,ndx,False,False,1999-12-31,,IPS,3.2939983441444944,1.2030059932907002,146.93017013654918,0.6687014057509748,7.058291344113715,15.965834428383705,0.4488551367693392,False,False,False,True,30.845789989445997
1995-99,NonEvent,SPX Jun-28 10% OTM,spx,False,False,1995-01-31,,hold,1.7847057862337186,0.0,0.0,-1.7847057862337186,0.8935174415771202,1.149802890932983,0.0,False,False,False,False,13.020291758270067
1995-99,NonEvent,SPX Jun-28 10% OTM,spx,False,False,1995-01-31,,v4_-22,1.7847057862337186,0.0,0.0,-1.7847057862337186,0.8935174415771202,1.149802890932983,0.0,False,False,False,False,13.020291758270067
1995-99,NonEvent,SPX Jun-28 10% OTM,spx,False,False,1995-01-31,,peak_-22,1.7847057862337186,0.0,0.0,-1.7847057862337186,0.8935174415771202,1.149802890932983,0.0,False,False,False,False,13.020291758270067
1995-99,NonEvent,SPX Jun-28 10% OTM,spx,False,False,1995-01-31,,tiered,1.7847057862337186,0.0,0.0,-1.7847057862337186,0.8935174415771202,1.149802890932983,0.0,False,False,False,False,13.020291758270067
1995-99,NonEvent,SPX Jun-28 10% OTM,spx,False,False,1995-01-31,,IPS,1.7847057862337186,0.0074982733539760895,0.06287918995459604,-1.771323574392115,0.8935174415771202,1.149802890932983,0.0,False,False,False,False,13.020291758270067
1995-99,NonEvent,SPX Jun-28 10% OTM,spx,False,False,1995-02-28,,hold,1.789735253863493,0.0,0.0,-1.789735253863493,0.9649354143174848,0.22996057818659657,0.0,False,False,False,False,12.862141012506791
1995-99,NonEvent,SPX Jun-28 10% OTM,spx,False,False,1995-02-28,,v4_-22,1.789735253863493,0.0,0.0,-1.789735253863493,0.9649354143174848,0.22996057818659657,0.0,False,False,False,False,12.862141012506791
1995-99,NonEvent,SPX Jun-28 10% OTM,spx,False,False,1995-02-28,,peak_-22,1.789735253863493,0.0,0.0,-1.789735253863493,0.9649354143174848,0.22996057818659657,0.0,False,False,False,False,12.862141012506791
1995-99,NonEvent,SPX Jun-28 10% OTM,spx,False,False,1995-02-28,,tiered,1.789735253863493,0.0,0.0,-1.789735253863493,0.9649354143174848,0.22996057818659657,0.0,False,False,False,False,12.862141012506791
1995-99,NonEvent,SPX Jun-28 10% OTM,spx,False,False,1995-02-28,,IPS,1.789735253863493,0.010666742499783716,0.09294059515289596,-1.7706446087677463,0.9649354143174848,0.22996057818659657,0.0,False,False,False,False,12.862141012506791
1995-99,NonEvent,SPX Jun-28 10% OTM,spx,False,False,1995-03-31,,hold,1.9036218035393617,0.0,0.0,-1.9036218035393617,0.8696328380147597,0.09855453350854139,-1.7189979237533607e-15,False,False,False,False,13.337001689936145
1995-99,NonEvent,SPX Jun-28 10% OTM,spx,False,False,1995-03-31,,v4_-22,1.9036218035393617,0.0,0.0,-1.9036218035393617,0.8696328380147597,0.09855453350854139,-1.7189979237533607e-15,False,False,False,False,13.337001689936145
1995-99,NonEvent,SPX Jun-28 10% OTM,spx,False,False,1995-03-31,,peak_-22,1.9036218035393617,0.0,0.0,-1.9036218035393617,0.8696328380147597,0.09855453350854139,-1.7189979237533607e-15,False,False,False,False,13.337001689936145
1995-99,NonEvent,SPX Jun-28 10% OTM,spx,False,False,1995-03-31,,tiered,1.9036218035393617,0.0,0.0,-1.9036218035393617,0.8696328380147597,0.09855453350854139,-1.7189979237533607e-15,False,False,False,False,13.337001689936145
1995-99,NonEvent,SPX Jun-28 10% OTM,spx,False,False,1995-03-31,,IPS,1.9036218035393617,0.007315374791040011,0.06965305611997799,-1.8896960965860754,0.8696328380147597,0.09855453350854139,-1.7189979237533607e-15,False,False,False,False,13.337001689936145
1995-99,NonEvent,SPX Jun-28 10% OTM,spx,False,False,1995-04-28,,hold,1.757872832829332,0.0,0.0,-1.757872832829332,0.9102886963378639,0.657030223390276,0.0,False,False,False,False,12.683970106999473
1995-99,NonEvent,SPX Jun-28 10% OTM,spx,False,False,1995-04-28,,v4_-22,1.757872832829332,0.0,0.0,-1.757872832829332,0.9102886963378639,0.657030223390276,0.0,False,False,False,False,12.683970106999473
1995-99,NonEvent,SPX Jun-28 10% OTM,spx,False,False,1995-04-28,,peak_-22,1.757872832829332,0.0,0.0,-1.757872832829332,0.9102886963378639,0.657030223390276,0.0,False,False,False,False,12.683970106999473
1995-99,NonEvent,SPX Jun-28 10% OTM,spx,False,False,1995-04-28,,tiered,1.757872832829332,0.0,0.0,-1.757872832829332,0.9102886963378639,0.657030223390276,0.0,False,False,False,False,12.683970106999473
1995-99,NonEvent,SPX Jun-28 10% OTM,spx,False,False,1995-04-28,,IPS,1.757872832829332,0.01282161508791469,0.11594583264794266,-1.735334063993292,0.9102886963378639,0.657030223390276,0.0,False,False,False,False,12.683970106999473
1995-99,NonEvent,SPX Jun-28 10% OTM,spx,False,False,1995-05-31,,hold,1.890343773591205,0.0,0.0,-1.890343773591205,0.8838941779289976,0.164257555847569,0.0,False,False,False,False,12.955759448193882
1995-99,NonEvent,SPX Jun-28 10% OTM,spx,False,False,1995-05-31,,v4_-22,1.890343773591205,0.0,0.0,-1.890343773591205,0.8838941779289976,0.164257555847569,0.0,False,False,False,False,12.955759448193882
1995-99,NonEvent,SPX Jun-28 10% OTM,spx,False,False,1995-05-31,,peak_-22,1.890343773591205,0.0,0.0,-1.890343773591205,0.8838941779289976,0.164257555847569,0.0,False,False,False,False,12.955759448193882
1995-99,NonEvent,SPX Jun-28 10% OTM,spx,False,False,1995-05-31,,tiered,1.890343773591205,0.0,0.0,-1.890343773591205,0.8838941779289976,0.164257555847569,0.0,False,False,False,False,12.955759448193882
1995-99,NonEvent,SPX Jun-28 10% OTM,spx,False,False,1995-05-31,,IPS,1.890343773591205,0.01149173498925123,0.11560336496209131,-1.8686204439065137,0.8838941779289976,0.164257555847569,0.0,False,False,False,False,12.955759448193882
1995-99,NonEvent,SPX Jun-28 10% OTM,spx,False,False,1995-06-30,,hold,1.7495020441086875,0.0,0.0,-1.7495020441086875,0.9027597264071032,0.6241787122207622,0.0,False,False,False,False,12.376107844719678
1995-99,NonEvent,SPX Jun-28 10% OTM,spx,False,False,1995-06-30,,v4_-22,1.7495020441086875,0.0,0.0,-1.7495020441086875,0.9027597264071032,0.6241787122207622,0.0,False,False,False,False,12.376107844719678
1995-99,NonEvent,SPX Jun-28 10% OTM,spx,False,False,1995-06-30,,peak_-22,1.7495020441086875,0.0,0.0,-1.7495020441086875,0.9027597264071032,0.6241787122207622,0.0,False,False,False,False,12.376107844719678
1995-99,NonEvent,SPX Jun-28 10% OTM,spx,False,False,1995-06-30,,tiered,1.7495020441086875,0.0,0.0,-1.7495020441086875,0.9027597264071032,0.6241787122207622,0.0,False,False,False,False,12.376107844719678
1995-99,NonEvent,SPX Jun-28 10% OTM,spx,False,False,1995-06-30,,IPS,1.7495020441086875,0.014621340086532245,0.13878231377359312,-1.723921979739691,0.9027597264071032,0.6241787122207622,0.0,False,False,False,False,12.376107844719678
1995-99,NonEvent,SPX Jun-28 10% OTM,spx,False,False,1995-07-31,,hold,1.8894303583038856,0.0,0.0,-1.8894303583038856,0.8798676004183903,0.0657030223390276,0.0,False,False,False,False,13.038145024051925
1995-99,NonEvent,SPX Jun-28 10% OTM,spx,False,False,1995-07-31,,v4_-22,1.8894303583038856,0.0,0.0,-1.8894303583038856,0.8798676004183903,0.0657030223390276,0.0,False,False,False,False,13.038145024051925
1995-99,NonEvent,SPX Jun-28 10% OTM,spx,False,False,1995-07-31,,peak_-22,1.8894303583038856,0.0,0.0,-1.8894303583038856,0.8798676004183903,0.0657030223390276,0.0,False,False,False,False,13.038145024051925
1995-99,NonEvent,SPX Jun-28 10% OTM,spx,False,False,1995-07-31,,tiered,1.8894303583038856,0.0,0.0,-1.8894303583038856,0.8798676004183903,0.0657030223390276,0.0,False,False,False,False,13.038145024051925
1995-99,NonEvent,SPX Jun-28 10% OTM,spx,False,False,1995-07-31,,IPS,1.8894303583038856,0.022937794337372645,0.24284238027224025,-1.846090993330323,0.8798676004183903,0.0657030223390276,0.0,False,False,False,False,13.038145024051925
1995-99,NonEvent,SPX Jun-28 10% OTM,spx,False,False,1995-08-31,,hold,1.7286944915776763,0.0,0.0,-1.7286944915776763,0.9627385233423443,1.8396846254927726,0.0,False,False,False,False,12.365530437535213
1995-99,NonEvent,SPX Jun-28 10% OTM,spx,False,False,1995-08-31,,v4_-22,1.7286944915776763,0.0,0.0,-1.7286944915776763,0.9627385233423443,1.8396846254927726,0.0,False,False,False,False,12.365530437535213
1995-99,NonEvent,SPX Jun-28 10% OTM,spx,False,False,1995-08-31,,peak_-22,1.7286944915776763,0.0,0.0,-1.7286944915776763,0.9627385233423443,1.8396846254927726,0.0,False,False,False,False,12.365530437535213
1995-99,NonEvent,SPX Jun-28 10% OTM,spx,False,False,1995-08-31,,tiered,1.7286944915776763,0.0,0.0,-1.7286944915776763,0.9627385233423443,1.8396846254927726,0.0,False,False,False,False,12.365530437535213
1995-99,NonEvent,SPX Jun-28 10% OTM,spx,False,False,1995-08-31,,IPS,1.7286944915776763,0.016331397247399345,0.1585457367188701,-1.7004624951163303,0.9627385233423443,1.8396846254927726,0.0,False,False,False,False,12.365530437535213
1995-99,NonEvent,SPX Jun-28 10% OTM,spx,False,False,1995-09-29,,hold,1.827813791566868,0.0,0.0,-1.827813791566868,0.9956156363936702,0.8869908015768725,0.0,False,False,False,False,12.707000808290422
1995-99,NonEvent,SPX Jun-28 10% OTM,spx,False,False,1995-09-29,,v4_-22,1.827813791566868,0.0,0.0,-1.827813791566868,0.9956156363936702,0.8869908015768725,0.0,False,False,False,False,12.707000808290422
1995-99,NonEvent,SPX Jun-28 10% OTM,spx,False,False,1995-09-29,,peak_-22,1.827813791566868,0.0,0.0,-1.827813791566868,0.9956156363936702,0.8869908015768725,0.0,False,False,False,False,12.707000808290422
1995-99,NonEvent,SPX Jun-28 10% OTM,spx,False,False,1995-09-29,,tiered,1.827813791566868,0.0,0.0,-1.827813791566868,0.9956156363936702,0.8869908015768725,0.0,False,False,False,False,12.707000808290422
1995-99,NonEvent,SPX Jun-28 10% OTM,spx,False,False,1995-09-29,,IPS,1.827813791566868,0.01224200287606005,0.13050917252850353,-1.805437689873604,0.9956156363936702,0.8869908015768725,0.0,False,False,False,False,12.707000808290422
1995-99,NonEvent,SPX Jun-28 10% OTM,spx,False,False,1995-10-31,,hold,1.9368121659808348,0.0,0.0,-1.9368121659808348,0.8767699391126407,4.23784494086728,-1.1577497227388886e-15,False,False,False,False,13.068832379839831
1995-99,NonEvent,SPX Jun-28 10% OTM,spx,False,False,1995-10-31,,v4_-22,1.9368121659808348,0.0,0.0,-1.9368121659808348,0.8767699391126407,4.23784494086728,-1.1577497227388886e-15,False,False,False,False,13.068832379839831
1995-99,NonEvent,SPX Jun-28 10% OTM,spx,False,False,1995-10-31,,peak_-22,1.9368121659808348,0.0,0.0,-1.9368121659808348,0.8767699391126407,4.23784494086728,-1.1577497227388886e-15,False,False,False,False,13.068832379839831
1995-99,NonEvent,SPX Jun-28 10% OTM,spx,False,False,1995-10-31,,tiered,1.9368121659808348,0.0,0.0,-1.9368121659808348,0.8767699391126407,4.23784494086728,-1.1577497227388886e-15,False,False,False,False,13.068832379839831
1995-99,NonEvent,SPX Jun-28 10% OTM,spx,False,False,1995-10-31,,IPS,1.9368121659808348,0.008843092914629983,0.09944983871677729,-1.9196847560388806,0.8767699391126407,4.23784494086728,-1.1577497227388886e-15,False,False,False,False,13.068832379839831
1995-99,NonEvent,SPX Jun-28 10% OTM,spx,False,False,1995-11-30,,hold,1.769923348506203,0.0,0.0,-1.769923348506203,1.0578937365798613,1.3469119579500657,0.0,False,False,False,False,12.292847271278385
1995-99,NonEvent,SPX Jun-28 10% OTM,spx,False,False,1995-11-30,,v4_-22,1.769923348506203,0.0,0.0,-1.769923348506203,1.0578937365798613,1.3469119579500657,0.0,False,False,False,False,12.292847271278385
1995-99,NonEvent,SPX Jun-28 10% OTM,spx,False,False,1995-11-30,,peak_-22,1.769923348506203,0.0,0.0,-1.769923348506203,1.0578937365798613,1.3469119579500657,0.0,False,False,False,False,12.292847271278385
1995-99,NonEvent,SPX Jun-28 10% OTM,spx,False,False,1995-11-30,,tiered,1.769923348506203,0.0,0.0,-1.769923348506203,1.0578937365798613,1.3469119579500657,0.0,False,False,False,False,12.292847271278385
1995-99,NonEvent,SPX Jun-28 10% OTM,spx,False,False,1995-11-30,,IPS,1.769923348506203,0.014890411220530192,0.15955662428096917,-1.7435684620181278,1.0578937365798613,1.3469119579500657,0.0,False,False,False,False,12.292847271278385
1995-99,NonEvent,SPX Jun-28 10% OTM,spx,False,False,1995-12-29,,hold,1.8608825405103986,0.0,0.0,-1.8608825405103986,1.0447894205031067,0.39421813403416556,-1.4357377067135985e-15,False,False,False,False,12.612519876496828
1995-99,NonEvent,SPX Jun-28 10% OTM,spx,False,False,1995-12-29,,v4_-22,1.8608825405103986,0.0,0.0,-1.8608825405103986,1.0447894205031067,0.39421813403416556,-1.4357377067135985e-15,False,False,False,False,12.612519876496828
1995-99,NonEvent,SPX Jun-28 10% OTM,spx,False,False,1995-12-29,,peak_-22,1.8608825405103986,0.0,0.0,-1.8608825405103986,1.0447894205031067,0.39421813403416556,-1.4357377067135985e-15,False,False,False,False,12.612519876496828
1995-99,NonEvent,SPX Jun-28 10% OTM,spx,False,False,1995-12-29,,tiered,1.8608825405103986,0.0,0.0,-1.8608825405103986,1.0447894205031067,0.39421813403416556,-1.4357377067135985e-15,False,False,False,False,12.612519876496828
1995-99,NonEvent,SPX Jun-28 10% OTM,spx,False,False,1995-12-29,,IPS,1.8608825405103986,0.024842657944592922,0.2831623592493851,-1.814653272081434,1.0447894205031067,0.39421813403416556,-1.4357377067135985e-15,False,False,False,False,12.612519876496828
1995-99,NonEvent,SPX Jun-28 10% OTM,spx,False,False,1996-01-31,,hold,1.8681413235775857,0.0,0.0,-1.8681413235775857,1.1352025815556928,5.716162943495401,0.0,False,False,False,False,12.642390352079952
1995-99,NonEvent,SPX Jun-28 10% OTM,spx,False,False,1996-01-31,,v4_-22,1.8681413235775857,0.0,0.0,-1.8681413235775857,1.1352025815556928,5.716162943495401,0.0,False,False,False,False,12.642390352079952
1995-99,NonEvent,SPX Jun-28 10% OTM,spx,False,False,1996-01-31,,peak_-22,1.8681413235775857,0.0,0.0,-1.8681413235775857,1.1352025815556928,5.716162943495401,0.0,False,False,False,False,12.642390352079952
1995-99,NonEvent,SPX Jun-28 10% OTM,spx,False,False,1996-01-31,,tiered,1.8681413235775857,0.0,0.0,-1.8681413235775857,1.1352025815556928,5.716162943495401,0.0,False,False,False,False,12.642390352079952
1995-99,NonEvent,SPX Jun-28 10% OTM,spx,False,False,1996-01-31,,IPS,1.8681413235775857,0.01746837032715979,0.20737981825859741,-1.835507939113862,1.1352025815556928,5.716162943495401,0.0,False,False,False,False,12.642390352079952
1995-99,NonEvent,SPX Jun-28 10% OTM,spx,False,False,1996-02-29,,hold,2.185715246349757,0.0,0.0,-2.185715246349757,0.9870691182530571,4.763469119579501,0.0,False,False,False,False,14.071933524664965
1995-99,NonEvent,SPX Jun-28 10% OTM,spx,False,False,1996-02-29,,v4_-22,2.185715246349757,0.0,0.0,-2.185715246349757,0.9870691182530571,4.763469119579501,0.0,False,False,False,False,14.071933524664965
1995-99,NonEvent,SPX Jun-28 10% OTM,spx,False,False,1996-02-29,,peak_-22,2.185715246349757,0.0,0.0,-2.185715246349757,0.9870691182530571,4.763469119579501,0.0,False,False,False,False,14.071933524664965
1995-99,NonEvent,SPX Jun-28 10% OTM,spx,False,False,1996-02-29,,tiered,2.185715246349757,0.0,0.0,-2.185715246349757,0.9870691182530571,4.763469119579501,0.0,False,False,False,False,14.071933524664965
1995-99,NonEvent,SPX Jun-28 10% OTM,spx,False,False,1996-02-29,,IPS,2.185715246349757,0.12496806187165235,1.740204234747713,-1.912570648210107,0.9870691182530571,4.763469119579501,0.0,False,False,False,False,14.071933524664965
1995-99,NonEvent,SPX Jun-28 10% OTM,spx,False,False,1996-03-29,,hold,2.296272397685329,0.0,0.0,-2.296272397685329,0.9765520390898793,3.8107752956636003,0.0,False,False,False,False,14.61375945417876
1995-99,NonEvent,SPX Jun-28 10% OTM,spx,False,False,1996-03-29,,v4_-22,2.296272397685329,0.0,0.0,-2.296272397685329,0.9765520390898793,3.8107752956636003,0.0,False,False,False,False,14.61375945417876
1995-99,NonEvent,SPX Jun-28 10% OTM,spx,False,False,1996-03-29,,peak_-22,2.296272397685329,0.0,0.0,-2.296272397685329,0.9765520390898793,3.8107752956636003,0.0,False,False,False,False,14.61375945417876
1995-99,NonEvent,SPX Jun-28 10% OTM,spx,False,False,1996-03-29,,tiered,2.296272397685329,0.0,0.0,-2.296272397685329,0.9765520390898793,3.8107752956636003,0.0,False,False,False,False,14.61375945417876
1995-99,NonEvent,SPX Jun-28 10% OTM,spx,False,False,1996-03-29,,IPS,2.296272397685329,0.02249086030687784,0.33336373344852666,-2.244627255962449,0.9765520390898793,3.8107752956636003,0.0,False,False,False,False,14.61375945417876
1995-99,NonEvent,SPX Jun-28 10% OTM,spx,False,False,1996-04-30,,hold,2.0452211010320926,0.0,0.0,-2.0452211010320926,1.1292609237886484,2.759526938239159,0.0,False,False,False,False,13.768541706774345
1995-99,NonEvent,SPX Jun-28 10% OTM,spx,False,False,1996-04-30,,v4_-22,2.0452211010320926,0.0,0.0,-2.0452211010320926,1.1292609237886484,2.759526938239159,0.0,False,False,False,False,13.768541706774345
1995-99,NonEvent,SPX Jun-28 10% OTM,spx,False,False,1996-04-30,,peak_-22,2.0452211010320926,0.0,0.0,-2.0452211010320926,1.1292609237886484,2.759526938239159,0.0,False,False,False,False,13.768541706774345
1995-99,NonEvent,SPX Jun-28 10% OTM,spx,False,False,1996-04-30,,tiered,2.0452211010320926,0.0,0.0,-2.0452211010320926,1.1292609237886484,2.759526938239159,0.0,False,False,False,False,13.768541706774345
1995-99,NonEvent,SPX Jun-28 10% OTM,spx,False,False,1996-04-30,,IPS,2.0452211010320926,0.023736789704568002,0.31664353658597555,-1.9966741178575491,1.1292609237886484,2.759526938239159,0.0,False,False,False,False,13.768541706774345
1995-99,NonEvent,SPX Jun-28 10% OTM,spx,False,False,1996-05-31,,hold,2.0456305848459513,0.0,0.0,-2.0456305848459513,1.1812565950480076,1.7411300919842312,0.0,False,False,False,False,13.84817696092969
1995-99,NonEvent,SPX Jun-28 10% OTM,spx,False,False,1996-05-31,,v4_-22,2.0456305848459513,0.0,0.0,-2.0456305848459513,1.1812565950480076,1.7411300919842312,0.0,False,False,False,False,13.84817696092969
1995-99,NonEvent,SPX Jun-28 10% OTM,spx,False,False,1996-05-31,,peak_-22,2.0456305848459513,0.0,0.0,-2.0456305848459513,1.1812565950480076,1.7411300919842312,0.0,False,False,False,False,13.84817696092969
1995-99,NonEvent,SPX Jun-28 10% OTM,spx,False,False,1996-05-31,,tiered,2.0456305848459513,0.0,0.0,-2.0456305848459513,1.1812565950480076,1.7411300919842312,0.0,False,False,False,False,13.84817696092969
1995-99,NonEvent,SPX Jun-28 10% OTM,spx,False,False,1996-05-31,,IPS,2.0456305848459513,0.01587282152325062,0.21592886637408729,-2.013160655670189,1.1812565950480076,1.7411300919842312,0.0,False,False,False,False,13.84817696092969
1995-99,NonEvent,SPX Jun-28 10% OTM,spx,False,False,1996-06-28,,hold,1.8899300817234108,0.0,0.0,-1.8899300817234108,1.305250572535097,0.8212877792378449,0.0,False,False,False,False,13.161185751094681
1995-99,NonEvent,SPX Jun-28 10% OTM,spx,False,False,1996-06-28,,v4_-22,1.8899300817234108,0.0,0.0,-1.8899300817234108,1.305250572535097,0.8212877792378449,0.0,False,False,False,False,13.161185751094681
1995-99,NonEvent,SPX Jun-28 10% OTM,spx,False,False,1996-06-28,,peak_-22,1.8899300817234108,0.0,0.0,-1.8899300817234108,1.305250572535097,0.8212877792378449,0.0,False,False,False,False,13.161185751094681
1995-99,NonEvent,SPX Jun-28 10% OTM,spx,False,False,1996-06-28,,tiered,1.8899300817234108,0.0,0.0,-1.8899300817234108,1.305250572535097,0.8212877792378449,0.0,False,False,False,False,13.161185751094681
1995-99,NonEvent,SPX Jun-28 10% OTM,spx,False,False,1996-06-28,,IPS,1.8899300817234108,0.007909411132602615,0.10027686462568247,-1.8749818476951872,1.305250572535097,0.8212877792378449,0.0,False,False,False,False,13.161185751094681
1995-99,NonEvent,SPX Jun-28 10% OTM,spx,False,False,1996-07-31,,hold,2.3669569313165453,0.0,0.0,-2.3669569313165453,0.8691588785046728,0.0,0.0,False,False,False,False,15.010189580331776
1995-99,NonEvent,SPX Jun-28 10% OTM,spx,False,False,1996-07-31,,v4_-22,2.3669569313165453,0.0,0.0,-2.3669569313165453,0.8691588785046728,0.0,0.0,False,False,False,False,15.010189580331776
1995-99,NonEvent,SPX Jun-28 10% OTM,spx,False,False,1996-07-31,,peak_-22,2.3669569313165453,0.0,0.0,-2.3669569313165453,0.8691588785046728,0.0,0.0,False,False,False,False,15.010189580331776
1995-99,NonEvent,SPX Jun-28 10% OTM,spx,False,False,1996-07-31,,tiered,2.3669569313165453,0.0,0.0,-2.3669569313165453,0.8691588785046728,0.0,0.0,False,False,False,False,15.010189580331776
1995-99,NonEvent,SPX Jun-28 10% OTM,spx,False,False,1996-07-31,,IPS,2.3669569313165453,0.009078540406280197,0.1370669165839985,-2.345468417175663,0.8691588785046728,0.0,0.0,False,False,False,False,15.010189580331776
1995-99,NonEvent,SPX Jun-28 10% OTM,spx,False,False,1996-08-30,,hold,2.195056551488552,0.0,0.0,-2.195056551488552,0.9740043973671344,0.19710906701708278,0.0,False,False,False,False,14.419021304052778
1995-99,NonEvent,SPX Jun-28 10% OTM,spx,False,False,1996-08-30,,v4_-22,2.195056551488552,0.0,0.0,-2.195056551488552,0.9740043973671344,0.19710906701708278,0.0,False,False,False,False,14.419021304052778
1995-99,NonEvent,SPX Jun-28 10% OTM,spx,False,False,1996-08-30,,peak_-22,2.195056551488552,0.0,0.0,-2.195056551488552,0.9740043973671344,0.19710906701708278,0.0,False,False,False,False,14.419021304052778
1995-99,NonEvent,SPX Jun-28 10% OTM,spx,False,False,1996-08-30,,tiered,2.195056551488552,0.0,0.0,-2.195056551488552,0.9740043973671344,0.19710906701708278,0.0,False,False,False,False,14.419021304052778
1995-99,NonEvent,SPX Jun-28 10% OTM,spx,False,False,1996-08-30,,IPS,2.195056551488552,0.005240414628085643,0.07474711113972222,-2.1835535450266557,0.9740043973671344,0.19710906701708278,0.0,False,False,False,False,14.419021304052778
1995-99,NonEvent,SPX Jun-28 10% OTM,spx,False,False,1996-09-30,,hold,2.2482184415928557,0.0,0.0,-2.2482184415928557,0.9542713099551664,2.5295663600525624,0.0,False,False,False,False,14.507080995481017
1995-99,NonEvent,SPX Jun-28 10% OTM,spx,False,False,1996-09-30,,v4_-22,2.2482184415928557,0.0,0.0,-2.2482184415928557,0.9542713099551664,2.5295663600525624,0.0,False,False,False,False,14.507080995481017
1995-99,NonEvent,SPX Jun-28 10% OTM,spx,False,False,1996-09-30,,peak_-22,2.2482184415928557,0.0,0.0,-2.2482184415928557,0.9542713099551664,2.5295663600525624,0.0,False,False,False,False,14.507080995481017
1995-99,NonEvent,SPX Jun-28 10% OTM,spx,False,False,1996-09-30,,tiered,2.2482184415928557,0.0,0.0,-2.2482184415928557,0.9542713099551664,2.5295663600525624,0.0,False,False,False,False,14.507080995481017
1995-99,NonEvent,SPX Jun-28 10% OTM,spx,False,False,1996-09-30,,IPS,2.2482184415928557,0.012229373647928653,0.188653864563154,-2.220724138228453,0.9542713099551664,2.5295663600525624,0.0,False,False,False,False,14.507080995481017
1995-99,NonEvent,SPX Jun-28 10% OTM,spx,False,False,1996-10-31,,hold,2.4236726565436078,0.0,0.0,-2.4236726565436078,0.9419857932931094,1.5111695137976346,0.0,False,False,False,False,14.974579589307735
1995-99,NonEvent,SPX Jun-28 10% OTM,spx,False,False,1996-10-31,,v4_-22,2.4236726565436078,0.0,0.0,-2.4236726565436078,0.9419857932931094,1.5111695137976346,0.0,False,False,False,False,14.974579589307735
1995-99,NonEvent,SPX Jun-28 10% OTM,spx,False,False,1996-10-31,,peak_-22,2.4236726565436078,0.0,0.0,-2.4236726565436078,0.9419857932931094,1.5111695137976346,0.0,False,False,False,False,14.974579589307735
1995-99,NonEvent,SPX Jun-28 10% OTM,spx,False,False,1996-10-31,,tiered,2.4236726565436078,0.0,0.0,-2.4236726565436078,0.9419857932931094,1.5111695137976346,0.0,False,False,False,False,14.974579589307735
1995-99,NonEvent,SPX Jun-28 10% OTM,spx,False,False,1996-10-31,,IPS,2.4236726565436078,0.004513472016062434,0.07717414602804101,-2.4127334778322025,0.9419857932931094,1.5111695137976346,0.0,False,False,False,False,14.974579589307735
1995-99,NonEvent,SPX Jun-28 10% OTM,spx,False,False,1996-11-29,,hold,2.393957015531657,0.0,0.0,-2.393957015531657,1.1134308016756662,11.005256241787121,0.0,False,False,False,False,14.743789569404726
1995-99,NonEvent,SPX Jun-28 10% OTM,spx,False,False,1996-11-29,,v4_-22,2.393957015531657,0.0,0.0,-2.393957015531657,1.1134308016756662,11.005256241787121,0.0,False,False,False,False,14.743789569404726
1995-99,NonEvent,SPX Jun-28 10% OTM,spx,False,False,1996-11-29,,peak_-22,2.393957015531657,0.0,0.0,-2.393957015531657,1.1134308016756662,11.005256241787121,0.0,False,False,False,False,14.743789569404726
1995-99,NonEvent,SPX Jun-28 10% OTM,spx,False,False,1996-11-29,,tiered,2.393957015531657,0.0,0.0,-2.393957015531657,1.1134308016756662,11.005256241787121,0.0,False,False,False,False,14.743789569404726
1995-99,NonEvent,SPX Jun-28 10% OTM,spx,False,False,1996-11-29,,IPS,2.393957015531657,0.0234652354939095,0.4243820937716813,-2.33778225039991,1.1134308016756662,11.005256241787121,0.0,False,False,False,False,14.743789569404726
1995-99,NonEvent,SPX Jun-28 10% OTM,spx,False,False,1996-12-31,,hold,2.6970358038462505,0.0,0.0,-2.6970358038462505,0.9808272035027646,9.95400788436268,0.0,False,False,False,False,16.03325967510169
1995-99,NonEvent,SPX Jun-28 10% OTM,spx,False,False,1996-12-31,,v4_-22,2.6970358038462505,0.0,0.0,-2.6970358038462505,0.9808272035027646,9.95400788436268,0.0,False,False,False,False,16.03325967510169
1995-99,NonEvent,SPX Jun-28 10% OTM,spx,False,False,1996-12-31,,peak_-22,2.6970358038462505,0.0,0.0,-2.6970358038462505,0.9808272035027646,9.95400788436268,0.0,False,False,False,False,16.03325967510169
1995-99,NonEvent,SPX Jun-28 10% OTM,spx,False,False,1996-12-31,,tiered,2.6970358038462505,0.0,0.0,-2.6970358038462505,0.9808272035027646,9.95400788436268,0.0,False,False,False,False,16.03325967510169
1995-99,NonEvent,SPX Jun-28 10% OTM,spx,False,False,1996-12-31,,IPS,2.6970358038462505,0.11375131397471541,2.262067704616629,-2.3902444373218867,0.9808272035027646,9.95400788436268,0.0,False,False,False,False,16.03325967510169
1995-99,NonEvent,SPX Jun-28 10% OTM,spx,False,False,1997-01-31,,hold,2.6374506520365646,0.0,0.0,-2.6374506520365646,1.1403883159714405,8.935611038107753,-1.3386173508853511e-15,False,False,False,False,15.835812278385008
1995-99,NonEvent,SPX Jun-28 10% OTM,spx,False,False,1997-01-31,,v4_-22,2.6374506520365646,0.0,0.0,-2.6374506520365646,1.1403883159714405,8.935611038107753,-1.3386173508853511e-15,False,False,False,False,15.835812278385008
1995-99,NonEvent,SPX Jun-28 10% OTM,spx,False,False,1997-01-31,,peak_-22,2.6374506520365646,0.0,0.0,-2.6374506520365646,1.1403883159714405,8.935611038107753,-1.3386173508853511e-15,False,False,False,False,15.835812278385008
1995-99,NonEvent,SPX Jun-28 10% OTM,spx,False,False,1997-01-31,,tiered,2.6374506520365646,0.0,0.0,-2.6374506520365646,1.1403883159714405,8.935611038107753,-1.3386173508853511e-15,False,False,False,False,15.835812278385008
1995-99,NonEvent,SPX Jun-28 10% OTM,spx,False,False,1997-01-31,,IPS,2.6374506520365646,0.2752111326604193,5.68164932537009,-1.9115948707536206,1.1403883159714405,8.935611038107753,-1.3386173508853511e-15,False,False,False,False,15.835812278385008
1995-99,NonEvent,SPX Jun-28 10% OTM,spx,False,False,1997-02-28,,hold,2.7691022675942905,0.0,0.0,-2.7691022675942905,1.119688412046618,8.015768725361367,0.0,False,False,False,False,16.340913538959445
1995-99,NonEvent,SPX Jun-28 10% OTM,spx,False,False,1997-02-28,,v4_-22,2.7691022675942905,0.0,0.0,-2.7691022675942905,1.119688412046618,8.015768725361367,0.0,False,False,False,False,16.340913538959445
1995-99,NonEvent,SPX Jun-28 10% OTM,spx,False,False,1997-02-28,,peak_-22,2.7691022675942905,0.0,0.0,-2.7691022675942905,1.119688412046618,8.015768725361367,0.0,False,False,False,False,16.340913538959445
1995-99,NonEvent,SPX Jun-28 10% OTM,spx,False,False,1997-02-28,,tiered,2.7691022675942905,0.0,0.0,-2.7691022675942905,1.119688412046618,8.015768725361367,0.0,False,False,False,False,16.340913538959445
1995-99,NonEvent,SPX Jun-28 10% OTM,spx,False,False,1997-02-28,,IPS,2.7691022675942905,0.0524992186565261,1.1457717361187911,-2.623726562165575,1.119688412046618,8.015768725361367,0.0,False,False,False,False,16.340913538959445
1995-99,NonEvent,SPX Jun-28 10% OTM,spx,False,False,1997-03-31,,hold,2.8247868836219516,0.0,0.0,-2.8247868836219516,1.0414787134548906,6.9973718791064385,-1.8141051537078867e-16,False,False,False,False,16.708675353289625
1995-99,NonEvent,SPX Jun-28 10% OTM,spx,False,False,1997-03-31,,v4_-22,2.8247868836219516,0.0,0.0,-2.8247868836219516,1.0414787134548906,6.9973718791064385,-1.8141051537078867e-16,False,False,False,False,16.708675353289625
1995-99,NonEvent,SPX Jun-28 10% OTM,spx,False,False,1997-03-31,,peak_-22,2.8247868836219516,0.0,0.0,-2.8247868836219516,1.0414787134548906,6.9973718791064385,-1.8141051537078867e-16,False,False,False,False,16.708675353289625
1995-99,NonEvent,SPX Jun-28 10% OTM,spx,False,False,1997-03-31,,tiered,2.8247868836219516,0.0,0.0,-2.8247868836219516,1.0414787134548906,6.9973718791064385,-1.8141051537078867e-16,False,False,False,False,16.708675353289625
1995-99,NonEvent,SPX Jun-28 10% OTM,spx,False,False,1997-03-31,,IPS,2.8247868836219516,0.017006425244650427,0.3605150321105991,-2.7767473566535656,1.0414787134548906,6.9973718791064385,-1.8141051537078867e-16,False,False,False,False,16.708675353289625
1995-99,NonEvent,SPX Jun-28 10% OTM,spx,False,False,1997-04-30,,hold,2.7106863050053485,0.0,0.0,-2.7106863050053485,1.2069358075651173,6.011826544021025,0.0,False,False,False,False,16.221934192883804
1995-99,NonEvent,SPX Jun-28 10% OTM,spx,False,False,1997-04-30,,v4_-22,2.7106863050053485,0.0,0.0,-2.7106863050053485,1.2069358075651173,6.011826544021025,0.0,False,False,False,False,16.221934192883804
1995-99,NonEvent,SPX Jun-28 10% OTM,spx,False,False,1997-04-30,,peak_-22,2.7106863050053485,0.0,0.0,-2.7106863050053485,1.2069358075651173,6.011826544021025,0.0,False,False,False,False,16.221934192883804
1995-99,NonEvent,SPX Jun-28 10% OTM,spx,False,False,1997-04-30,,tiered,2.7106863050053485,0.0,0.0,-2.7106863050053485,1.2069358075651173,6.011826544021025,0.0,False,False,False,False,16.221934192883804
1995-99,NonEvent,SPX Jun-28 10% OTM,spx,False,False,1997-04-30,,IPS,2.7106863050053485,0.014086219061082896,0.3049208944148583,-2.6725029839071657,1.2069358075651173,6.011826544021025,0.0,False,False,False,False,16.221934192883804
1995-99,NonEvent,SPX Jun-28 10% OTM,spx,False,False,1997-05-30,,hold,2.6841523275608026,0.0,0.0,-2.6841523275608026,1.3480217955004163,5.026281208935611,0.0,False,False,False,False,16.06918597078708
1995-99,NonEvent,SPX Jun-28 10% OTM,spx,False,False,1997-05-30,,v4_-22,2.6841523275608026,0.0,0.0,-2.6841523275608026,1.3480217955004163,5.026281208935611,0.0,False,False,False,False,16.06918597078708
1995-99,NonEvent,SPX Jun-28 10% OTM,spx,False,False,1997-05-30,,peak_-22,2.6841523275608026,0.0,0.0,-2.6841523275608026,1.3480217955004163,5.026281208935611,0.0,False,False,False,False,16.06918597078708
1995-99,NonEvent,SPX Jun-28 10% OTM,spx,False,False,1997-05-30,,tiered,2.6841523275608026,0.0,0.0,-2.6841523275608026,1.3480217955004163,5.026281208935611,0.0,False,False,False,False,16.06918597078708
1995-99,NonEvent,SPX Jun-28 10% OTM,spx,False,False,1997-05-30,,IPS,2.6841523275608026,0.02404313371552196,0.5467730784132981,-2.6196168942364286,1.3480217955004163,5.026281208935611,0.0,False,False,False,False,16.06918597078708
1995-99,NonEvent,SPX Jun-28 10% OTM,spx,False,False,1997-06-30,,hold,2.9339966215253157,0.0,0.0,-2.9339966215253157,1.3512391552615648,14.027595269382392,0.0,False,False,False,False,16.9191130555376
1995-99,NonEvent,SPX Jun-28 10% OTM,spx,False,False,1997-06-30,,v4_-22,2.9339966215253157,0.0,0.0,-2.9339966215253157,1.3512391552615648,14.027595269382392,0.0,False,False,False,False,16.9191130555376
1995-99,NonEvent,SPX Jun-28 10% OTM,spx,False,False,1997-06-30,,peak_-22,2.9339966215253157,0.0,0.0,-2.9339966215253157,1.3512391552615648,14.027595269382392,0.0,False,False,False,False,16.9191130555376
1995-99,NonEvent,SPX Jun-28 10% OTM,spx,False,False,1997-06-30,,tiered,2.9339966215253157,0.0,0.0,-2.9339966215253157,1.3512391552615648,14.027595269382392,0.0,False,False,False,False,16.9191130555376
1995-99,NonEvent,SPX Jun-28 10% OTM,spx,False,False,1997-06-30,,IPS,2.9339966215253157,0.039873421100351955,1.030612267553008,-2.817008138728227,1.3512391552615648,14.027595269382392,0.0,False,False,False,False,16.9191130555376
1995-99,NonEvent,SPX Jun-28 10% OTM,spx,False,False,1997-07-31,,hold,3.0659119091033373,1.75962918689989e-13,5.130796643858086e-12,-3.0659119091027978,1.599723553210533,13.009198423127463,1.6364551438168976e-13,False,False,False,False,17.14530079560752
1995-99,NonEvent,SPX Jun-28 10% OTM,spx,False,False,1997-07-31,,v4_-22,3.0659119091033373,1.75962918689989e-13,5.130796643858086e-12,-3.0659119091027978,1.599723553210533,13.009198423127463,1.6364551438168976e-13,False,False,False,False,17.14530079560752
1995-99,NonEvent,SPX Jun-28 10% OTM,spx,False,False,1997-07-31,,peak_-22,3.0659119091033373,1.75962918689989e-13,5.130796643858086e-12,-3.0659119091027978,1.599723553210533,13.009198423127463,1.6364551438168976e-13,False,False,False,False,17.14530079560752
1995-99,NonEvent,SPX Jun-28 10% OTM,spx,False,False,1997-07-31,,tiered,3.0659119091033373,1.75962918689989e-13,5.130796643858086e-12,-3.0659119091027978,1.599723553210533,13.009198423127463,1.6364551438168976e-13,False,False,False,False,17.14530079560752
1995-99,NonEvent,SPX Jun-28 10% OTM,spx,False,False,1997-07-31,,IPS,3.0659119091033373,0.020059700425467397,0.5849087090963458,-3.004410634675851,1.599723553210533,13.009198423127463,1.6364551438168976e-13,False,False,False,False,17.14530079560752
1995-99,NonEvent,SPX Jun-28 10% OTM,spx,False,False,1997-08-29,,hold,3.3673652336483033,0.0,0.0,-3.3673652336483033,1.3149122741485744,12.056504599211562,0.0,False,False,False,False,18.31729787990597
1995-99,NonEvent,SPX Jun-28 10% OTM,spx,False,False,1997-08-29,,v4_-22,3.3673652336483033,0.0,0.0,-3.3673652336483033,1.3149122741485744,12.056504599211562,0.0,False,False,False,False,18.31729787990597
1995-99,NonEvent,SPX Jun-28 10% OTM,spx,False,False,1997-08-29,,peak_-22,3.3673652336483033,0.0,0.0,-3.3673652336483033,1.3149122741485744,12.056504599211562,0.0,False,False,False,False,18.31729787990597
1995-99,NonEvent,SPX Jun-28 10% OTM,spx,False,False,1997-08-29,,tiered,3.3673652336483033,0.0,0.0,-3.3673652336483033,1.3149122741485744,12.056504599211562,0.0,False,False,False,False,18.31729787990597
1995-99,NonEvent,SPX Jun-28 10% OTM,spx,False,False,1997-08-29,,IPS,3.3673652336483033,0.018227965021539155,0.5523865745474853,-3.3059850179546153,1.3149122741485744,12.056504599211562,0.0,False,False,False,False,18.31729787990597
1995-99,NonEvent,SPX Jun-28 10% OTM,spx,False,False,1997-09-30,,hold,3.290882517387893,0.0,0.0,-3.290882517387893,1.5339739999674726,12.253613666228645,0.0,False,False,False,False,17.98278989820691
1995-99,NonEvent,SPX Jun-28 10% OTM,spx,False,False,1997-09-30,,v4_-22,3.290882517387893,0.0,0.0,-3.290882517387893,1.5339739999674726,12.253613666228645,0.0,False,False,False,False,17.98278989820691
1995-99,NonEvent,SPX Jun-28 10% OTM,spx,False,False,1997-09-30,,peak_-22,3.290882517387893,0.0,0.0,-3.290882517387893,1.5339739999674726,12.253613666228645,0.0,False,False,False,False,17.98278989820691
1995-99,NonEvent,SPX Jun-28 10% OTM,spx,False,False,1997-09-30,,tiered,3.290882517387893,0.0,0.0,-3.290882517387893,1.5339739999674726,12.253613666228645,0.0,False,False,False,False,17.98278989820691
1995-99,NonEvent,SPX Jun-28 10% OTM,spx,False,False,1997-09-30,,IPS,3.290882517387893,0.03225038840102089,1.0039260786287347,-3.184750278020004,1.5339739999674726,12.253613666228645,0.0,False,False,False,False,17.98278989820691
1995-99,NonEvent,SPX Jun-28 10% OTM,spx,False,False,1997-10-31,,hold,4.375929173211349,0.0,0.0,-4.375929173211349,1.1051185893409212,11.235216819973719,0.0,False,False,False,False,21.25447105812356
1995-99,NonEvent,SPX Jun-28 10% OTM,spx,False,False,1997-10-31,,v4_-22,4.375929173211349,0.0,0.0,-4.375929173211349,1.1051185893409212,11.235216819973719,0.0,False,False,False,False,21.25447105812356
1995-99,NonEvent,SPX Jun-28 10% OTM,spx,False,False,1997-10-31,,peak_-22,4.375929173211349,0.0,0.0,-4.375929173211349,1.1051185893409212,11.235216819973719,0.0,False,False,False,False,21.25447105812356
1995-99,NonEvent,SPX Jun-28 10% OTM,spx,False,False,1997-10-31,,tiered,4.375929173211349,0.0,0.0,-4.375929173211349,1.1051185893409212,11.235216819973719,0.0,False,False,False,False,21.25447105812356
1995-99,NonEvent,SPX Jun-28 10% OTM,spx,False,False,1997-10-31,,IPS,4.375929173211349,0.004385020432993554,0.17612934542515432,-4.356740634373485,1.1051185893409212,11.235216819973719,0.0,False,False,False,False,21.25447105812356
1995-99,NonEvent,SPX Jun-28 10% OTM,spx,False,False,1997-11-28,,hold,3.7679268573063545,0.0,0.0,-3.7679268573063545,1.3935800244914536,10.315374507227332,0.0,False,False,False,False,19.390805746011768
1995-99,NonEvent,SPX Jun-28 10% OTM,spx,False,False,1997-11-28,,v4_-22,3.7679268573063545,0.0,0.0,-3.7679268573063545,1.3935800244914536,10.315374507227332,0.0,False,False,False,False,19.390805746011768
1995-99,NonEvent,SPX Jun-28 10% OTM,spx,False,False,1997-11-28,,peak_-22,3.7679268573063545,0.0,0.0,-3.7679268573063545,1.3935800244914536,10.315374507227332,0.0,False,False,False,False,19.390805746011768
1995-99,NonEvent,SPX Jun-28 10% OTM,spx,False,False,1997-11-28,,tiered,3.7679268573063545,0.0,0.0,-3.7679268573063545,1.3935800244914536,10.315374507227332,0.0,False,False,False,False,19.390805746011768
1995-99,NonEvent,SPX Jun-28 10% OTM,spx,False,False,1997-11-28,,IPS,3.7679268573063545,0.020917707027488748,0.7492443675889705,-3.689110467204214,1.3935800244914536,10.315374507227332,0.0,False,False,False,False,19.390805746011768
1995-99,NonEvent,SPX Jun-28 10% OTM,spx,False,False,1997-12-31,,hold,3.5764041291737736,0.0,0.0,-3.5764041291737736,1.5345256426158913,9.231274638633376,0.0,False,False,False,False,18.722797033473725
1995-99,NonEvent,SPX Jun-28 10% OTM,spx,False,False,1997-12-31,,v4_-22,3.5764041291737736,0.0,0.0,-3.5764041291737736,1.5345256426158913,9.231274638633376,0.0,False,False,False,False,18.722797033473725
1995-99,NonEvent,SPX Jun-28 10% OTM,spx,False,False,1997-12-31,,peak_-22,3.5764041291737736,0.0,0.0,-3.5764041291737736,1.5345256426158913,9.231274638633376,0.0,False,False,False,False,18.722797033473725
1995-99,NonEvent,SPX Jun-28 10% OTM,spx,False,False,1997-12-31,,tiered,3.5764041291737736,0.0,0.0,-3.5764041291737736,1.5345256426158913,9.231274638633376,0.0,False,False,False,False,18.722797033473725
1995-99,NonEvent,SPX Jun-28 10% OTM,spx,False,False,1997-12-31,,IPS,3.5764041291737736,0.018285114736796292,0.6328906379012752,-3.511009169326679,1.5345256426158913,9.231274638633376,0.0,False,False,False,False,18.722797033473725
1995-99,NonEvent,SPX Jun-28 10% OTM,spx,False,False,1998-01-30,,hold,3.4752696247972166,0.0,0.0,-3.4752696247972166,1.630693177640485,8.245729303547963,0.0,False,False,False,False,18.27044316711058
1995-99,NonEvent,SPX Jun-28 10% OTM,spx,False,False,1998-01-30,,v4_-22,3.4752696247972166,0.0,0.0,-3.4752696247972166,1.630693177640485,8.245729303547963,0.0,False,False,False,False,18.27044316711058
1995-99,NonEvent,SPX Jun-28 10% OTM,spx,False,False,1998-01-30,,peak_-22,3.4752696247972166,0.0,0.0,-3.4752696247972166,1.630693177640485,8.245729303547963,0.0,False,False,False,False,18.27044316711058
1995-99,NonEvent,SPX Jun-28 10% OTM,spx,False,False,1998-01-30,,tiered,3.4752696247972166,0.0,0.0,-3.4752696247972166,1.630693177640485,8.245729303547963,0.0,False,False,False,False,18.27044316711058
1995-99,NonEvent,SPX Jun-28 10% OTM,spx,False,False,1998-01-30,,IPS,3.4752696247972166,0.034016768293881276,1.1606622191275353,-3.3570521832117257,1.630693177640485,8.245729303547963,0.0,False,False,False,False,18.27044316711058
1995-99,NonEvent,SPX Jun-28 10% OTM,spx,False,False,1998-02-27,,hold,3.2174412623281317,0.0,0.0,-3.2174412623281317,1.9847369790408629,7.3258869908015765,0.0,False,False,False,False,17.521664242467676
1995-99,NonEvent,SPX Jun-28 10% OTM,spx,False,False,1998-02-27,,v4_-22,3.2174412623281317,0.0,0.0,-3.2174412623281317,1.9847369790408629,7.3258869908015765,0.0,False,False,False,False,17.521664242467676
1995-99,NonEvent,SPX Jun-28 10% OTM,spx,False,False,1998-02-27,,peak_-22,3.2174412623281317,0.0,0.0,-3.2174412623281317,1.9847369790408629,7.3258869908015765,0.0,False,False,False,False,17.521664242467676
1995-99,NonEvent,SPX Jun-28 10% OTM,spx,False,False,1998-02-27,,tiered,3.2174412623281317,0.0,0.0,-3.2174412623281317,1.9847369790408629,7.3258869908015765,0.0,False,False,False,False,17.521664242467676
1995-99,NonEvent,SPX Jun-28 10% OTM,spx,False,False,1998-02-27,,IPS,3.2174412623281317,1.1276160398781263,37.98376685956118,0.4105971124387962,1.9847369790408629,7.3258869908015765,0.0,False,False,False,False,17.521664242467676
1995-99,NonEvent,SPX Jun-28 10% OTM,spx,False,False,1998-03-31,,hold,3.8653149523027954,0.0,0.0,-3.8653149523027954,1.7977138430356623,6.274638633377135,0.0,False,False,False,False,19.607728437874904
1995-99,NonEvent,SPX Jun-28 10% OTM,spx,False,False,1998-03-31,,v4_-22,3.8653149523027954,0.0,0.0,-3.8653149523027954,1.7977138430356623,6.274638633377135,0.0,False,False,False,False,19.607728437874904
1995-99,NonEvent,SPX Jun-28 10% OTM,spx,False,False,1998-03-31,,peak_-22,3.8653149523027954,0.0,0.0,-3.8653149523027954,1.7977138430356623,6.274638633377135,0.0,False,False,False,False,19.607728437874904
1995-99,NonEvent,SPX Jun-28 10% OTM,spx,False,False,1998-03-31,,tiered,3.8653149523027954,0.8665504737190207,36.77917181783587,-0.5158244493115939,1.7977138430356623,6.274638633377135,0.0,False,False,False,False,19.607728437874904
1995-99,NonEvent,SPX Jun-28 10% OTM,spx,False,False,1998-03-31,,IPS,3.8653149523027954,0.02218720978657303,0.9416960992434193,-3.779554398564875,1.7977138430356623,6.274638633377135,0.0,False,False,False,False,19.607728437874904
1995-99,NonEvent,SPX Jun-28 10% OTM,spx,False,False,1998-04-30,,hold,3.704511544950232,0.0,0.0,-3.704511544950232,1.9054843185997885,5.289093298291721,0.0,False,False,False,False,19.117201494659607
1995-99,NonEvent,SPX Jun-28 10% OTM,spx,False,False,1998-04-30,,v4_-22,3.704511544950232,0.0,0.0,-3.704511544950232,1.9054843185997885,5.289093298291721,0.0,False,False,False,False,19.117201494659607
1995-99,NonEvent,SPX Jun-28 10% OTM,spx,False,False,1998-04-30,,peak_-22,3.704511544950232,0.0,0.0,-3.704511544950232,1.9054843185997885,5.289093298291721,0.0,False,False,False,False,19.117201494659607
1995-99,NonEvent,SPX Jun-28 10% OTM,spx,False,False,1998-04-30,,tiered,3.704511544950232,0.9169706219630367,37.75588700831062,-0.30758328950796765,1.9054843185997885,5.289093298291721,0.0,False,False,False,False,19.117201494659607
1995-99,NonEvent,SPX Jun-28 10% OTM,spx,False,False,1998-04-30,,IPS,3.704511544950232,1.0877107744897145,44.78604233954525,0.32492557671367406,1.9054843185997885,5.289093298291721,0.0,False,False,False,False,19.117201494659607
1995-99,NonEvent,SPX Jun-28 10% OTM,spx,False,False,1998-05-29,,hold,3.8333926190990244,0.0,0.0,-3.8333926190990244,1.7578146564328145,4.336399474375821,0.0,False,False,False,False,19.487817259474234
1995-99,NonEvent,SPX Jun-28 10% OTM,spx,False,False,1998-05-29,,v4_-22,3.8333926190990244,0.0,0.0,-3.8333926190990244,1.7578146564328145,4.336399474375821,0.0,False,False,False,False,19.487817259474234
1995-99,NonEvent,SPX Jun-28 10% OTM,spx,False,False,1998-05-29,,peak_-22,3.8333926190990244,0.0,0.0,-3.8333926190990244,1.7578146564328145,4.336399474375821,0.0,False,False,False,False,19.487817259474234
1995-99,NonEvent,SPX Jun-28 10% OTM,spx,False,False,1998-05-29,,tiered,3.8333926190990244,0.8461366352964514,35.24824228181314,-0.5898186866043246,1.7578146564328145,4.336399474375821,0.0,False,False,False,False,19.487817259474234
1995-99,NonEvent,SPX Jun-28 10% OTM,spx,False,False,1998-05-29,,IPS,3.8333926190990244,0.033020940179497735,1.3755817338087497,-3.7068103907392276,1.7578146564328145,4.336399474375821,0.0,False,False,False,False,19.487817259474234
1995-99,NonEvent,SPX Jun-28 10% OTM,spx,False,False,1998-06-30,,hold,3.7345730690584262,1.3908905029988726e-15,5.872527701275428e-14,-3.7345730690584213,1.9165571722029902,3.2851511169513796,1.2935281677889513e-15,False,False,False,False,19.139109849429378
1995-99,NonEvent,SPX Jun-28 10% OTM,spx,False,False,1998-06-30,,v4_-22,3.7345730690584262,1.3908905029988726e-15,5.872527701275428e-14,-3.7345730690584213,1.9165571722029902,3.2851511169513796,1.2935281677889513e-15,False,False,False,False,19.139109849429378
1995-99,NonEvent,SPX Jun-28 10% OTM,spx,False,False,1998-06-30,,peak_-22,3.7345730690584262,1.3908905029988726e-15,5.872527701275428e-14,-3.7345730690584213,1.9165571722029902,3.2851511169513796,1.2935281677889513e-15,False,False,False,False,19.139109849429378
1995-99,NonEvent,SPX Jun-28 10% OTM,spx,False,False,1998-06-30,,tiered,3.7345730690584262,0.9199625488955778,38.8420622678564,-0.2989057094106556,1.9165571722029902,3.2851511169513796,1.2935281677889513e-15,False,False,False,False,19.139109849429378
1995-99,NonEvent,SPX Jun-28 10% OTM,spx,False,False,1998-06-30,,IPS,3.7345730690584262,1.1475747711506354,48.45215794008754,0.5511287660116236,1.9165571722029902,3.2851511169513796,1.2935281677889513e-15,False,False,False,False,19.139109849429378
1995-99,NonEvent,SPX Jun-28 10% OTM,spx,False,False,1998-07-31,,hold,4.281781790567208,0.0,0.0,-4.281781790567208,1.6208161786933932,2.266754270696452,0.0,False,False,False,False,20.83303477378713
1995-99,NonEvent,SPX Jun-28 10% OTM,spx,False,False,1998-07-31,,v4_-22,4.281781790567208,0.0,0.0,-4.281781790567208,1.6208161786933932,2.266754270696452,0.0,False,False,False,False,20.83303477378713
1995-99,NonEvent,SPX Jun-28 10% OTM,spx,False,False,1998-07-31,,peak_-22,4.281781790567208,0.0,0.0,-4.281781790567208,1.6208161786933932,2.266754270696452,0.0,False,False,False,False,20.83303477378713
1995-99,NonEvent,SPX Jun-28 10% OTM,spx,False,False,1998-07-31,,tiered,4.281781790567208,0.7779715462931162,37.15204964088436,-0.9506773900699297,1.6208161786933932,2.266754270696452,0.0,False,False,False,False,20.83303477378713
1995-99,NonEvent,SPX Jun-28 10% OTM,spx,False,False,1998-07-31,,IPS,4.281781790567208,0.018142218664720787,0.8663820825312483,-4.204100769048118,1.6208161786933932,2.266754270696452,0.0,False,False,False,False,20.83303477378713
1995-99,NonEvent,SPX Jun-28 10% OTM,spx,False,False,1998-08-31,,hold,6.145581472001164,0.0,0.0,-6.145581472001164,0.898861950509613,1.2483574244415243,-8.17590136947468e-16,False,False,False,False,26.05693629265372
1995-99,NonEvent,SPX Jun-28 10% OTM,spx,False,False,1998-08-31,,v4_-22,6.145581472001164,0.0,0.0,-6.145581472001164,0.898861950509613,1.2483574244415243,-8.17590136947468e-16,False,False,False,False,26.05693629265372
1995-99,NonEvent,SPX Jun-28 10% OTM,spx,False,False,1998-08-31,,peak_-22,6.145581472001164,0.0,0.0,-6.145581472001164,0.898861950509613,1.2483574244415243,-8.17590136947468e-16,False,False,False,False,26.05693629265372
1995-99,NonEvent,SPX Jun-28 10% OTM,spx,False,False,1998-08-31,,tiered,6.145581472001164,0.0,0.0,-6.145581472001164,0.898861950509613,1.2483574244415243,-8.17590136947468e-16,False,False,False,False,26.05693629265372
1995-99,NonEvent,SPX Jun-28 10% OTM,spx,False,False,1998-08-31,,IPS,6.145581472001164,0.009133871338067815,0.5338917184424685,-6.089448521538292,0.898861950509613,1.2483574244415243,-8.17590136947468e-16,False,False,False,False,26.05693629265372
1995-99,NonEvent,SPX Jun-28 10% OTM,spx,False,False,1998-09-30,,hold,6.093550743610541,0.0,0.0,-6.093550743610541,0.9857428820169569,0.2628120893561104,-7.116601885774279e-16,False,False,False,False,25.42979717639884
1995-99,NonEvent,SPX Jun-28 10% OTM,spx,False,False,1998-09-30,,v4_-22,6.093550743610541,0.0,0.0,-6.093550743610541,0.9857428820169569,0.2628120893561104,-7.116601885774279e-16,False,False,False,False,25.42979717639884
1995-99,NonEvent,SPX Jun-28 10% OTM,spx,False,False,1998-09-30,,peak_-22,6.093550743610541,0.0,0.0,-6.093550743610541,0.9857428820169569,0.2628120893561104,-7.116601885774279e-16,False,False,False,False,25.42979717639884
1995-99,NonEvent,SPX Jun-28 10% OTM,spx,False,False,1998-09-30,,tiered,6.093550743610541,0.0,0.0,-6.093550743610541,0.9857428820169569,0.2628120893561104,-7.116601885774279e-16,False,False,False,False,25.42979717639884
1995-99,NonEvent,SPX Jun-28 10% OTM,spx,False,False,1998-09-30,,IPS,6.093550743610541,0.01149518686537693,0.7115170489010606,-6.023504239139081,0.9857428820169569,0.2628120893561104,-7.116601885774279e-16,False,False,False,False,25.42979717639884
1995-99,NonEvent,SPX Jun-28 10% OTM,spx,False,False,1998-10-30,,hold,4.943188522700216,0.0,0.0,-4.943188522700216,0.8793288381234206,1.4783180026281209,0.0,False,False,False,False,22.276326372935824
1995-99,NonEvent,SPX Jun-28 10% OTM,spx,False,False,1998-10-30,,v4_-22,4.943188522700216,0.0,0.0,-4.943188522700216,0.8793288381234206,1.4783180026281209,0.0,False,False,False,False,22.276326372935824
1995-99,NonEvent,SPX Jun-28 10% OTM,spx,False,False,1998-10-30,,peak_-22,4.943188522700216,0.0,0.0,-4.943188522700216,0.8793288381234206,1.4783180026281209,0.0,False,False,False,False,22.276326372935824
1995-99,NonEvent,SPX Jun-28 10% OTM,spx,False,False,1998-10-30,,tiered,4.943188522700216,0.0,0.0,-4.943188522700216,0.8793288381234206,1.4783180026281209,0.0,False,False,False,False,22.276326372935824
1995-99,NonEvent,SPX Jun-28 10% OTM,spx,False,False,1998-10-30,,IPS,4.943188522700216,0.008887288987178062,0.4820057282799129,-4.899256977780877,0.8793288381234206,1.4783180026281209,0.0,False,False,False,False,22.276326372935824
1995-99,NonEvent,SPX Jun-28 10% OTM,spx,False,False,1998-11-30,,hold,4.7591024775399235,0.0,0.0,-4.7591024775399235,0.9927516293721941,0.45992115637319314,0.0,False,False,False,False,21.83739077387237
1995-99,NonEvent,SPX Jun-28 10% OTM,spx,False,False,1998-11-30,,v4_-22,4.7591024775399235,0.0,0.0,-4.7591024775399235,0.9927516293721941,0.45992115637319314,0.0,False,False,False,False,21.83739077387237
1995-99,NonEvent,SPX Jun-28 10% OTM,spx,False,False,1998-11-30,,peak_-22,4.7591024775399235,0.0,0.0,-4.7591024775399235,0.9927516293721941,0.45992115637319314,0.0,False,False,False,False,21.83739077387237
1995-99,NonEvent,SPX Jun-28 10% OTM,spx,False,False,1998-11-30,,tiered,4.7591024775399235,0.0,0.0,-4.7591024775399235,0.9927516293721941,0.45992115637319314,0.0,False,False,False,False,21.83739077387237
1995-99,NonEvent,SPX Jun-28 10% OTM,spx,False,False,1998-11-30,,IPS,4.7591024775399235,0.019175582281796895,1.0565824950872984,-4.667843916394353,0.9927516293721941,0.45992115637319314,0.0,False,False,False,False,21.83739077387237
1995-99,NonEvent,SPX Jun-28 10% OTM,spx,False,False,1998-12-31,,hold,4.637848417049667,0.0,0.0,-4.637848417049667,1.053114494387737,0.45992115637319314,0.0,False,False,False,False,21.534546395938023
1995-99,NonEvent,SPX Jun-28 10% OTM,spx,False,False,1998-12-31,,v4_-22,4.637848417049667,0.0,0.0,-4.637848417049667,1.053114494387737,0.45992115637319314,0.0,False,False,False,False,21.534546395938023
1995-99,NonEvent,SPX Jun-28 10% OTM,spx,False,False,1998-12-31,,peak_-22,4.637848417049667,0.0,0.0,-4.637848417049667,1.053114494387737,0.45992115637319314,0.0,False,False,False,False,21.534546395938023
1995-99,NonEvent,SPX Jun-28 10% OTM,spx,False,False,1998-12-31,,tiered,4.637848417049667,0.0,0.0,-4.637848417049667,1.053114494387737,0.45992115637319314,0.0,False,False,False,False,21.534546395938023
1995-99,NonEvent,SPX Jun-28 10% OTM,spx,False,False,1998-12-31,,IPS,4.637848417049667,0.012469557134076536,0.7126127528500046,-4.58001650123408,1.053114494387737,0.45992115637319314,0.0,False,False,False,False,21.534546395938023
1995-99,NonEvent,SPX Jun-28 10% OTM,spx,False,False,1999-01-29,,hold,4.898818724622122,0.0,0.0,-4.898818724622122,1.0114320111466921,0.36136662286465177,0.0,False,False,False,False,22.25262495872947
1995-99,NonEvent,SPX Jun-28 10% OTM,spx,False,False,1999-01-29,,v4_-22,4.898818724622122,0.0,0.0,-4.898818724622122,1.0114320111466921,0.36136662286465177,0.0,False,False,False,False,22.25262495872947
1995-99,NonEvent,SPX Jun-28 10% OTM,spx,False,False,1999-01-29,,peak_-22,4.898818724622122,0.0,0.0,-4.898818724622122,1.0114320111466921,0.36136662286465177,0.0,False,False,False,False,22.25262495872947
1995-99,NonEvent,SPX Jun-28 10% OTM,spx,False,False,1999-01-29,,tiered,4.898818724622122,0.0,0.0,-4.898818724622122,1.0114320111466921,0.36136662286465177,0.0,False,False,False,False,22.25262495872947
1995-99,NonEvent,SPX Jun-28 10% OTM,spx,False,False,1999-01-29,,IPS,4.898818724622122,0.03970260809157089,2.478218389997143,-4.7043228446868,1.0114320111466921,0.36136662286465177,0.0,False,False,False,False,22.25262495872947
1995-99,NonEvent,SPX Jun-28 10% OTM,spx,False,False,1999-02-26,,hold,4.964396890013359,0.0,0.0,-4.964396890013359,0.8920955701231561,0.1314060446780552,0.0,False,False,False,False,22.85989447399406
1995-99,NonEvent,SPX Jun-28 10% OTM,spx,False,False,1999-02-26,,v4_-22,4.964396890013359,0.0,0.0,-4.964396890013359,0.8920955701231561,0.1314060446780552,0.0,False,False,False,False,22.85989447399406
1995-99,NonEvent,SPX Jun-28 10% OTM,spx,False,False,1999-02-26,,peak_-22,4.964396890013359,0.0,0.0,-4.964396890013359,0.8920955701231561,0.1314060446780552,0.0,False,False,False,False,22.85989447399406
1995-99,NonEvent,SPX Jun-28 10% OTM,spx,False,False,1999-02-26,,tiered,4.964396890013359,0.0,0.0,-4.964396890013359,0.8920955701231561,0.1314060446780552,0.0,False,False,False,False,22.85989447399406
1995-99,NonEvent,SPX Jun-28 10% OTM,spx,False,False,1999-02-26,,IPS,4.964396890013359,0.08114490695812848,4.963891977027267,-4.561561366270003,0.8920955701231561,0.1314060446780552,0.0,False,False,False,False,22.85989447399406
1995-99,NonEvent,SPX Jun-28 10% OTM,spx,False,False,1999-03-31,,hold,4.562044215357919,0.0,0.0,-4.562044215357919,0.9718694056467134,1.8068331143232588,0.0,False,False,False,False,21.64566183739916
1995-99,NonEvent,SPX Jun-28 10% OTM,spx,False,False,1999-03-31,,v4_-22,4.562044215357919,0.0,0.0,-4.562044215357919,0.9718694056467134,1.8068331143232588,0.0,False,False,False,False,21.64566183739916
1995-99,NonEvent,SPX Jun-28 10% OTM,spx,False,False,1999-03-31,,peak_-22,4.562044215357919,0.0,0.0,-4.562044215357919,0.9718694056467134,1.8068331143232588,0.0,False,False,False,False,21.64566183739916
1995-99,NonEvent,SPX Jun-28 10% OTM,spx,False,False,1999-03-31,,tiered,4.562044215357919,0.0,0.0,-4.562044215357919,0.9718694056467134,1.8068331143232588,0.0,False,False,False,False,21.64566183739916
1995-99,NonEvent,SPX Jun-28 10% OTM,spx,False,False,1999-03-31,,IPS,4.562044215357919,0.1768175432218508,10.32531637888007,-3.7553947651288757,0.9718694056467134,1.8068331143232588,0.0,False,False,False,False,21.64566183739916
1995-99,NonEvent,SPX Jun-28 10% OTM,spx,False,False,1999-04-30,,hold,4.8143386401550625,0.0,0.0,-4.8143386401550625,0.9846187649445081,5.519053876478318,0.0,False,False,False,False,22.450170584470794
1995-99,NonEvent,SPX Jun-28 10% OTM,spx,False,False,1999-04-30,,v4_-22,4.8143386401550625,0.0,0.0,-4.8143386401550625,0.9846187649445081,5.519053876478318,0.0,False,False,False,False,22.450170584470794
1995-99,NonEvent,SPX Jun-28 10% OTM,spx,False,False,1999-04-30,,peak_-22,4.8143386401550625,0.0,0.0,-4.8143386401550625,0.9846187649445081,5.519053876478318,0.0,False,False,False,False,22.450170584470794
1995-99,NonEvent,SPX Jun-28 10% OTM,spx,False,False,1999-04-30,,tiered,4.8143386401550625,0.0,0.0,-4.8143386401550625,0.9846187649445081,5.519053876478318,0.0,False,False,False,False,22.450170584470794
1995-99,NonEvent,SPX Jun-28 10% OTM,spx,False,False,1999-04-30,,IPS,4.8143386401550625,0.3418354113211736,21.829233621785164,-3.1686272108582374,0.9846187649445081,5.519053876478318,0.0,False,False,False,False,22.450170584470794
1995-99,NonEvent,SPX Jun-28 10% OTM,spx,False,False,1999-05-28,,hold,4.817851662943995,0.2593985572127123,16.156500000000733,-3.568107892711456,0.9533068980674654,4.599211563731932,0.026883742608744002,False,False,False,False,22.750235817106983
1995-99,NonEvent,SPX Jun-28 10% OTM,spx,False,False,1999-05-28,,v4_-22,4.817851662943995,0.2593985572127123,16.156500000000733,-3.568107892711456,0.9533068980674654,4.599211563731932,0.026883742608744002,False,False,False,False,22.750235817106983
1995-99,NonEvent,SPX Jun-28 10% OTM,spx,False,False,1999-05-28,,peak_-22,4.817851662943995,0.3116807295528237,19.412867061134303,-3.3162201417603256,0.9533068980674654,4.599211563731932,0.026883742608744002,False,False,False,False,22.750235817106983
1995-99,NonEvent,SPX Jun-28 10% OTM,spx,False,False,1999-05-28,,tiered,4.817851662943995,0.47005661141816363,29.277223913586685,-2.5531886359451765,0.9533068980674654,4.599211563731932,0.026883742608744002,False,False,False,False,22.750235817106983
1995-99,NonEvent,SPX Jun-28 10% OTM,spx,False,False,1999-05-28,,IPS,4.817851662943995,0.0950945032772487,5.922910129908942,-4.359700452192869,0.9533068980674654,4.599211563731932,0.026883742608744002,False,False,False,False,22.750235817106983
1995-99,NonEvent,SPX Jun-28 10% OTM,spx,False,False,1999-06-30,,hold,4.383087679732799,0.0,0.0,-4.383087679732799,1.9015912040758844,21.12352168199737,0.0,False,False,False,False,21.530946620889765
1995-99,NonEvent,SPX Jun-28 10% OTM,spx,False,False,1999-06-30,,v4_-22,4.383087679732799,0.0,0.0,-4.383087679732799,1.9015912040758844,21.12352168199737,0.0,False,False,False,False,21.530946620889765
1995-99,NonEvent,SPX Jun-28 10% OTM,spx,False,False,1999-06-30,,peak_-22,4.383087679732799,1.0422157188583179,62.48610698212937,0.18503519721895625,1.9015912040758844,21.12352168199737,0.0,False,False,False,False,21.530946620889765
1995-99,NonEvent,SPX Jun-28 10% OTM,spx,False,False,1999-06-30,,tiered,4.383087679732799,0.5211078594291589,31.243053491064686,-2.099026241256921,1.9015912040758844,21.12352168199737,0.0,False,False,False,False,21.530946620889765
1995-99,NonEvent,SPX Jun-28 10% OTM,spx,False,False,1999-06-30,,IPS,4.383087679732799,0.6296834102130826,37.75270725963367,-1.6231300822957024,1.9015912040758844,21.12352168199737,0.0,False,False,False,False,21.530946620889765
1995-99,NonEvent,SPX Jun-28 10% OTM,spx,False,False,1999-07-30,,hold,4.749667586631191,0.0,0.0,-4.749667586631191,1.4020471302799142,20.13797634691196,0.0,False,False,False,False,22.76152459111658
1995-99,NonEvent,SPX Jun-28 10% OTM,spx,False,False,1999-07-30,,v4_-22,4.749667586631191,0.0,0.0,-4.749667586631191,1.4020471302799142,20.13797634691196,0.0,False,False,False,False,22.76152459111658
1995-99,NonEvent,SPX Jun-28 10% OTM,spx,False,False,1999-07-30,,peak_-22,4.749667586631191,0.8151651886436401,51.19354708216681,-0.8779039123803939,1.4020471302799142,20.13797634691196,0.0,False,False,False,False,22.76152459111658
1995-99,NonEvent,SPX Jun-28 10% OTM,spx,False,False,1999-07-30,,tiered,4.749667586631191,0.47838026394437216,30.04296908969418,-2.4775203528905325,1.4020471302799142,20.13797634691196,0.0,False,False,False,False,22.76152459111658
1995-99,NonEvent,SPX Jun-28 10% OTM,spx,False,False,1999-07-30,,IPS,4.749667586631191,0.9824711496610455,61.700602230980344,-0.08325621228584114,1.4020471302799142,20.13797634691196,0.0,False,False,False,False,22.76152459111658
1995-99,NonEvent,SPX Jun-28 10% OTM,spx,False,False,1999-08-31,,hold,4.749058321871607,0.00013657076579235748,0.008529974676022789,-4.748409739339796,1.4142842035424226,19.086727989487514,0.00012701081218689244,False,False,False,False,22.88784053188955
1995-99,NonEvent,SPX Jun-28 10% OTM,spx,False,False,1999-08-31,,v4_-22,4.749058321871607,0.00013657076579235748,0.008529974676022789,-4.748409739339796,1.4142842035424226,19.086727989487514,0.00012701081218689244,False,False,False,False,22.88784053188955
1995-99,NonEvent,SPX Jun-28 10% OTM,spx,False,False,1999-08-31,,peak_-22,4.749058321871607,0.8754747354882082,54.680643253961044,-0.591377743712988,1.4142842035424226,19.086727989487514,0.00012701081218689244,False,False,False,False,22.88784053188955
1995-99,NonEvent,SPX Jun-28 10% OTM,spx,False,False,1999-08-31,,tiered,4.749058321871607,0.49672514022906095,31.02459624148102,-2.3900816609839444,1.4142842035424226,19.086727989487514,0.00012701081218689244,False,False,False,False,22.88784053188955
1995-99,NonEvent,SPX Jun-28 10% OTM,spx,False,False,1999-08-31,,IPS,4.749058321871607,0.270112675076834,16.87077219425756,-3.4662774744549667,1.4142842035424226,19.086727989487514,0.00012701081218689244,False,False,False,False,22.88784053188955
1995-99,NonEvent,SPX Jun-28 10% OTM,spx,False,False,1999-09-30,,hold,5.00019589285265,0.0,0.0,-5.00019589285265,1.2119236078238083,18.101182654402102,0.0,False,False,False,False,23.450631510526193
1995-99,NonEvent,SPX Jun-28 10% OTM,spx,False,False,1999-09-30,,v4_-22,5.00019589285265,0.0,0.0,-5.00019589285265,1.2119236078238083,18.101182654402102,0.0,False,False,False,False,23.450631510526193
1995-99,NonEvent,SPX Jun-28 10% OTM,spx,False,False,1999-09-30,,peak_-22,5.00019589285265,0.7956666426955521,51.086774167114356,-1.0217068139664935,1.2119236078238083,18.101182654402102,0.0,False,False,False,False,23.450631510526193
1995-99,NonEvent,SPX Jun-28 10% OTM,spx,False,False,1999-09-30,,tiered,5.00019589285265,0.5308116080952993,34.08142467325149,-2.346033870176024,1.2119236078238083,18.101182654402102,0.0,False,False,False,False,23.450631510526193
1995-99,NonEvent,SPX Jun-28 10% OTM,spx,False,False,1999-09-30,,IPS,5.00019589285265,0.20132550456105625,12.926356383054296,-3.9935289318199687,1.2119236078238083,18.101182654402102,0.0,False,False,False,False,23.450631510526193
1995-99,NonEvent,SPX Jun-28 10% OTM,spx,False,False,1999-10-29,,hold,4.700318264363278,1.2746239239459276,81.95861956521776,1.2908198455541555,1.8048608423624235,17.1484888304862,0.33439995042168547,False,False,False,False,22.554316127293305
1995-99,NonEvent,SPX Jun-28 10% OTM,spx,False,False,1999-10-29,,v4_-22,4.700318264363278,1.2746239239459276,81.95861956521776,1.2908198455541555,1.8048608423624235,17.1484888304862,0.33439995042168547,False,False,False,False,22.554316127293305
1995-99,NonEvent,SPX Jun-28 10% OTM,spx,False,False,1999-10-29,,peak_-22,4.700318264363278,1.1940375975909916,76.77689973413536,0.91203846393011,1.8048608423624235,17.1484888304862,0.33439995042168547,False,False,False,False,22.554316127293305
1995-99,NonEvent,SPX Jun-28 10% OTM,spx,False,False,1999-10-29,,tiered,4.700318264363278,1.2343307607684597,79.36775964967656,1.1014291547421329,1.8048608423624235,17.1484888304862,0.33439995042168547,False,False,False,False,22.554316127293305
1995-99,NonEvent,SPX Jun-28 10% OTM,spx,False,False,1999-10-29,,IPS,4.700318264363278,0.36695085644115794,23.595026797463074,-2.975532451709156,1.8048608423624235,17.1484888304862,0.33439995042168547,False,False,False,False,22.554316127293305
1995-99,NonEvent,SPX Jun-28 10% OTM,spx,False,False,1999-11-30,,hold,4.914757615261154,3.085244600568997,209.9962859580662,10.24847178032868,3.7985861891088337,21.71484888304862,0.4282871461048322,False,False,False,True,23.24867250752239
1995-99,NonEvent,SPX Jun-28 10% OTM,spx,False,False,1999-11-30,,v4_-22,4.914757615261154,2.8054585943540484,190.95273195351697,8.873391375640258,3.7985861891088337,21.71484888304862,0.4282871461048322,False,False,False,True,23.24867250752239
1995-99,NonEvent,SPX Jun-28 10% OTM,spx,False,False,1999-11-30,,peak_-22,4.914757615261154,1.2312946299242864,83.80771468055578,1.1367570437893975,3.7985861891088337,21.71484888304862,0.4282871461048322,False,False,False,True,23.24867250752239
1995-99,NonEvent,SPX Jun-28 10% OTM,spx,False,False,1999-11-30,,tiered,4.914757615261154,2.0183766121391677,137.38022331703638,5.005074209714828,3.7985861891088337,21.71484888304862,0.4282871461048322,False,False,False,True,23.24867250752239
1995-99,NonEvent,SPX Jun-28 10% OTM,spx,False,False,1999-11-30,,IPS,4.914757615261154,0.5717161634129283,38.91369615127696,-2.1049112473595746,3.7985861891088337,21.71484888304862,0.4282871461048322,False,False,False,True,23.24867250752239
1995-99,NonEvent,SPX Jun-28 10% OTM,spx,False,False,1999-12-31,,hold,4.940056639971739,3.5742678870965108,258.55559683794536,12.717029168717135,4.312458735525141,20.69645203679369,0.538400737729167,False,False,False,True,23.482354880514627
1995-99,NonEvent,SPX Jun-28 10% OTM,spx,False,False,1999-12-31,,v4_-22,4.940056639971739,1.8289363404591878,132.3017026208882,4.094992472799285,4.312458735525141,20.69645203679369,0.538400737729167,False,False,False,True,23.482354880514627
1995-99,NonEvent,SPX Jun-28 10% OTM,spx,False,False,1999-12-31,,peak_-22,4.940056639971739,1.5595980029371665,112.81829040638962,2.7644458301246746,4.312458735525141,20.69645203679369,0.538400737729167,False,False,False,True,23.482354880514627
1995-99,NonEvent,SPX Jun-28 10% OTM,spx,False,False,1999-12-31,,tiered,4.940056639971739,1.5441274155051121,111.69917815927212,2.6880202519566896,4.312458735525141,20.69645203679369,0.538400737729167,False,False,False,True,23.482354880514627
1995-99,NonEvent,SPX Jun-28 10% OTM,spx,False,False,1999-12-31,,IPS,4.940056639971739,1.0700023089794473,77.40188882174026,0.34581537128727124,4.312458735525141,20.69645203679369,0.538400737729167,False,False,False,True,23.482354880514627
1995-99,NonEvent,QQQ Jun-28 90/65 spread,ndx,False,False,1999-12-31,,hold,3.213893970203284,7.778725817273524,926.9574999999998,21.78610602979671,7.234215010064378,22.010512483574242,0.5852586644898485,False,False,False,True,30.632277870267988
1995-99,NonEvent,QQQ Jun-28 90/65 spread,ndx,False,False,1999-12-31,,v4_-22,3.213893970203284,2.0917915734019337,249.2698589653274,3.508902354475231,7.234215010064378,22.010512483574242,0.5852586644898485,False,False,False,True,30.632277870267988
1995-99,NonEvent,QQQ Jun-28 90/65 spread,ndx,False,False,1999-12-31,,peak_-22,3.213893970203284,0.9848742312173642,117.36325159531818,-0.0486126170852022,7.234215010064378,22.010512483574242,0.5852586644898485,False,False,False,True,30.632277870267988
1995-99,NonEvent,QQQ Jun-28 90/65 spread,ndx,False,False,1999-12-31,,tiered,3.213893970203284,1.7124883383627647,204.06991404464924,2.2898619745042468,7.234215010064378,22.010512483574242,0.5852586644898485,False,False,False,True,30.632277870267988
1995-99,NonEvent,QQQ Jun-28 90/65 spread,ndx,False,False,1999-12-31,,IPS,3.213893970203284,2.2148964922656624,263.9397458476011,3.9045485109137332,7.234215010064378,22.010512483574242,0.5852586644898485,False,False,False,True,30.632277870267988
1995-99,NonEvent,SPX Dec-27 seagull 90/70 -125c,spx,True,False,1995-01-31,,hold,-3.0902049061652517,-1.2449407824460885,-77.67253246753216,-13.440387878265897,1.0,0.0,-1.7660406134043294,False,False,False,False,12.877735875293356
1995-99,NonEvent,SPX Dec-27 seagull 90/70 -125c,spx,True,False,1995-01-31,,v4_-22,-3.0902049061652517,-1.2449407824460885,-77.67253246753216,-13.440387878265897,1.0,0.0,-1.7660406134043294,False,False,False,False,12.877735875293356
1995-99,NonEvent,SPX Dec-27 seagull 90/70 -125c,spx,True,False,1995-01-31,,peak_-22,-3.0902049061652517,-1.2449407824460885,-77.67253246753216,-13.440387878265897,1.0,0.0,-1.7660406134043294,False,False,False,False,12.877735875293356
1995-99,NonEvent,SPX Dec-27 seagull 90/70 -125c,spx,True,False,1995-01-31,,tiered,-3.0902049061652517,-1.2449407824460885,-77.67253246753216,-13.440387878265897,1.0,0.0,-1.7660406134043294,False,False,False,False,12.877735875293356
1995-99,NonEvent,SPX Dec-27 seagull 90/70 -125c,spx,True,False,1995-01-31,,IPS,-3.0902049061652517,-1.2106729646888357,-76.70854275554606,-13.235227561343253,1.0,0.0,-1.7660406134043294,False,False,False,False,12.877735875293356
1995-99,NonEvent,SPX Dec-27 seagull 90/70 -125c,spx,True,False,1995-02-28,,hold,-2.7614135038936753,-0.5834619179778322,-62.27947368421087,-10.031223845794447,1.0375460684005244,0.2956636005256242,-1.1736825792349297,False,False,False,False,12.712957482743962
1995-99,NonEvent,SPX Dec-27 seagull 90/70 -125c,spx,True,False,1995-02-28,,v4_-22,-2.7614135038936753,-0.5834619179778322,-62.27947368421087,-10.031223845794447,1.0375460684005244,0.2956636005256242,-1.1736825792349297,False,False,False,False,12.712957482743962
1995-99,NonEvent,SPX Dec-27 seagull 90/70 -125c,spx,True,False,1995-02-28,,peak_-22,-2.7614135038936753,-0.5834619179778322,-62.27947368421087,-10.031223845794447,1.0375460684005244,0.2956636005256242,-1.1736825792349297,False,False,False,False,12.712957482743962
1995-99,NonEvent,SPX Dec-27 seagull 90/70 -125c,spx,True,False,1995-02-28,,tiered,-2.7614135038936753,-0.5834619179778322,-62.27947368421087,-10.031223845794447,1.0375460684005244,0.2956636005256242,-1.1736825792349297,False,False,False,False,12.712957482743962
1995-99,NonEvent,SPX Dec-27 seagull 90/70 -125c,spx,True,False,1995-02-28,,IPS,-2.7614135038936753,-0.3869489536341706,-56.21877977601478,-8.786315135612579,1.0375460684005244,0.2956636005256242,-1.1736825792349297,False,False,False,False,12.712957482743962
1995-99,NonEvent,SPX Dec-27 seagull 90/70 -125c,spx,True,False,1995-03-31,,hold,-3.0695704691898538,1.091212366622723,-12.641195652174133,0.5422214051645314,1.3702259226849398,15.965834428383705,-0.9729985418330722,False,False,False,False,13.341597877759689
1995-99,NonEvent,SPX Dec-27 seagull 90/70 -125c,spx,True,False,1995-03-31,,v4_-22,-3.0695704691898538,1.091212366622723,-12.641195652174133,0.5422214051645314,1.3702259226849398,15.965834428383705,-0.9729985418330722,False,False,False,False,13.341597877759689
1995-99,NonEvent,SPX Dec-27 seagull 90/70 -125c,spx,True,False,1995-03-31,,peak_-22,-3.0695704691898538,1.091212366622723,-12.641195652174133,0.5422214051645314,1.3702259226849398,15.965834428383705,-0.9729985418330722,False,False,False,False,13.341597877759689
1995-99,NonEvent,SPX Dec-27 seagull 90/70 -125c,spx,True,False,1995-03-31,,tiered,-3.0695704691898538,1.091212366622723,-12.641195652174133,0.5422214051645314,1.3702259226849398,15.965834428383705,-0.9729985418330722,False,False,False,False,13.341597877759689
1995-99,NonEvent,SPX Dec-27 seagull 90/70 -125c,spx,True,False,1995-03-31,,IPS,-3.0695704691898538,-0.4098252345549258,-57.27227913071169,-8.380852816577931,1.3702259226849398,15.965834428383705,-0.9729985418330722,False,False,False,False,13.341597877759689
1995-99,NonEvent,SPX Dec-27 seagull 90/70 -125c,spx,True,False,1995-04-28,,hold,-2.749250629959779,0.7867986749376676,-21.119473684210334,-1.3561745020722598,1.1598661411855489,15.045992115637318,-0.591464033460438,False,False,False,False,12.557951829969435
1995-99,NonEvent,SPX Dec-27 seagull 90/70 -125c,spx,True,False,1995-04-28,,v4_-22,-2.749250629959779,0.7867986749376676,-21.119473684210334,-1.3561745020722598,1.1598661411855489,15.045992115637318,-0.591464033460438,False,False,False,False,12.557951829969435
1995-99,NonEvent,SPX Dec-27 seagull 90/70 -125c,spx,True,False,1995-04-28,,peak_-22,-2.749250629959779,0.7867986749376676,-21.119473684210334,-1.3561745020722598,1.1598661411855489,15.045992115637318,-0.591464033460438,False,False,False,False,12.557951829969435
1995-99,NonEvent,SPX Dec-27 seagull 90/70 -125c,spx,True,False,1995-04-28,,tiered,-2.749250629959779,0.7867986749376676,-21.119473684210334,-1.3561745020722598,1.1598661411855489,15.045992115637318,-0.591464033460438,False,False,False,False,12.557951829969435
1995-99,NonEvent,SPX Dec-27 seagull 90/70 -125c,spx,True,False,1995-04-28,,IPS,-2.749250629959779,-0.002305332373149671,-46.941176502514914,-6.37566832503558,1.1598661411855489,15.045992115637318,-0.591464033460438,False,False,False,False,12.557951829969435
1995-99,NonEvent,SPX Dec-27 seagull 90/70 -125c,spx,True,False,1995-05-31,,hold,-2.4517377606185473,0.7751278168856546,-20.953349567099394,-1.4856607813178793,1.1358477056069674,15.111695137976346,-0.2484654525026837,False,False,False,False,12.941069570710138
1995-99,NonEvent,SPX Dec-27 seagull 90/70 -125c,spx,True,False,1995-05-31,,v4_-22,-2.4517377606185473,0.7751278168856546,-20.953349567099394,-1.4856607813178793,1.1358477056069674,15.111695137976346,-0.2484654525026837,False,False,False,False,12.941069570710138
1995-99,NonEvent,SPX Dec-27 seagull 90/70 -125c,spx,True,False,1995-05-31,,peak_-22,-2.4517377606185473,0.7751278168856546,-20.953349567099394,-1.4856607813178793,1.1358477056069674,15.111695137976346,-0.2484654525026837,False,False,False,False,12.941069570710138
1995-99,NonEvent,SPX Dec-27 seagull 90/70 -125c,spx,True,False,1995-05-31,,tiered,-2.4517377606185473,0.7751278168856546,-20.953349567099394,-1.4856607813178793,1.1358477056069674,15.111695137976346,-0.2484654525026837,False,False,False,False,12.941069570710138
1995-99,NonEvent,SPX Dec-27 seagull 90/70 -125c,spx,True,False,1995-05-31,,IPS,-2.4517377606185473,0.864922261302318,-17.796328552368173,-0.8924167321762826,1.1358477056069674,15.111695137976346,-0.2484654525026837,False,False,False,False,12.941069570710138
1995-99,NonEvent,SPX Dec-27 seagull 90/70 -125c,spx,True,False,1995-06-30,,hold,-2.2324243335406444,0.7774839760311625,-20.45777667984123,-1.5383100640037968,1.0720831468352596,12.976346911957949,-0.11450607936178314,False,False,False,False,12.242123597504849
1995-99,NonEvent,SPX Dec-27 seagull 90/70 -125c,spx,True,False,1995-06-30,,v4_-22,-2.2324243335406444,0.7774839760311625,-20.45777667984123,-1.5383100640037968,1.0720831468352596,12.976346911957949,-0.11450607936178314,False,False,False,False,12.242123597504849
1995-99,NonEvent,SPX Dec-27 seagull 90/70 -125c,spx,True,False,1995-06-30,,peak_-22,-2.2324243335406444,0.7774839760311625,-20.45777667984123,-1.5383100640037968,1.0720831468352596,12.976346911957949,-0.11450607936178314,False,False,False,False,12.242123597504849
1995-99,NonEvent,SPX Dec-27 seagull 90/70 -125c,spx,True,False,1995-06-30,,tiered,-2.2324243335406444,0.7774839760311625,-20.45777667984123,-1.5383100640037968,1.0720831468352596,12.976346911957949,-0.11450607936178314,False,False,False,False,12.242123597504849
1995-99,NonEvent,SPX Dec-27 seagull 90/70 -125c,spx,True,False,1995-06-30,,IPS,-2.2324243335406444,1.0428265178139728,-10.505510889902393,0.2960706477871397,1.0720831468352596,12.976346911957949,-0.11450607936178314,False,False,False,False,12.242123597504849
1995-99,NonEvent,SPX Dec-27 seagull 90/70 -125c,spx,True,False,1995-07-31,,hold,-2.661469384707601,-0.13030268657122734,-55.301262695511355,-7.207984228672317,1.220707451212284,11.957950065703022,-0.09199992780237043,False,False,False,False,13.10046890773267
1995-99,NonEvent,SPX Dec-27 seagull 90/70 -125c,spx,True,False,1995-07-31,,v4_-22,-2.661469384707601,-0.13030268657122734,-55.301262695511355,-7.207984228672317,1.220707451212284,11.957950065703022,-0.09199992780237043,False,False,False,False,13.10046890773267
1995-99,NonEvent,SPX Dec-27 seagull 90/70 -125c,spx,True,False,1995-07-31,,peak_-22,-2.661469384707601,-0.13030268657122734,-55.301262695511355,-7.207984228672317,1.220707451212284,11.957950065703022,-0.09199992780237043,False,False,False,False,13.10046890773267
1995-99,NonEvent,SPX Dec-27 seagull 90/70 -125c,spx,True,False,1995-07-31,,tiered,-2.661469384707601,-0.13030268657122734,-55.301262695511355,-7.207984228672317,1.220707451212284,11.957950065703022,-0.09199992780237043,False,False,False,False,13.10046890773267
1995-99,NonEvent,SPX Dec-27 seagull 90/70 -125c,spx,True,False,1995-07-31,,IPS,-2.661469384707601,0.8503714297056301,-20.259518244802198,-0.9541872169766284,1.220707451212284,11.957950065703022,-0.09199992780237043,False,False,False,False,13.10046890773267
1995-99,NonEvent,SPX Dec-27 seagull 90/70 -125c,spx,True,False,1995-08-31,,hold,-2.369751342515551,0.42051419340869833,-35.35377846790857,-3.9256418308185954,1.0776235986489389,10.939553219448094,-0.26432741605303,False,False,False,False,12.25117332548476
1995-99,NonEvent,SPX Dec-27 seagull 90/70 -125c,spx,True,False,1995-08-31,,v4_-22,-2.369751342515551,0.42051419340869833,-35.35377846790857,-3.9256418308185954,1.0776235986489389,10.939553219448094,-0.26432741605303,False,False,False,False,12.25117332548476
1995-99,NonEvent,SPX Dec-27 seagull 90/70 -125c,spx,True,False,1995-08-31,,peak_-22,-2.369751342515551,0.42051419340869833,-35.35377846790857,-3.9256418308185954,1.0776235986489389,10.939553219448094,-0.26432741605303,False,False,False,False,12.25117332548476
1995-99,NonEvent,SPX Dec-27 seagull 90/70 -125c,spx,True,False,1995-08-31,,tiered,-2.369751342515551,0.42051419340869833,-35.35377846790857,-3.9256418308185954,1.0776235986489389,10.939553219448094,-0.26432741605303,False,False,False,False,12.25117332548476
1995-99,NonEvent,SPX Dec-27 seagull 90/70 -125c,spx,True,False,1995-08-31,,IPS,-2.369751342515551,0.6128733906508754,-28.03575491364667,-2.6225325869900336,1.0776235986489389,10.939553219448094,-0.26432741605303,False,False,False,False,12.25117332548476
1995-99,NonEvent,SPX Dec-27 seagull 90/70 -125c,spx,True,False,1995-09-29,,hold,-2.417247898185696,0.2186984901959076,-44.48619318181807,-5.210013567786259,1.2112595518595424,9.986859395532194,-0.06563397877523691,False,False,False,False,12.71159694924783
1995-99,NonEvent,SPX Dec-27 seagull 90/70 -125c,spx,True,False,1995-09-29,,v4_-22,-2.417247898185696,0.2186984901959076,-44.48619318181807,-5.210013567786259,1.2112595518595424,9.986859395532194,-0.06563397877523691,False,False,False,False,12.71159694924783
1995-99,NonEvent,SPX Dec-27 seagull 90/70 -125c,spx,True,False,1995-09-29,,peak_-22,-2.417247898185696,0.2186984901959076,-44.48619318181807,-5.210013567786259,1.2112595518595424,9.986859395532194,-0.06563397877523691,False,False,False,False,12.71159694924783
1995-99,NonEvent,SPX Dec-27 seagull 90/70 -125c,spx,True,False,1995-09-29,,tiered,-2.417247898185696,0.2186984901959076,-44.48619318181807,-5.210013567786259,1.2112595518595424,9.986859395532194,-0.06563397877523691,False,False,False,False,12.71159694924783
1995-99,NonEvent,SPX Dec-27 seagull 90/70 -125c,spx,True,False,1995-09-29,,IPS,-2.417247898185696,0.12645799855180484,-48.073746867944706,-5.825108005637214,1.2112595518595424,9.986859395532194,-0.06563397877523691,False,False,False,False,12.71159694924783
1995-99,NonEvent,SPX Dec-27 seagull 90/70 -125c,spx,True,False,1995-10-31,,hold,-2.4440371550526017,-0.2594714527459445,-62.33617224880379,-8.291597915790618,1.108530628696707,8.935611038107753,-0.8901962913117383,False,False,False,False,13.173055159919954
1995-99,NonEvent,SPX Dec-27 seagull 90/70 -125c,spx,True,False,1995-10-31,,v4_-22,-2.4440371550526017,-0.2594714527459445,-62.33617224880379,-8.291597915790618,1.108530628696707,8.935611038107753,-0.8901962913117383,False,False,False,False,13.173055159919954
1995-99,NonEvent,SPX Dec-27 seagull 90/70 -125c,spx,True,False,1995-10-31,,peak_-22,-2.4440371550526017,-0.2594714527459445,-62.33617224880379,-8.291597915790618,1.108530628696707,8.935611038107753,-0.8901962913117383,False,False,False,False,13.173055159919954
1995-99,NonEvent,SPX Dec-27 seagull 90/70 -125c,spx,True,False,1995-10-31,,tiered,-2.4440371550526017,-0.2594714527459445,-62.33617224880379,-8.291597915790618,1.108530628696707,8.935611038107753,-0.8901962913117383,False,False,False,False,13.173055159919954
1995-99,NonEvent,SPX Dec-27 seagull 90/70 -125c,spx,True,False,1995-10-31,,IPS,-2.4440371550526017,0.11650238222684195,-47.964082575442305,-5.816413694937146,1.108530628696707,8.935611038107753,-0.8901962913117383,False,False,False,False,13.173055159919954
1995-99,NonEvent,SPX Dec-27 seagull 90/70 -125c,spx,True,False,1995-11-30,,hold,-1.9820413071821947,0.9564873973416256,-13.887766621161088,-0.3118810825836966,1.1705961904975983,7.9500657030223385,-0.31736995286378566,False,False,False,False,12.195983448594324
1995-99,NonEvent,SPX Dec-27 seagull 90/70 -125c,spx,True,False,1995-11-30,,v4_-22,-1.9820413071821947,0.9564873973416256,-13.887766621161088,-0.3118810825836966,1.1705961904975983,7.9500657030223385,-0.31736995286378566,False,False,False,False,12.195983448594324
1995-99,NonEvent,SPX Dec-27 seagull 90/70 -125c,spx,True,False,1995-11-30,,peak_-22,-1.9820413071821947,0.9564873973416256,-13.887766621161088,-0.3118810825836966,1.1705961904975983,7.9500657030223385,-0.31736995286378566,False,False,False,False,12.195983448594324
1995-99,NonEvent,SPX Dec-27 seagull 90/70 -125c,spx,True,False,1995-11-30,,tiered,-1.9820413071821947,0.9564873973416256,-13.887766621161088,-0.3118810825836966,1.1705961904975983,7.9500657030223385,-0.31736995286378566,False,False,False,False,12.195983448594324
1995-99,NonEvent,SPX Dec-27 seagull 90/70 -125c,spx,True,False,1995-11-30,,IPS,-1.9820413071821947,0.2844510942323075,-43.04997410863834,-5.128770832775204,1.1705961904975983,7.9500657030223385,-0.31736995286378566,False,False,False,False,12.195983448594324
1995-99,NonEvent,SPX Dec-27 seagull 90/70 -125c,spx,True,False,1995-12-29,,hold,-2.068791832799293,0.5991463603427403,-29.92403409090923,-2.8166251701286624,1.2238284603087597,15.407358738501971,-0.38490981047462003,False,False,False,False,12.599664359427706
1995-99,NonEvent,SPX Dec-27 seagull 90/70 -125c,spx,True,False,1995-12-29,,v4_-22,-2.068791832799293,0.5991463603427403,-29.92403409090923,-2.8166251701286624,1.2238284603087597,15.407358738501971,-0.38490981047462003,False,False,False,False,12.599664359427706
1995-99,NonEvent,SPX Dec-27 seagull 90/70 -125c,spx,True,False,1995-12-29,,peak_-22,-2.068791832799293,0.5991463603427403,-29.92403409090923,-2.8166251701286624,1.2238284603087597,15.407358738501971,-0.38490981047462003,False,False,False,False,12.599664359427706
1995-99,NonEvent,SPX Dec-27 seagull 90/70 -125c,spx,True,False,1995-12-29,,tiered,-2.068791832799293,0.5991463603427403,-29.92403409090923,-2.8166251701286624,1.2238284603087597,15.407358738501971,-0.38490981047462003,False,False,False,False,12.599664359427706
1995-99,NonEvent,SPX Dec-27 seagull 90/70 -125c,spx,True,False,1995-12-29,,IPS,-2.068791832799293,0.1712332929397371,-48.34096568186952,-5.823385236732522,1.2238284603087597,15.407358738501971,-0.38490981047462003,False,False,False,False,12.599664359427706
1995-99,NonEvent,SPX Dec-27 seagull 90/70 -125c,spx,True,False,1996-01-31,,hold,-2.066692257534472,0.10301490461882168,-53.18270184636367,-6.30216239160892,1.268100952086116,5.913272010512483,-0.07448252079593676,False,False,False,False,12.626784360305876
1995-99,NonEvent,SPX Dec-27 seagull 90/70 -125c,spx,True,False,1996-01-31,,v4_-22,-2.066692257534472,0.10301490461882168,-53.18270184636367,-6.30216239160892,1.268100952086116,5.913272010512483,-0.07448252079593676,False,False,False,False,12.626784360305876
1995-99,NonEvent,SPX Dec-27 seagull 90/70 -125c,spx,True,False,1996-01-31,,peak_-22,-2.066692257534472,0.10301490461882168,-53.18270184636367,-6.30216239160892,1.268100952086116,5.913272010512483,-0.07448252079593676,False,False,False,False,12.626784360305876
1995-99,NonEvent,SPX Dec-27 seagull 90/70 -125c,spx,True,False,1996-01-31,,tiered,-2.066692257534472,0.10301490461882168,-53.18270184636367,-6.30216239160892,1.268100952086116,5.913272010512483,-0.07448252079593676,False,False,False,False,12.626784360305876
1995-99,NonEvent,SPX Dec-27 seagull 90/70 -125c,spx,True,False,1996-01-31,,IPS,-2.066692257534472,0.9499840094197031,-15.366639640318771,-0.3514092892259975,1.268100952086116,5.913272010512483,-0.07448252079593676,False,False,False,False,12.626784360305876
1995-99,NonEvent,SPX Dec-27 seagull 90/70 -125c,spx,True,False,1996-02-29,,hold,-2.92654898513187,-0.9354521725559997,-91.80902258046649,-11.483908177082295,1.4112285809691416,4.9605781865965834,-1.085264423853002,False,False,False,False,14.458649399411966
1995-99,NonEvent,SPX Dec-27 seagull 90/70 -125c,spx,True,False,1996-02-29,,v4_-22,-2.92654898513187,-0.9354521725559997,-91.80902258046649,-11.483908177082295,1.4112285809691416,4.9605781865965834,-1.085264423853002,False,False,False,False,14.458649399411966
1995-99,NonEvent,SPX Dec-27 seagull 90/70 -125c,spx,True,False,1996-02-29,,peak_-22,-2.92654898513187,-0.9354521725559997,-91.80902258046649,-11.483908177082295,1.4112285809691416,4.9605781865965834,-1.085264423853002,False,False,False,False,14.458649399411966
1995-99,NonEvent,SPX Dec-27 seagull 90/70 -125c,spx,True,False,1996-02-29,,tiered,-2.92654898513187,-0.9354521725559997,-91.80902258046649,-11.483908177082295,1.4112285809691416,4.9605781865965834,-1.085264423853002,False,False,False,False,14.458649399411966
1995-99,NonEvent,SPX Dec-27 seagull 90/70 -125c,spx,True,False,1996-02-29,,IPS,-2.92654898513187,0.5787282854878042,-34.56996041213751,-2.4995945421224857,1.4112285809691416,4.9605781865965834,-1.085264423853002,False,False,False,False,14.458649399411966
1995-99,NonEvent,SPX Dec-27 seagull 90/70 -125c,spx,True,False,1996-03-29,,hold,-3.390355099970537,-2.2065950016412383,-133.24005411255405,-17.25136680127994,1.5372353663329694,4.0078843626806835,-1.945701949666359,False,False,False,False,15.154418879009777
1995-99,NonEvent,SPX Dec-27 seagull 90/70 -125c,spx,True,False,1996-03-29,,v4_-22,-3.390355099970537,-2.2065950016412383,-133.24005411255405,-17.25136680127994,1.5372353663329694,4.0078843626806835,-1.945701949666359,False,False,False,False,15.154418879009777
1995-99,NonEvent,SPX Dec-27 seagull 90/70 -125c,spx,True,False,1996-03-29,,peak_-22,-3.390355099970537,-2.2065950016412383,-133.24005411255405,-17.25136680127994,1.5372353663329694,4.0078843626806835,-1.945701949666359,False,False,False,False,15.154418879009777
1995-99,NonEvent,SPX Dec-27 seagull 90/70 -125c,spx,True,False,1996-03-29,,tiered,-3.390355099970537,-2.2065950016412383,-133.24005411255405,-17.25136680127994,1.5372353663329694,4.0078843626806835,-1.945701949666359,False,False,False,False,15.154418879009777
1995-99,NonEvent,SPX Dec-27 seagull 90/70 -125c,spx,True,False,1996-03-29,,IPS,-3.390355099970537,-0.16594831166955593,-62.3743519107712,-6.272760353474472,1.5372353663329694,4.0078843626806835,-1.945701949666359,False,False,False,False,15.154418879009777
1995-99,NonEvent,SPX Dec-27 seagull 90/70 -125c,spx,True,False,1996-04-30,,hold,-3.1867168366710272,-0.7161342516856344,-84.9399472331587,-9.836060238253268,1.4477524731611455,2.9566360052562417,-2.240169538383871,False,False,False,False,14.042656525003594
1995-99,NonEvent,SPX Dec-27 seagull 90/70 -125c,spx,True,False,1996-04-30,,v4_-22,-3.1867168366710272,-0.7161342516856344,-84.9399472331587,-9.836060238253268,1.4477524731611455,2.9566360052562417,-2.240169538383871,False,False,False,False,14.042656525003594
1995-99,NonEvent,SPX Dec-27 seagull 90/70 -125c,spx,True,False,1996-04-30,,peak_-22,-3.1867168366710272,-0.7161342516856344,-84.9399472331587,-9.836060238253268,1.4477524731611455,2.9566360052562417,-2.240169538383871,False,False,False,False,14.042656525003594
1995-99,NonEvent,SPX Dec-27 seagull 90/70 -125c,spx,True,False,1996-04-30,,tiered,-3.1867168366710272,-0.7161342516856344,-84.9399472331587,-9.836060238253268,1.4477524731611455,2.9566360052562417,-2.240169538383871,False,False,False,False,14.042656525003594
1995-99,NonEvent,SPX Dec-27 seagull 90/70 -125c,spx,True,False,1996-04-30,,IPS,-3.1867168366710272,-1.0115677860679568,-95.9842445914677,-11.529343871355012,1.4477524731611455,2.9566360052562417,-2.240169538383871,False,False,False,False,14.042656525003594
1995-99,NonEvent,SPX Dec-27 seagull 90/70 -125c,spx,True,False,1996-05-31,,hold,-3.338377623925486,-1.4966534013447483,-114.6552272727273,-13.902703532526967,1.5198452917822936,1.7411300919842312,-2.1287212301544884,False,False,False,False,14.142576198742066
1995-99,NonEvent,SPX Dec-27 seagull 90/70 -125c,spx,True,False,1996-05-31,,v4_-22,-3.338377623925486,-1.4966534013447483,-114.6552272727273,-13.902703532526967,1.5198452917822936,1.7411300919842312,-2.1287212301544884,False,False,False,False,14.142576198742066
1995-99,NonEvent,SPX Dec-27 seagull 90/70 -125c,spx,True,False,1996-05-31,,peak_-22,-3.338377623925486,-1.4966534013447483,-114.6552272727273,-13.902703532526967,1.5198452917822936,1.7411300919842312,-2.1287212301544884,False,False,False,False,14.142576198742066
1995-99,NonEvent,SPX Dec-27 seagull 90/70 -125c,spx,True,False,1996-05-31,,tiered,-3.338377623925486,-1.4966534013447483,-114.6552272727273,-13.902703532526967,1.5198452917822936,1.7411300919842312,-2.1287212301544884,False,False,False,False,14.142576198742066
1995-99,NonEvent,SPX Dec-27 seagull 90/70 -125c,spx,True,False,1996-05-31,,IPS,-3.338377623925486,-1.9461869423325107,-131.3020927841007,-16.4059470924515,1.5198452917822936,1.7411300919842312,-2.1287212301544884,False,False,False,False,14.142576198742066
1995-99,NonEvent,SPX Dec-27 seagull 90/70 -125c,spx,True,False,1996-06-28,,hold,-2.947567975542035,-0.4745977500206362,-79.8538858695648,-8.956220385782563,1.394526776463986,0.8212877792378449,-1.9855532760509647,False,False,False,False,13.23264037260019
1995-99,NonEvent,SPX Dec-27 seagull 90/70 -125c,spx,True,False,1996-06-28,,v4_-22,-2.947567975542035,-0.4745977500206362,-79.8538858695648,-8.956220385782563,1.394526776463986,0.8212877792378449,-1.9855532760509647,False,False,False,False,13.23264037260019
1995-99,NonEvent,SPX Dec-27 seagull 90/70 -125c,spx,True,False,1996-06-28,,peak_-22,-2.947567975542035,-0.4745977500206362,-79.8538858695648,-8.956220385782563,1.394526776463986,0.8212877792378449,-1.9855532760509647,False,False,False,False,13.23264037260019
1995-99,NonEvent,SPX Dec-27 seagull 90/70 -125c,spx,True,False,1996-06-28,,tiered,-2.947567975542035,-0.4745977500206362,-79.8538858695648,-8.956220385782563,1.394526776463986,0.8212877792378449,-1.9855532760509647,False,False,False,False,13.23264037260019
1995-99,NonEvent,SPX Dec-27 seagull 90/70 -125c,spx,True,False,1996-06-28,,IPS,-2.947567975542035,-0.5959658235670597,-84.79888843410238,-9.693370035213688,1.394526776463986,0.8212877792378449,-1.9855532760509647,False,False,False,False,13.23264037260019
1995-99,NonEvent,SPX Dec-27 seagull 90/70 -125c,spx,True,False,1996-07-31,,hold,-3.7156436882514545,-3.078347976664179,-153.85544720477174,-20.404873759045252,1.0,0.0,-4.158930283837449,False,False,False,False,15.573228163907906
1995-99,NonEvent,SPX Dec-27 seagull 90/70 -125c,spx,True,False,1996-07-31,,v4_-22,-3.7156436882514545,-3.078347976664179,-153.85544720477174,-20.404873759045252,1.0,0.0,-4.158930283837449,False,False,False,False,15.573228163907906
1995-99,NonEvent,SPX Dec-27 seagull 90/70 -125c,spx,True,False,1996-07-31,,peak_-22,-3.7156436882514545,-3.078347976664179,-153.85544720477174,-20.404873759045252,1.0,0.0,-4.158930283837449,False,False,False,False,15.573228163907906
1995-99,NonEvent,SPX Dec-27 seagull 90/70 -125c,spx,True,False,1996-07-31,,tiered,-3.7156436882514545,-3.078347976664179,-153.85544720477174,-20.404873759045252,1.0,0.0,-4.158930283837449,False,False,False,False,15.573228163907906
1995-99,NonEvent,SPX Dec-27 seagull 90/70 -125c,spx,True,False,1996-07-31,,IPS,-3.7156436882514545,-3.492315341311704,-167.06663892736321,-22.476043719119737,1.0,0.0,-4.158930283837449,False,False,False,False,15.573228163907906
1995-99,NonEvent,SPX Dec-27 seagull 90/70 -125c,spx,True,False,1996-08-30,,hold,-3.511953447435153,-2.848010838228308,-155.74102272727237,-20.45539409948621,1.0,0.0,-3.678294164628632,False,False,False,False,14.760153662941786
1995-99,NonEvent,SPX Dec-27 seagull 90/70 -125c,spx,True,False,1996-08-30,,v4_-22,-3.511953447435153,-2.848010838228308,-155.74102272727237,-20.45539409948621,1.0,0.0,-3.678294164628632,False,False,False,False,14.760153662941786
1995-99,NonEvent,SPX Dec-27 seagull 90/70 -125c,spx,True,False,1996-08-30,,peak_-22,-3.511953447435153,-2.848010838228308,-155.74102272727237,-20.45539409948621,1.0,0.0,-3.678294164628632,False,False,False,False,14.760153662941786
1995-99,NonEvent,SPX Dec-27 seagull 90/70 -125c,spx,True,False,1996-08-30,,tiered,-3.511953447435153,-2.848010838228308,-155.74102272727237,-20.45539409948621,1.0,0.0,-3.678294164628632,False,False,False,False,14.760153662941786
1995-99,NonEvent,SPX Dec-27 seagull 90/70 -125c,spx,True,False,1996-08-30,,IPS,-3.511953447435153,-2.0016228787667893,-126.50460961461792,-15.956134612000817,1.0,0.0,-3.678294164628632,False,False,False,False,14.760153662941786
1995-99,NonEvent,SPX Dec-27 seagull 90/70 -125c,spx,True,False,1996-09-30,,hold,-3.3681596527722073,-1.7022349298947606,-124.10761904761887,-14.719211818945992,1.0176132618585532,6.340341655716163,-2.557685300255338,False,False,False,False,14.82992709274717
1995-99,NonEvent,SPX Dec-27 seagull 90/70 -125c,spx,True,False,1996-09-30,,v4_-22,-3.3681596527722073,-1.7022349298947606,-124.10761904761887,-14.719211818945992,1.0176132618585532,6.340341655716163,-2.557685300255338,False,False,False,False,14.82992709274717
1995-99,NonEvent,SPX Dec-27 seagull 90/70 -125c,spx,True,False,1996-09-30,,peak_-22,-3.3681596527722073,-1.7022349298947606,-124.10761904761887,-14.719211818945992,1.0176132618585532,6.340341655716163,-2.557685300255338,False,False,False,False,14.82992709274717
1995-99,NonEvent,SPX Dec-27 seagull 90/70 -125c,spx,True,False,1996-09-30,,tiered,-3.3681596527722073,-1.7022349298947606,-124.10761904761887,-14.719211818945992,1.0176132618585532,6.340341655716163,-2.557685300255338,False,False,False,False,14.82992709274717
1995-99,NonEvent,SPX Dec-27 seagull 90/70 -125c,spx,True,False,1996-09-30,,IPS,-3.3681596527722073,-2.031511273058822,-136.41441407778237,-16.51279689490699,1.0176132618585532,6.340341655716163,-2.557685300255338,False,False,False,False,14.82992709274717
1995-99,NonEvent,SPX Dec-27 seagull 90/70 -125c,spx,True,False,1996-10-31,,hold,-3.254724729009715,-2.6818636059398906,-165.4010418111625,-20.190323237799,1.1206900427041706,5.321944809461235,-2.4283957983887254,False,False,False,False,15.383312113606795
1995-99,NonEvent,SPX Dec-27 seagull 90/70 -125c,spx,True,False,1996-10-31,,v4_-22,-3.254724729009715,-2.6818636059398906,-165.4010418111625,-20.190323237799,1.1206900427041706,5.321944809461235,-2.4283957983887254,False,False,False,False,15.383312113606795
1995-99,NonEvent,SPX Dec-27 seagull 90/70 -125c,spx,True,False,1996-10-31,,peak_-22,-3.254724729009715,-2.6818636059398906,-165.4010418111625,-20.190323237799,1.1206900427041706,5.321944809461235,-2.4283957983887254,False,False,False,False,15.383312113606795
1995-99,NonEvent,SPX Dec-27 seagull 90/70 -125c,spx,True,False,1996-10-31,,tiered,-3.254724729009715,-2.6818636059398906,-165.4010418111625,-20.190323237799,1.1206900427041706,5.321944809461235,-2.4283957983887254,False,False,False,False,15.383312113606795
1995-99,NonEvent,SPX Dec-27 seagull 90/70 -125c,spx,True,False,1996-10-31,,IPS,-3.254724729009715,-1.150716190887879,-106.16586401192346,-11.793933652713102,1.1206900427041706,5.321944809461235,-2.4283957983887254,False,False,False,False,15.383312113606795
1995-99,NonEvent,SPX Dec-27 seagull 90/70 -125c,spx,True,False,1996-11-29,,hold,-3.002626633995843,-1.9506903149472872,-151.3831213515898,-17.035710071632113,1.4312542510182866,4.369250985545335,-1.9333072720627809,False,False,False,False,15.061077814275972
1995-99,NonEvent,SPX Dec-27 seagull 90/70 -125c,spx,True,False,1996-11-29,,v4_-22,-3.002626633995843,-1.9506903149472872,-151.3831213515898,-17.035710071632113,1.4312542510182866,4.369250985545335,-1.9333072720627809,False,False,False,False,15.061077814275972
1995-99,NonEvent,SPX Dec-27 seagull 90/70 -125c,spx,True,False,1996-11-29,,peak_-22,-3.002626633995843,-1.9506903149472872,-151.3831213515898,-17.035710071632113,1.4312542510182866,4.369250985545335,-1.9333072720627809,False,False,False,False,15.061077814275972
1995-99,NonEvent,SPX Dec-27 seagull 90/70 -125c,spx,True,False,1996-11-29,,tiered,-3.002626633995843,-1.9506903149472872,-151.3831213515898,-17.035710071632113,1.4312542510182866,4.369250985545335,-1.9333072720627809,False,False,False,False,15.061077814275972
1995-99,NonEvent,SPX Dec-27 seagull 90/70 -125c,spx,True,False,1996-11-29,,IPS,-3.002626633995843,0.06668080942590882,-63.392133145902854,-5.388486570199292,1.4312542510182866,4.369250985545335,-1.9333072720627809,False,False,False,False,15.061077814275972
1995-99,NonEvent,SPX Dec-27 seagull 90/70 -125c,spx,True,False,1996-12-31,,hold,-3.8110122937368605,-3.6085238613610553,-189.80773809523794,-21.931530791199464,1.399684255134725,3.3180026281208934,-3.881322340735541,False,False,False,False,16.649792120139104
1995-99,NonEvent,SPX Dec-27 seagull 90/70 -125c,spx,True,False,1996-12-31,,v4_-22,-3.8110122937368605,-3.6085238613610553,-189.80773809523794,-21.931530791199464,1.399684255134725,3.3180026281208934,-3.881322340735541,False,False,False,False,16.649792120139104
1995-99,NonEvent,SPX Dec-27 seagull 90/70 -125c,spx,True,False,1996-12-31,,peak_-22,-3.8110122937368605,-3.6085238613610553,-189.80773809523794,-21.931530791199464,1.399684255134725,3.3180026281208934,-3.881322340735541,False,False,False,False,16.649792120139104
1995-99,NonEvent,SPX Dec-27 seagull 90/70 -125c,spx,True,False,1996-12-31,,tiered,-3.8110122937368605,-3.6085238613610553,-189.80773809523794,-21.931530791199464,1.399684255134725,3.3180026281208934,-3.881322340735541,False,False,False,False,16.649792120139104
1995-99,NonEvent,SPX Dec-27 seagull 90/70 -125c,spx,True,False,1996-12-31,,IPS,-3.8110122937368605,-2.185697808796866,-139.88235803349144,-15.160435681123053,1.399684255134725,3.3180026281208934,-3.881322340735541,False,False,False,False,16.649792120139104
1995-99,NonEvent,SPX Dec-27 seagull 90/70 -125c,spx,True,False,1997-01-31,,hold,-3.717472839957417,-1.0826151055781197,-108.96246434542525,-10.202962962864998,1.693433492007753,2.299605781865966,-2.4388928172314652,False,False,False,False,16.306353584075957
1995-99,NonEvent,SPX Dec-27 seagull 90/70 -125c,spx,True,False,1997-01-31,,v4_-22,-3.717472839957417,-1.0826151055781197,-108.96246434542525,-10.202962962864998,1.693433492007753,2.299605781865966,-2.4388928172314652,False,False,False,False,16.306353584075957
1995-99,NonEvent,SPX Dec-27 seagull 90/70 -125c,spx,True,False,1997-01-31,,peak_-22,-3.717472839957417,-1.0826151055781197,-108.96246434542525,-10.202962962864998,1.693433492007753,2.299605781865966,-2.4388928172314652,False,False,False,False,16.306353584075957
1995-99,NonEvent,SPX Dec-27 seagull 90/70 -125c,spx,True,False,1997-01-31,,tiered,-3.717472839957417,-1.0826151055781197,-108.96246434542525,-10.202962962864998,1.693433492007753,2.299605781865966,-2.4388928172314652,False,False,False,False,16.306353584075957
1995-99,NonEvent,SPX Dec-27 seagull 90/70 -125c,spx,True,False,1997-01-31,,IPS,-3.717472839957417,-2.1114621456272697,-148.41656912465294,-15.243399006932194,1.693433492007753,2.299605781865966,-2.4388928172314652,False,False,False,False,16.306353584075957
1995-99,NonEvent,SPX Dec-27 seagull 90/70 -125c,spx,True,False,1997-02-28,,hold,-3.9929570398667265,-2.3319206909685106,-150.66231611334922,-15.123102290323768,1.7694970414637892,1.3797634691195795,-2.7808690377561427,False,False,False,False,16.944176814473934
1995-99,NonEvent,SPX Dec-27 seagull 90/70 -125c,spx,True,False,1997-02-28,,v4_-22,-3.9929570398667265,-2.3319206909685106,-150.66231611334922,-15.123102290323768,1.7694970414637892,1.3797634691195795,-2.7808690377561427,False,False,False,False,16.944176814473934
1995-99,NonEvent,SPX Dec-27 seagull 90/70 -125c,spx,True,False,1997-02-28,,peak_-22,-3.9929570398667265,-2.3319206909685106,-150.66231611334922,-15.123102290323768,1.7694970414637892,1.3797634691195795,-2.7808690377561427,False,False,False,False,16.944176814473934
1995-99,NonEvent,SPX Dec-27 seagull 90/70 -125c,spx,True,False,1997-02-28,,tiered,-3.9929570398667265,-2.3319206909685106,-150.66231611334922,-15.123102290323768,1.7694970414637892,1.3797634691195795,-2.7808690377561427,False,False,False,False,16.944176814473934
1995-99,NonEvent,SPX Dec-27 seagull 90/70 -125c,spx,True,False,1997-02-28,,IPS,-3.9929570398667265,-1.5955492223033234,-124.32027295087312,-11.780819541972239,1.7694970414637892,1.3797634691195795,-2.7808690377561427,False,False,False,False,16.944176814473934
1995-99,NonEvent,SPX Dec-27 seagull 90/70 -125c,spx,True,False,1997-03-31,,hold,-4.456599143664536,-3.7663439435753387,-177.23852272727333,-19.160875951747375,1.3795490345070613,0.36136662286465177,-5.67732708771967,False,False,False,False,17.389075347681135
1995-99,NonEvent,SPX Dec-27 seagull 90/70 -125c,spx,True,False,1997-03-31,,v4_-22,-4.456599143664536,-3.7663439435753387,-177.23852272727333,-19.160875951747375,1.3795490345070613,0.36136662286465177,-5.67732708771967,False,False,False,False,17.389075347681135
1995-99,NonEvent,SPX Dec-27 seagull 90/70 -125c,spx,True,False,1997-03-31,,peak_-22,-4.456599143664536,-3.7663439435753387,-177.23852272727333,-19.160875951747375,1.3795490345070613,0.36136662286465177,-5.67732708771967,False,False,False,False,17.389075347681135
1995-99,NonEvent,SPX Dec-27 seagull 90/70 -125c,spx,True,False,1997-03-31,,tiered,-4.456599143664536,-3.7663439435753387,-177.23852272727333,-19.160875951747375,1.3795490345070613,0.36136662286465177,-5.67732708771967,False,False,False,False,17.389075347681135
1995-99,NonEvent,SPX Dec-27 seagull 90/70 -125c,spx,True,False,1997-03-31,,IPS,-4.456599143664536,-3.465849222785434,-168.17302855458883,-17.95287624854272,1.3795490345070613,0.36136662286465177,-5.67732708771967,False,False,False,False,17.389075347681135
1995-99,NonEvent,SPX Dec-27 seagull 90/70 -125c,spx,True,False,1997-04-30,,hold,-4.105296231123877,0.9816788785080144,-33.435893788204304,-0.0816699365102097,1.0474276024357323,15.932982917214192,-3.4089725312116412,False,False,False,False,16.717673975535437
1995-99,NonEvent,SPX Dec-27 seagull 90/70 -125c,spx,True,False,1997-04-30,,v4_-22,-4.105296231123877,0.9816788785080144,-33.435893788204304,-0.0816699365102097,1.0474276024357323,15.932982917214192,-3.4089725312116412,False,False,False,False,16.717673975535437
1995-99,NonEvent,SPX Dec-27 seagull 90/70 -125c,spx,True,False,1997-04-30,,peak_-22,-4.105296231123877,0.9816788785080144,-33.435893788204304,-0.0816699365102097,1.0474276024357323,15.932982917214192,-3.4089725312116412,False,False,False,False,16.717673975535437
1995-99,NonEvent,SPX Dec-27 seagull 90/70 -125c,spx,True,False,1997-04-30,,tiered,-4.105296231123877,0.9816788785080144,-33.435893788204304,-0.0816699365102097,1.0474276024357323,15.932982917214192,-3.4089725312116412,False,False,False,False,16.717673975535437
1995-99,NonEvent,SPX Dec-27 seagull 90/70 -125c,spx,True,False,1997-04-30,,IPS,-4.105296231123877,-2.6389807266619645,-162.3235556907479,-16.22145920697951,1.0474276024357323,15.932982917214192,-3.4089725312116412,False,False,False,False,16.717673975535437
1995-99,NonEvent,SPX Dec-27 seagull 90/70 -125c,spx,True,False,1997-05-30,,hold,-3.945442232622782,1.8490483051654332,0.0,3.945442232622782,1.8490483051654332,16.031537450722734,-1.92577748804427,False,False,False,False,16.478091860146662
1995-99,NonEvent,SPX Dec-27 seagull 90/70 -125c,spx,True,False,1997-05-30,,v4_-22,-3.945442232622782,1.8490483051654332,0.0,3.945442232622782,1.8490483051654332,16.031537450722734,-1.92577748804427,False,False,False,False,16.478091860146662
1995-99,NonEvent,SPX Dec-27 seagull 90/70 -125c,spx,True,False,1997-05-30,,peak_-22,-3.945442232622782,1.8490483051654332,0.0,3.945442232622782,1.8490483051654332,16.031537450722734,-1.92577748804427,False,False,False,False,16.478091860146662
1995-99,NonEvent,SPX Dec-27 seagull 90/70 -125c,spx,True,False,1997-05-30,,tiered,-3.945442232622782,1.8490483051654332,0.0,3.945442232622782,1.8490483051654332,16.031537450722734,-1.92577748804427,False,False,False,False,16.478091860146662
1995-99,NonEvent,SPX Dec-27 seagull 90/70 -125c,spx,True,False,1997-05-30,,IPS,-3.945442232622782,-0.4355469796438607,-89.94591792010986,-6.670842690507916,1.8490483051654332,16.031537450722734,-1.92577748804427,False,False,False,False,16.478091860146662
1995-99,NonEvent,SPX Dec-27 seagull 90/70 -125c,spx,True,False,1997-06-30,,hold,-4.2714561504434325,2.021644895599905,0.0,4.2714561504434325,2.021644895599905,15.99868593955322,-1.4330381017072074,False,False,False,False,17.50738635701184
1995-99,NonEvent,SPX Dec-27 seagull 90/70 -125c,spx,True,False,1997-06-30,,v4_-22,-4.2714561504434325,2.021644895599905,0.0,4.2714561504434325,2.021644895599905,15.99868593955322,-1.4330381017072074,False,False,False,False,17.50738635701184
1995-99,NonEvent,SPX Dec-27 seagull 90/70 -125c,spx,True,False,1997-06-30,,peak_-22,-4.2714561504434325,2.021644895599905,0.0,4.2714561504434325,2.021644895599905,15.99868593955322,-1.4330381017072074,False,False,False,False,17.50738635701184
1995-99,NonEvent,SPX Dec-27 seagull 90/70 -125c,spx,True,False,1997-06-30,,tiered,-4.2714561504434325,2.021644895599905,0.0,4.2714561504434325,2.021644895599905,15.99868593955322,-1.4330381017072074,False,False,False,False,17.50738635701184
1995-99,NonEvent,SPX Dec-27 seagull 90/70 -125c,spx,True,False,1997-06-30,,IPS,-4.2714561504434325,1.8976248050680065,-4.567938264787702,3.752933148211855,2.021644895599905,15.99868593955322,-1.4330381017072074,False,False,False,False,17.50738635701184
1995-99,NonEvent,SPX Dec-27 seagull 90/70 -125c,spx,True,False,1997-07-31,,hold,-4.064332712252149,1.934361950727915,0.0,4.064332712252149,2.245180502156658,14.257555847568987,-0.0595370726324731,False,False,False,False,17.702094748020265
1995-99,NonEvent,SPX Dec-27 seagull 90/70 -125c,spx,True,False,1997-07-31,,v4_-22,-4.064332712252149,1.934361950727915,0.0,4.064332712252149,2.245180502156658,14.257555847568987,-0.0595370726324731,False,False,False,False,17.702094748020265
1995-99,NonEvent,SPX Dec-27 seagull 90/70 -125c,spx,True,False,1997-07-31,,peak_-22,-4.064332712252149,1.934361950727915,0.0,4.064332712252149,2.245180502156658,14.257555847568987,-0.0595370726324731,False,False,False,False,17.702094748020265
1995-99,NonEvent,SPX Dec-27 seagull 90/70 -125c,spx,True,False,1997-07-31,,tiered,-4.064332712252149,1.934361950727915,0.0,4.064332712252149,2.245180502156658,14.257555847568987,-0.0595370726324731,False,False,False,False,17.702094748020265
1995-99,NonEvent,SPX Dec-27 seagull 90/70 -125c,spx,True,False,1997-07-31,,IPS,-4.064332712252149,2.096648285920181,6.71367066820287,4.770253646168171,2.245180502156658,14.257555847568987,-0.0595370726324731,False,False,False,False,17.702094748020265
1995-99,NonEvent,SPX Dec-27 seagull 90/70 -125c,spx,True,False,1997-08-29,,hold,-4.764935315535446,-1.3996465215767038,-117.68566017316107,-8.312086354298353,2.157319614625132,13.304862023653088,-1.909895998564314,False,False,False,False,19.116854748563604
1995-99,NonEvent,SPX Dec-27 seagull 90/70 -125c,spx,True,False,1997-08-29,,v4_-22,-4.764935315535446,-1.3996465215767038,-117.68566017316107,-8.312086354298353,2.157319614625132,13.304862023653088,-1.909895998564314,False,False,False,False,19.116854748563604
1995-99,NonEvent,SPX Dec-27 seagull 90/70 -125c,spx,True,False,1997-08-29,,peak_-22,-4.764935315535446,-1.3996465215767038,-117.68566017316107,-8.312086354298353,2.157319614625132,13.304862023653088,-1.909895998564314,False,False,False,False,19.116854748563604
1995-99,NonEvent,SPX Dec-27 seagull 90/70 -125c,spx,True,False,1997-08-29,,tiered,-4.764935315535446,-1.3996465215767038,-117.68566017316107,-8.312086354298353,2.157319614625132,13.304862023653088,-1.909895998564314,False,False,False,False,19.116854748563604
1995-99,NonEvent,SPX Dec-27 seagull 90/70 -125c,spx,True,False,1997-08-29,,IPS,-4.764935315535446,1.0957876870639343,-39.895690471610166,0.33179700401490103,2.157319614625132,13.304862023653088,-1.909895998564314,False,False,False,False,19.116854748563604
1995-99,NonEvent,SPX Dec-27 seagull 90/70 -125c,spx,True,False,1997-09-30,,hold,-4.490646289139586,-0.38157944568232094,-92.17295871451824,-5.253619474827584,2.267190514211264,12.253613666228645,-0.7943251772994249,False,False,False,False,18.61110203780128
1995-99,NonEvent,SPX Dec-27 seagull 90/70 -125c,spx,True,False,1997-09-30,,v4_-22,-4.490646289139586,-0.38157944568232094,-92.17295871451824,-5.253619474827584,2.267190514211264,12.253613666228645,-0.7943251772994249,False,False,False,False,18.61110203780128
1995-99,NonEvent,SPX Dec-27 seagull 90/70 -125c,spx,True,False,1997-09-30,,peak_-22,-4.490646289139586,-0.38157944568232094,-92.17295871451824,-5.253619474827584,2.267190514211264,12.253613666228645,-0.7943251772994249,False,False,False,False,18.61110203780128
1995-99,NonEvent,SPX Dec-27 seagull 90/70 -125c,spx,True,False,1997-09-30,,tiered,-4.490646289139586,-0.38157944568232094,-92.17295871451824,-5.253619474827584,2.267190514211264,12.253613666228645,-0.7943251772994249,False,False,False,False,18.61110203780128
1995-99,NonEvent,SPX Dec-27 seagull 90/70 -125c,spx,True,False,1997-09-30,,IPS,-4.490646289139586,0.7836973353184686,-50.25826946525417,-0.8225165010809594,2.267190514211264,12.253613666228645,-0.7943251772994249,False,False,False,False,18.61110203780128
1995-99,NonEvent,SPX Dec-27 seagull 90/70 -125c,spx,True,False,1997-10-31,,hold,-5.608766133095533,-0.7750883621422773,-85.7163854626967,-3.7296674341333245,2.9492579129895926,11.235216819973719,-4.0751458782053405,False,False,False,False,22.79418241411024
1995-99,NonEvent,SPX Dec-27 seagull 90/70 -125c,spx,True,False,1997-10-31,,v4_-22,-5.608766133095533,-0.7750883621422773,-85.7163854626967,-3.7296674341333245,2.9492579129895926,11.235216819973719,-4.0751458782053405,False,False,False,False,22.79418241411024
1995-99,NonEvent,SPX Dec-27 seagull 90/70 -125c,spx,True,False,1997-10-31,,peak_-22,-5.608766133095533,-0.7750883621422773,-85.7163854626967,-3.7296674341333245,2.9492579129895926,11.235216819973719,-4.0751458782053405,False,False,False,False,22.79418241411024
1995-99,NonEvent,SPX Dec-27 seagull 90/70 -125c,spx,True,False,1997-10-31,,tiered,-5.608766133095533,-0.7750883621422773,-85.7163854626967,-3.7296674341333245,2.9492579129895926,11.235216819973719,-4.0751458782053405,False,False,False,False,22.79418241411024
1995-99,NonEvent,SPX Dec-27 seagull 90/70 -125c,spx,True,False,1997-10-31,,IPS,-5.608766133095533,-2.172234838108644,-112.66161496918987,-6.665234937847391,2.9492579129895926,11.235216819973719,-4.0751458782053405,False,False,False,False,22.79418241411024
1995-99,NonEvent,SPX Dec-27 seagull 90/70 -125c,spx,True,False,1997-11-28,,hold,-4.859703398815804,-0.6539548893344131,-96.29376959588626,-5.269871993652923,2.309967331300549,10.315374507227332,-1.822021889911754,False,False,False,False,20.366398601610477
1995-99,NonEvent,SPX Dec-27 seagull 90/70 -125c,spx,True,False,1997-11-28,,v4_-22,-4.859703398815804,-0.6539548893344131,-96.29376959588626,-5.269871993652923,2.309967331300549,10.315374507227332,-1.822021889911754,False,False,False,False,20.366398601610477
1995-99,NonEvent,SPX Dec-27 seagull 90/70 -125c,spx,True,False,1997-11-28,,peak_-22,-4.859703398815804,-0.6539548893344131,-96.29376959588626,-5.269871993652923,2.309967331300549,10.315374507227332,-1.822021889911754,False,False,False,False,20.366398601610477
1995-99,NonEvent,SPX Dec-27 seagull 90/70 -125c,spx,True,False,1997-11-28,,tiered,-4.859703398815804,-0.6539548893344131,-96.29376959588626,-5.269871993652923,2.309967331300549,10.315374507227332,-1.822021889911754,False,False,False,False,20.366398601610477
1995-99,NonEvent,SPX Dec-27 seagull 90/70 -125c,spx,True,False,1997-11-28,,IPS,-4.859703398815804,-0.7519017629009546,-99.26047164190865,-5.581952745795986,2.309967331300549,10.315374507227332,-1.822021889911754,False,False,False,False,20.366398601610477
1995-99,NonEvent,SPX Dec-27 seagull 90/70 -125c,spx,True,False,1997-12-31,,hold,-4.470124731024188,-1.0465413394248055,-116.68483766233817,-7.586619067552338,2.03032093177885,9.231274638633376,-1.977695590174016,False,False,False,False,19.395061509513276
1995-99,NonEvent,SPX Dec-27 seagull 90/70 -125c,spx,True,False,1997-12-31,,v4_-22,-4.470124731024188,-1.0465413394248055,-116.68483766233817,-7.586619067552338,2.03032093177885,9.231274638633376,-1.977695590174016,False,False,False,False,19.395061509513276
1995-99,NonEvent,SPX Dec-27 seagull 90/70 -125c,spx,True,False,1997-12-31,,peak_-22,-4.470124731024188,-1.0465413394248055,-116.68483766233817,-7.586619067552338,2.03032093177885,9.231274638633376,-1.977695590174016,False,False,False,False,19.395061509513276
1995-99,NonEvent,SPX Dec-27 seagull 90/70 -125c,spx,True,False,1997-12-31,,tiered,-4.470124731024188,-1.0465413394248055,-116.68483766233817,-7.586619067552338,2.03032093177885,9.231274638633376,-1.977695590174016,False,False,False,False,19.395061509513276
1995-99,NonEvent,SPX Dec-27 seagull 90/70 -125c,spx,True,False,1997-12-31,,IPS,-4.470124731024188,-0.08153338015052958,-82.06356360224795,-4.00929197274386,2.03032093177885,9.231274638633376,-1.977695590174016,False,False,False,False,19.395061509513276
1995-99,NonEvent,SPX Dec-27 seagull 90/70 -125c,spx,True,False,1998-01-30,,hold,-4.102132678414541,0.357763452595233,-66.53496746437258,-2.674682746425013,1.8247329778807855,8.245729303547963,-1.7314685231240619,False,False,False,False,18.692341883038488
1995-99,NonEvent,SPX Dec-27 seagull 90/70 -125c,spx,True,False,1998-01-30,,v4_-22,-4.102132678414541,0.357763452595233,-66.53496746437258,-2.674682746425013,1.8247329778807855,8.245729303547963,-1.7314685231240619,False,False,False,False,18.692341883038488
1995-99,NonEvent,SPX Dec-27 seagull 90/70 -125c,spx,True,False,1998-01-30,,peak_-22,-4.102132678414541,0.357763452595233,-66.53496746437258,-2.674682746425013,1.8247329778807855,8.245729303547963,-1.7314685231240619,False,False,False,False,18.692341883038488
1995-99,NonEvent,SPX Dec-27 seagull 90/70 -125c,spx,True,False,1998-01-30,,tiered,-4.102132678414541,0.357763452595233,-66.53496746437258,-2.674682746425013,1.8247329778807855,8.245729303547963,-1.7314685231240619,False,False,False,False,18.692341883038488
1995-99,NonEvent,SPX Dec-27 seagull 90/70 -125c,spx,True,False,1998-01-30,,IPS,-4.102132678414541,-0.30203437641810527,-93.51313416808469,-5.422501874006412,1.8247329778807855,8.245729303547963,-1.7314685231240619,False,False,False,False,18.692341883038488
1995-99,NonEvent,SPX Dec-27 seagull 90/70 -125c,spx,True,False,1998-02-27,,hold,-3.8767130712591533,1.5871049858569766,-12.695064631677042,2.664137661764794,2.120976813540944,7.3258869908015765,-0.3615067121729205,False,False,False,False,17.662449369217747
1995-99,NonEvent,SPX Dec-27 seagull 90/70 -125c,spx,True,False,1998-02-27,,v4_-22,-3.8767130712591533,1.5871049858569766,-12.695064631677042,2.664137661764794,2.120976813540944,7.3258869908015765,-0.3615067121729205,False,False,False,False,17.662449369217747
1995-99,NonEvent,SPX Dec-27 seagull 90/70 -125c,spx,True,False,1998-02-27,,peak_-22,-3.8767130712591533,1.5871049858569766,-12.695064631677042,2.664137661764794,2.120976813540944,7.3258869908015765,-0.3615067121729205,False,False,False,False,17.662449369217747
1995-99,NonEvent,SPX Dec-27 seagull 90/70 -125c,spx,True,False,1998-02-27,,tiered,-3.8767130712591533,1.5871049858569766,-12.695064631677042,2.664137661764794,2.120976813540944,7.3258869908015765,-0.3615067121729205,False,False,False,False,17.662449369217747
1995-99,NonEvent,SPX Dec-27 seagull 90/70 -125c,spx,True,False,1998-02-27,,IPS,-3.8767130712591533,-0.02875840895448989,-89.46155674632031,-4.668251996109864,2.120976813540944,7.3258869908015765,-0.3615067121729205,False,False,False,False,17.662449369217747
1995-99,NonEvent,SPX Dec-27 seagull 90/70 -125c,spx,True,False,1998-03-31,,hold,-4.790542829037577,2.4648203553192625,-0.004543967922335357,4.79012900847965,3.1435614605198805,6.274638633377135,0.19178997750283433,False,False,False,False,20.2037455369472
1995-99,NonEvent,SPX Dec-27 seagull 90/70 -125c,spx,True,False,1998-03-31,,v4_-22,-4.790542829037577,2.4648203553192625,-0.004543967922335357,4.79012900847965,3.1435614605198805,6.274638633377135,0.19178997750283433,False,False,False,False,20.2037455369472
1995-99,NonEvent,SPX Dec-27 seagull 90/70 -125c,spx,True,False,1998-03-31,,peak_-22,-4.790542829037577,2.4648203553192625,-0.004543967922335357,4.79012900847965,3.1435614605198805,6.274638633377135,0.19178997750283433,False,False,False,False,20.2037455369472
1995-99,NonEvent,SPX Dec-27 seagull 90/70 -125c,spx,True,False,1998-03-31,,tiered,-4.790542829037577,2.7595060982792345,10.576905532960577,5.75378487290835,3.1435614605198805,6.274638633377135,0.19178997750283433,False,False,False,False,20.2037455369472
1995-99,NonEvent,SPX Dec-27 seagull 90/70 -125c,spx,True,False,1998-03-31,,IPS,-4.790542829037577,1.6760180433895224,-28.32851969211606,2.2106558173749757,3.1435614605198805,6.274638633377135,0.19178997750283433,False,False,False,False,20.2037455369472
1995-99,NonEvent,SPX Dec-27 seagull 90/70 -125c,spx,True,False,1998-04-30,,hold,-4.5709665638187555,2.2692052549806316,0.0,4.5709665638187555,2.8698186081065717,5.289093298291721,0.11241352277943018,False,False,False,False,19.395243180554722
1995-99,NonEvent,SPX Dec-27 seagull 90/70 -125c,spx,True,False,1998-04-30,,v4_-22,-4.5709665638187555,2.2692052549806316,0.0,4.5709665638187555,2.8698186081065717,5.289093298291721,0.11241352277943018,False,False,False,False,19.395243180554722
1995-99,NonEvent,SPX Dec-27 seagull 90/70 -125c,spx,True,False,1998-04-30,,peak_-22,-4.5709665638187555,2.2692052549806316,0.0,4.5709665638187555,2.8698186081065717,5.289093298291721,0.11241352277943018,False,False,False,False,19.395243180554722
1995-99,NonEvent,SPX Dec-27 seagull 90/70 -125c,spx,True,False,1998-04-30,,tiered,-4.5709665638187555,2.5282514837263217,10.369355411263896,5.503906011897201,2.8698186081065717,5.289093298291721,0.11241352277943018,False,False,False,False,19.395243180554722
1995-99,NonEvent,SPX Dec-27 seagull 90/70 -125c,spx,True,False,1998-04-30,,IPS,-4.5709665638187555,0.8945496346613965,-55.02605756586895,-0.379773162940918,2.8698186081065717,5.289093298291721,0.11241352277943018,False,False,False,False,19.395243180554722
1995-99,NonEvent,SPX Dec-27 seagull 90/70 -125c,spx,True,False,1998-05-29,,hold,-4.673674375129727,2.3556398869556854,0.0,4.673674375129727,2.6463980306953987,4.336399474375821,-0.8508033814468381,False,False,False,False,19.73587395149144
1995-99,NonEvent,SPX Dec-27 seagull 90/70 -125c,spx,True,False,1998-05-29,,v4_-22,-4.673674375129727,2.3556398869556854,0.0,4.673674375129727,2.6463980306953987,4.336399474375821,-0.8508033814468381,False,False,False,False,19.73587395149144
1995-99,NonEvent,SPX Dec-27 seagull 90/70 -125c,spx,True,False,1998-05-29,,peak_-22,-4.673674375129727,2.3556398869556854,0.0,4.673674375129727,2.6463980306953987,4.336399474375821,-0.8508033814468381,False,False,False,False,19.73587395149144
1995-99,NonEvent,SPX Dec-27 seagull 90/70 -125c,spx,True,False,1998-05-29,,tiered,-4.673674375129727,2.456107516208357,3.764037400734122,5.020044372712719,2.6463980306953987,4.336399474375821,-0.8508033814468381,False,False,False,False,19.73587395149144
1995-99,NonEvent,SPX Dec-27 seagull 90/70 -125c,spx,True,False,1998-05-29,,IPS,-4.673674375129727,1.0219371528194963,-49.96740751316631,0.07563004746491074,2.6463980306953987,4.336399474375821,-0.8508033814468381,False,False,False,False,19.73587395149144
1995-99,NonEvent,SPX Dec-27 seagull 90/70 -125c,spx,True,False,1998-06-30,,hold,-4.436560321145375,2.181066459765555,-0.006487418886215401,4.435986494422118,2.6680709212266787,3.2851511169513796,-0.17900508388803593,False,False,False,False,19.217968905811194
1995-99,NonEvent,SPX Dec-27 seagull 90/70 -125c,spx,True,False,1998-06-30,,v4_-22,-4.436560321145375,2.181066459765555,-0.006487418886215401,4.435986494422118,2.6680709212266787,3.2851511169513796,-0.17900508388803593,False,False,False,False,19.217968905811194
1995-99,NonEvent,SPX Dec-27 seagull 90/70 -125c,spx,True,False,1998-06-30,,peak_-22,-4.436560321145375,2.181066459765555,-0.006487418886215401,4.435986494422118,2.6680709212266787,3.2851511169513796,-0.17900508388803593,False,False,False,False,19.217968905811194
1995-99,NonEvent,SPX Dec-27 seagull 90/70 -125c,spx,True,False,1998-06-30,,tiered,-4.436560321145375,2.3832125282335386,8.577169464767481,5.195230161203161,2.6680709212266787,3.2851511169513796,-0.17900508388803593,False,False,False,False,19.217968905811194
1995-99,NonEvent,SPX Dec-27 seagull 90/70 -125c,spx,True,False,1998-06-30,,IPS,-4.436560321145375,1.7155569295199489,-19.773253668569414,2.6875717696451566,2.6680709212266787,3.2851511169513796,-0.17900508388803593,False,False,False,False,19.217968905811194
1995-99,NonEvent,SPX Dec-27 seagull 90/70 -125c,spx,True,False,1998-07-31,,hold,-5.117776076831228,2.841776249231877,0.0,5.117776076831228,3.1823816423318396,2.266754270696452,-1.2129060400750413,False,False,False,False,21.35346778191722
1995-99,NonEvent,SPX Dec-27 seagull 90/70 -125c,spx,True,False,1998-07-31,,v4_-22,-5.117776076831228,2.841776249231877,0.0,5.117776076831228,3.1823816423318396,2.266754270696452,-1.2129060400750413,False,False,False,False,21.35346778191722
1995-99,NonEvent,SPX Dec-27 seagull 90/70 -125c,spx,True,False,1998-07-31,,peak_-22,-5.117776076831228,2.841776249231877,0.0,5.117776076831228,3.1823816423318396,2.266754270696452,-1.2129060400750413,False,False,False,False,21.35346778191722
1995-99,NonEvent,SPX Dec-27 seagull 90/70 -125c,spx,True,False,1998-07-31,,tiered,-5.117776076831228,2.953879273340544,3.4742116652615205,5.429278722803041,3.1823816423318396,2.266754270696452,-1.2129060400750413,False,False,False,False,21.35346778191722
1995-99,NonEvent,SPX Dec-27 seagull 90/70 -125c,spx,True,False,1998-07-31,,IPS,-5.117776076831228,2.329281081030267,-15.882860484033438,3.6936967336386646,3.1823816423318396,2.266754270696452,-1.2129060400750413,False,False,False,False,21.35346778191722
1995-99,NonEvent,SPX Dec-27 seagull 90/70 -125c,spx,True,False,1998-08-31,,hold,-7.10543659889538,-20.851620726822112,-275.41636363636417,-21.851620726822112,1.4027389403663377,1.2483574244415243,-22.470786615899943,False,False,False,False,28.04866905178576
1995-99,NonEvent,SPX Dec-27 seagull 90/70 -125c,spx,True,False,1998-08-31,,v4_-22,-7.10543659889538,-20.851620726822112,-275.41636363636417,-21.851620726822112,1.4027389403663377,1.2483574244415243,-22.470786615899943,False,False,False,False,28.04866905178576
1995-99,NonEvent,SPX Dec-27 seagull 90/70 -125c,spx,True,False,1998-08-31,,peak_-22,-7.10543659889538,-20.851620726822112,-275.41636363636417,-21.851620726822112,1.4027389403663377,1.2483574244415243,-22.470786615899943,False,False,False,False,28.04866905178576
1995-99,NonEvent,SPX Dec-27 seagull 90/70 -125c,spx,True,False,1998-08-31,,tiered,-7.10543659889538,-20.851620726822112,-275.41636363636417,-21.851620726822112,1.4027389403663377,1.2483574244415243,-22.470786615899943,False,False,False,False,28.04866905178576
1995-99,NonEvent,SPX Dec-27 seagull 90/70 -125c,spx,True,False,1998-08-31,,IPS,-7.10543659889538,-11.561645339474122,-187.05754973221997,-12.561645339474122,1.4027389403663377,1.2483574244415243,-22.470786615899943,False,False,False,False,28.04866905178576
1995-99,NonEvent,SPX Dec-27 seagull 90/70 -125c,spx,True,False,1998-09-30,,hold,-6.312284174432608,-1.1305953531472537,-85.76092084849779,-2.1305953531472532,3.4451929943949176,0.2628120893561104,-16.382264950429846,False,False,False,False,27.183241466279696
1995-99,NonEvent,SPX Dec-27 seagull 90/70 -125c,spx,True,False,1998-09-30,,v4_-22,-6.312284174432608,-1.1305953531472537,-85.76092084849779,-2.1305953531472532,3.4451929943949176,0.2628120893561104,-16.382264950429846,False,False,False,False,27.183241466279696
1995-99,NonEvent,SPX Dec-27 seagull 90/70 -125c,spx,True,False,1998-09-30,,peak_-22,-6.312284174432608,-1.1305953531472537,-85.76092084849779,-2.1305953531472532,3.4451929943949176,0.2628120893561104,-16.382264950429846,False,False,False,False,27.183241466279696
1995-99,NonEvent,SPX Dec-27 seagull 90/70 -125c,spx,True,False,1998-09-30,,tiered,-6.312284174432608,-1.1305953531472537,-85.76092084849779,-2.1305953531472532,3.4451929943949176,0.2628120893561104,-16.382264950429846,False,False,False,False,27.183241466279696
1995-99,NonEvent,SPX Dec-27 seagull 90/70 -125c,spx,True,False,1998-09-30,,IPS,-6.312284174432608,-8.426586947194606,-159.8720052912435,-9.426586947194608,3.4451929943949176,0.2628120893561104,-16.382264950429846,False,False,False,False,27.183241466279696
1995-99,NonEvent,SPX Dec-27 seagull 90/70 -125c,spx,True,False,1998-10-30,,hold,-5.041158256344949,2.948179137440052,0.0,5.041158256344949,2.948179137440052,15.99868593955322,-3.433518571962428,False,False,False,False,23.016341058572216
1995-99,NonEvent,SPX Dec-27 seagull 90/70 -125c,spx,True,False,1998-10-30,,v4_-22,-5.041158256344949,2.948179137440052,0.0,5.041158256344949,2.948179137440052,15.99868593955322,-3.433518571962428,False,False,False,False,23.016341058572216
1995-99,NonEvent,SPX Dec-27 seagull 90/70 -125c,spx,True,False,1998-10-30,,peak_-22,-5.041158256344949,2.948179137440052,0.0,5.041158256344949,2.948179137440052,15.99868593955322,-3.433518571962428,False,False,False,False,23.016341058572216
1995-99,NonEvent,SPX Dec-27 seagull 90/70 -125c,spx,True,False,1998-10-30,,tiered,-5.041158256344949,2.948179137440052,0.0,5.041158256344949,2.948179137440052,15.99868593955322,-3.433518571962428,False,False,False,False,23.016341058572216
1995-99,NonEvent,SPX Dec-27 seagull 90/70 -125c,spx,True,False,1998-10-30,,IPS,-5.041158256344949,-1.8196508781988943,-135.3623638431265,-7.296200863397263,2.948179137440052,15.99868593955322,-3.433518571962428,False,False,False,False,23.016341058572216
1995-99,NonEvent,SPX Dec-27 seagull 90/70 -125c,spx,True,False,1998-11-30,,hold,-4.925835469805389,1.5999827398336026,-37.581195652174074,1.6798931441527192,2.6568197259741027,15.440210249671484,-1.7805971938730516,False,False,False,False,22.384681986292083
1995-99,NonEvent,SPX Dec-27 seagull 90/70 -125c,spx,True,False,1998-11-30,,v4_-22,-4.925835469805389,1.5999827398336026,-37.581195652174074,1.6798931441527192,2.6568197259741027,15.440210249671484,-1.7805971938730516,False,False,False,False,22.384681986292083
1995-99,NonEvent,SPX Dec-27 seagull 90/70 -125c,spx,True,False,1998-11-30,,peak_-22,-4.925835469805389,1.5999827398336026,-37.581195652174074,1.6798931441527192,2.6568197259741027,15.440210249671484,-1.7805971938730516,False,False,False,False,22.384681986292083
1995-99,NonEvent,SPX Dec-27 seagull 90/70 -125c,spx,True,False,1998-11-30,,tiered,-4.925835469805389,1.5999827398336026,-37.581195652174074,1.6798931441527192,2.6568197259741027,15.440210249671484,-1.7805971938730516,False,False,False,False,22.384681986292083
1995-99,NonEvent,SPX Dec-27 seagull 90/70 -125c,spx,True,False,1998-11-30,,IPS,-4.925835469805389,1.5741132784424745,-38.41980573875942,1.6074611757832094,2.6568197259741027,15.440210249671484,-1.7805971938730516,False,False,False,False,22.384681986292083
1995-99,NonEvent,SPX Dec-27 seagull 90/70 -125c,spx,True,False,1998-12-31,,hold,-4.886398233113172,2.680954116626209,-0.0010102840038813774,4.886316243758885,2.690381978134975,15.440210249671484,-0.322374473498271,False,False,False,False,21.9202060034595
1995-99,NonEvent,SPX Dec-27 seagull 90/70 -125c,spx,True,False,1998-12-31,,v4_-22,-4.886398233113172,2.680954116626209,-0.0010102840038813774,4.886316243758885,2.690381978134975,15.440210249671484,-0.322374473498271,False,False,False,False,21.9202060034595
1995-99,NonEvent,SPX Dec-27 seagull 90/70 -125c,spx,True,False,1998-12-31,,peak_-22,-4.886398233113172,2.680954116626209,-0.0010102840038813774,4.886316243758885,2.690381978134975,15.440210249671484,-0.322374473498271,False,False,False,False,21.9202060034595
1995-99,NonEvent,SPX Dec-27 seagull 90/70 -125c,spx,True,False,1998-12-31,,tiered,-4.886398233113172,2.680954116626209,-0.0010102840038813774,4.886316243758885,2.690381978134975,15.440210249671484,-0.322374473498271,False,False,False,False,21.9202060034595
1995-99,NonEvent,SPX Dec-27 seagull 90/70 -125c,spx,True,False,1998-12-31,,IPS,-4.886398233113172,2.5265130194363827,-5.532913854065875,4.437375945842114,2.690381978134975,15.440210249671484,-0.322374473498271,False,False,False,False,21.9202060034595
1995-99,NonEvent,SPX Dec-27 seagull 90/70 -125c,spx,True,False,1999-01-29,,hold,-5.13118399514618,3.0217684972343566,4.143061354478536e-06,5.131184320302497,3.153816524783231,12.877792378449408,0.14465138448061832,False,False,False,False,22.778935419822606
1995-99,NonEvent,SPX Dec-27 seagull 90/70 -125c,spx,True,False,1999-01-29,,v4_-22,-5.13118399514618,3.0217684972343566,4.143061354478536e-06,5.131184320302497,3.153816524783231,12.877792378449408,0.14465138448061832,False,False,False,False,22.778935419822606
1995-99,NonEvent,SPX Dec-27 seagull 90/70 -125c,spx,True,False,1999-01-29,,peak_-22,-5.13118399514618,3.0217684972343566,4.143061354478536e-06,5.131184320302497,3.153816524783231,12.877792378449408,0.14465138448061832,False,False,False,False,22.778935419822606
1995-99,NonEvent,SPX Dec-27 seagull 90/70 -125c,spx,True,False,1999-01-29,,tiered,-5.13118399514618,3.0217684972343566,4.143061354478536e-06,5.131184320302497,3.153816524783231,12.877792378449408,0.14465138448061832,False,False,False,False,22.778935419822606
1995-99,NonEvent,SPX Dec-27 seagull 90/70 -125c,spx,True,False,1999-01-29,,IPS,-5.13118399514618,2.248341094802286,-25.01121807053038,3.168250104203816,3.153816524783231,12.877792378449408,0.14465138448061832,False,False,False,False,22.778935419822606
1995-99,NonEvent,SPX Dec-27 seagull 90/70 -125c,spx,True,False,1999-02-26,,hold,-5.8243668662985675,4.285386323303646,0.0,5.8243668662985675,4.285386323303646,15.965834428383705,-1.7004884828020206,False,False,False,False,23.512060759080978
1995-99,NonEvent,SPX Dec-27 seagull 90/70 -125c,spx,True,False,1999-02-26,,v4_-22,-5.8243668662985675,4.285386323303646,0.0,5.8243668662985675,4.285386323303646,15.965834428383705,-1.7004884828020206,False,False,False,False,23.512060759080978
1995-99,NonEvent,SPX Dec-27 seagull 90/70 -125c,spx,True,False,1999-02-26,,peak_-22,-5.8243668662985675,4.285386323303646,0.0,5.8243668662985675,4.285386323303646,15.965834428383705,-1.7004884828020206,False,False,False,False,23.512060759080978
1995-99,NonEvent,SPX Dec-27 seagull 90/70 -125c,spx,True,False,1999-02-26,,tiered,-5.8243668662985675,4.285386323303646,0.0,5.8243668662985675,4.285386323303646,15.965834428383705,-1.7004884828020206,False,False,False,False,23.512060759080978
1995-99,NonEvent,SPX Dec-27 seagull 90/70 -125c,spx,True,False,1999-02-26,,IPS,-5.8243668662985675,2.8096939845881788,-32.23685462134871,3.2082442199297643,4.285386323303646,15.965834428383705,-1.7004884828020206,False,False,False,False,23.512060759080978
1995-99,NonEvent,SPX Dec-27 seagull 90/70 -125c,spx,True,False,1999-03-31,,hold,-5.336937575579763,3.147994418814774,0.0,5.336937575579763,3.1689390731018827,13.764783180026281,-0.40925328380197556,False,False,False,False,21.865575275247554
1995-99,NonEvent,SPX Dec-27 seagull 90/70 -125c,spx,True,False,1999-03-31,,v4_-22,-5.336937575579763,3.147994418814774,0.0,5.336937575579763,3.1689390731018827,13.764783180026281,-0.40925328380197556,False,False,False,False,21.865575275247554
1995-99,NonEvent,SPX Dec-27 seagull 90/70 -125c,spx,True,False,1999-03-31,,peak_-22,-5.336937575579763,3.147994418814774,0.0,5.336937575579763,3.1689390731018827,13.764783180026281,-0.40925328380197556,False,False,False,False,21.865575275247554
1995-99,NonEvent,SPX Dec-27 seagull 90/70 -125c,spx,True,False,1999-03-31,,tiered,-5.336937575579763,3.147994418814774,0.0,5.336937575579763,3.1689390731018827,13.764783180026281,-0.40925328380197556,False,False,False,False,21.865575275247554
1995-99,NonEvent,SPX Dec-27 seagull 90/70 -125c,spx,True,False,1999-03-31,,IPS,-5.336937575579763,2.8514324552017603,-9.431764506109435,4.600095490129963,3.1689390731018827,13.764783180026281,-0.40925328380197556,False,False,False,False,21.865575275247554
1995-99,NonEvent,SPX Dec-27 seagull 90/70 -125c,spx,True,False,1999-04-30,,hold,-5.694438109406373,3.8469230935422947,0.0,5.694438109406373,4.063409948669895,12.779237844940866,0.17074973645811087,False,False,False,False,22.802295820423822
1995-99,NonEvent,SPX Dec-27 seagull 90/70 -125c,spx,True,False,1999-04-30,,v4_-22,-5.694438109406373,3.8469230935422947,0.0,5.694438109406373,4.063409948669895,12.779237844940866,0.17074973645811087,False,False,False,False,22.802295820423822
1995-99,NonEvent,SPX Dec-27 seagull 90/70 -125c,spx,True,False,1999-04-30,,peak_-22,-5.694438109406373,3.8469230935422947,0.0,5.694438109406373,4.063409948669895,12.779237844940866,0.17074973645811087,False,False,False,False,22.802295820423822
1995-99,NonEvent,SPX Dec-27 seagull 90/70 -125c,spx,True,False,1999-04-30,,tiered,-5.694438109406373,3.8469230935422947,0.0,5.694438109406373,4.063409948669895,12.779237844940866,0.17074973645811087,False,False,False,False,22.802295820423822
1995-99,NonEvent,SPX Dec-27 seagull 90/70 -125c,spx,True,False,1999-04-30,,IPS,-5.694438109406373,3.7693919561829436,-2.0570085665221565,5.539359714683958,4.063409948669895,12.779237844940866,0.17074973645811087,False,False,False,False,22.802295820423822
1995-99,NonEvent,SPX Dec-27 seagull 90/70 -125c,spx,True,False,1999-05-28,,hold,-6.158724090641763,5.07418661319252,0.0,6.158724090641763,5.074567078140759,15.637319316688567,-1.4557233911862357,False,False,False,False,23.10511630863984
1995-99,NonEvent,SPX Dec-27 seagull 90/70 -125c,spx,True,False,1999-05-28,,v4_-22,-6.158724090641763,5.07418661319252,0.0,6.158724090641763,5.074567078140759,15.637319316688567,-1.4557233911862357,False,False,False,False,23.10511630863984
1995-99,NonEvent,SPX Dec-27 seagull 90/70 -125c,spx,True,False,1999-05-28,,peak_-22,-6.158724090641763,5.07418661319252,0.0,6.158724090641763,5.074567078140759,15.637319316688567,-1.4557233911862357,False,False,False,False,23.10511630863984
1995-99,NonEvent,SPX Dec-27 seagull 90/70 -125c,spx,True,False,1999-05-28,,tiered,-6.158724090641763,5.07418661319252,0.0,6.158724090641763,5.074567078140759,15.637319316688567,-1.4557233911862357,False,False,False,False,23.10511630863984
1995-99,NonEvent,SPX Dec-27 seagull 90/70 -125c,spx,True,False,1999-05-28,,IPS,-6.158724090641763,5.020150336488115,-1.0559942467826984,6.077040419591843,5.074567078140759,15.637319316688567,-1.4557233911862357,False,False,False,False,23.10511630863984
1995-99,NonEvent,SPX Dec-27 seagull 90/70 -125c,spx,True,False,1999-06-30,,hold,-5.711931442649724,3.609652729037313,0.0,5.711931442649724,3.8499104668818007,15.440210249671484,0.47877784278449886,False,False,False,False,21.470026638779835
1995-99,NonEvent,SPX Dec-27 seagull 90/70 -125c,spx,True,False,1999-06-30,,v4_-22,-5.711931442649724,3.609652729037313,0.0,5.711931442649724,3.8499104668818007,15.440210249671484,0.47877784278449886,False,False,False,False,21.470026638779835
1995-99,NonEvent,SPX Dec-27 seagull 90/70 -125c,spx,True,False,1999-06-30,,peak_-22,-5.711931442649724,3.609652729037313,0.0,5.711931442649724,3.8499104668818007,15.440210249671484,0.47877784278449886,False,False,False,False,21.470026638779835
1995-99,NonEvent,SPX Dec-27 seagull 90/70 -125c,spx,True,False,1999-06-30,,tiered,-5.711931442649724,3.609652729037313,0.0,5.711931442649724,3.8499104668818007,15.440210249671484,0.47877784278449886,False,False,False,False,21.470026638779835
1995-99,NonEvent,SPX Dec-27 seagull 90/70 -125c,spx,True,False,1999-06-30,,IPS,-5.711931442649724,3.5974295509219263,-0.3659570333312797,5.6851777084729385,3.8499104668818007,15.440210249671484,0.47877784278449886,False,False,False,False,21.470026638779835
1995-99,NonEvent,SPX Dec-27 seagull 90/70 -125c,spx,True,False,1999-07-30,,hold,-6.3714356018807825,5.809912341807738,0.0,6.3714356018807825,6.507379952867132,14.45466491458607,-0.9887474366947555,False,False,False,False,23.01677851403841
1995-99,NonEvent,SPX Dec-27 seagull 90/70 -125c,spx,True,False,1999-07-30,,v4_-22,-6.3714356018807825,5.809912341807738,0.0,6.3714356018807825,6.507379952867132,14.45466491458607,-0.9887474366947555,False,False,False,False,23.01677851403841
1995-99,NonEvent,SPX Dec-27 seagull 90/70 -125c,spx,True,False,1999-07-30,,peak_-22,-6.3714356018807825,5.809912341807738,0.0,6.3714356018807825,6.507379952867132,14.45466491458607,-0.9887474366947555,False,False,False,False,23.01677851403841
1995-99,NonEvent,SPX Dec-27 seagull 90/70 -125c,spx,True,False,1999-07-30,,tiered,-6.3714356018807825,5.809912341807738,0.0,6.3714356018807825,6.507379952867132,14.45466491458607,-0.9887474366947555,False,False,False,False,23.01677851403841
1995-99,NonEvent,SPX Dec-27 seagull 90/70 -125c,spx,True,False,1999-07-30,,IPS,-6.3714356018807825,5.832351226298438,0.3930137819451126,6.401159201262805,6.507379952867132,14.45466491458607,-0.9887474366947555,False,False,False,False,23.01677851403841
1995-99,NonEvent,SPX Dec-27 seagull 90/70 -125c,spx,True,False,1999-08-31,,hold,-6.530320895054196,6.616684252168805,0.00033720135115209284,6.530346534392455,7.491961804597796,13.403416557161629,-2.5775499005555536,False,False,False,False,23.101069881500987
1995-99,NonEvent,SPX Dec-27 seagull 90/70 -125c,spx,True,False,1999-08-31,,v4_-22,-6.530320895054196,6.616684252168805,0.00033720135115209284,6.530346534392455,7.491961804597796,13.403416557161629,-2.5775499005555536,False,False,False,False,23.101069881500987
1995-99,NonEvent,SPX Dec-27 seagull 90/70 -125c,spx,True,False,1999-08-31,,peak_-22,-6.530320895054196,6.616684252168805,0.00033720135115209284,6.530346534392455,7.491961804597796,13.403416557161629,-2.5775499005555536,False,False,False,False,23.101069881500987
1995-99,NonEvent,SPX Dec-27 seagull 90/70 -125c,spx,True,False,1999-08-31,,tiered,-6.530320895054196,6.616684252168805,0.00033720135115209284,6.530346534392455,7.491961804597796,13.403416557161629,-2.5775499005555536,False,False,False,False,23.101069881500987
1995-99,NonEvent,SPX Dec-27 seagull 90/70 -125c,spx,True,False,1999-08-31,,IPS,-6.530320895054196,6.639179572639413,0.34431538290880537,6.5565011536446525,7.491961804597796,13.403416557161629,-2.5775499005555536,False,False,False,False,23.101069881500987
1995-99,NonEvent,SPX Dec-27 seagull 90/70 -125c,spx,True,False,1999-09-30,,hold,-6.496634265554225,6.894350185197636,0.0,6.496634265554225,7.923392804133924,14.684625492772668,-5.798397949486264,False,False,False,False,23.71679111591525
1995-99,NonEvent,SPX Dec-27 seagull 90/70 -125c,spx,True,False,1999-09-30,,v4_-22,-6.496634265554225,6.894350185197636,0.0,6.496634265554225,7.923392804133924,14.684625492772668,-5.798397949486264,False,False,False,False,23.71679111591525
1995-99,NonEvent,SPX Dec-27 seagull 90/70 -125c,spx,True,False,1999-09-30,,peak_-22,-6.496634265554225,6.894350185197636,0.0,6.496634265554225,7.923392804133924,14.684625492772668,-5.798397949486264,False,False,False,False,23.71679111591525
1995-99,NonEvent,SPX Dec-27 seagull 90/70 -125c,spx,True,False,1999-09-30,,tiered,-6.496634265554225,6.894350185197636,0.0,6.496634265554225,7.923392804133924,14.684625492772668,-5.798397949486264,False,False,False,False,23.71679111591525
1995-99,NonEvent,SPX Dec-27 seagull 90/70 -125c,spx,True,False,1999-09-30,,IPS,-6.496634265554225,7.494466082246294,8.493328583369205,7.158069941680312,7.923392804133924,14.684625492772668,-5.798397949486264,False,False,False,False,23.71679111591525
1995-99,NonEvent,SPX Dec-27 seagull 90/70 -125c,spx,True,False,1999-10-29,,hold,-6.109374747613416,4.693023582946674,0.0,6.109374747613416,6.252055107330458,13.731931668856767,-1.2263964370950329,False,False,False,False,22.505262891815402
1995-99,NonEvent,SPX Dec-27 seagull 90/70 -125c,spx,True,False,1999-10-29,,v4_-22,-6.109374747613416,4.693023582946674,0.0,6.109374747613416,6.252055107330458,13.731931668856767,-1.2263964370950329,False,False,False,False,22.505262891815402
1995-99,NonEvent,SPX Dec-27 seagull 90/70 -125c,spx,True,False,1999-10-29,,peak_-22,-6.109374747613416,4.693023582946674,0.0,6.109374747613416,6.252055107330458,13.731931668856767,-1.2263964370950329,False,False,False,False,22.505262891815402
1995-99,NonEvent,SPX Dec-27 seagull 90/70 -125c,spx,True,False,1999-10-29,,tiered,-6.109374747613416,4.693023582946674,0.0,6.109374747613416,6.252055107330458,13.731931668856767,-1.2263964370950329,False,False,False,False,22.505262891815402
1995-99,NonEvent,SPX Dec-27 seagull 90/70 -125c,spx,True,False,1999-10-29,,IPS,-6.109374747613416,5.834592806311978,25.834629636961694,7.997874517310487,6.252055107330458,13.731931668856767,-1.2263964370950329,False,False,False,False,22.505262891815402
1995-99,NonEvent,SPX Dec-27 seagull 90/70 -125c,spx,True,False,1999-11-30,,hold,-6.388809868794971,11.144025693054118,89.06428571428569,12.81988644273851,13.233855577318883,15.703022339027594,-1.8080500938111528,False,False,False,False,23.376915960783485
1995-99,NonEvent,SPX Dec-27 seagull 90/70 -125c,spx,True,False,1999-11-30,,v4_-22,-6.388809868794971,11.144025693054118,89.06428571428569,12.81988644273851,13.233855577318883,15.703022339027594,-1.8080500938111528,False,False,False,False,23.376915960783485
1995-99,NonEvent,SPX Dec-27 seagull 90/70 -125c,spx,True,False,1999-11-30,,peak_-22,-6.388809868794971,9.653536907055582,62.977386568669324,10.936226290560457,13.233855577318883,15.703022339027594,-1.8080500938111528,False,False,False,False,23.376915960783485
1995-99,NonEvent,SPX Dec-27 seagull 90/70 -125c,spx,True,False,1999-11-30,,tiered,-6.388809868794971,10.39878130005485,76.0208361414775,11.878056366649483,13.233855577318883,15.703022339027594,-1.8080500938111528,False,False,False,False,23.376915960783485
1995-99,NonEvent,SPX Dec-27 seagull 90/70 -125c,spx,True,False,1999-11-30,,IPS,-6.388809868794971,7.4608945952911725,24.601224743950024,8.165193734362315,13.233855577318883,15.703022339027594,-1.8080500938111528,False,False,False,False,23.376915960783485
1995-99,NonEvent,SPX Dec-27 seagull 90/70 -125c,spx,True,False,1999-12-31,,hold,-6.688709665137375,12.519955769431803,70.74472727272769,11.519955769431805,19.695355872646157,15.078843626806833,0.6268409416152867,False,False,False,True,23.657505474972357
1995-99,NonEvent,SPX Dec-27 seagull 90/70 -125c,spx,True,False,1999-12-31,,v4_-22,-6.688709665137375,17.153445129356978,138.59367017746183,16.153445129356978,19.695355872646157,15.078843626806833,0.6268409416152867,False,False,False,True,23.657505474972357
1995-99,NonEvent,SPX Dec-27 seagull 90/70 -125c,spx,True,False,1999-12-31,,peak_-22,-6.688709665137375,15.08981002700761,108.375523688016,14.08981002700761,19.695355872646157,15.078843626806833,0.6268409416152867,False,False,False,True,23.657505474972357
1995-99,NonEvent,SPX Dec-27 seagull 90/70 -125c,spx,True,False,1999-12-31,,tiered,-6.688709665137375,14.501920996470325,99.76696841383536,13.501920996470325,19.695355872646157,15.078843626806833,0.6268409416152867,False,False,False,True,23.657505474972357
1995-99,NonEvent,SPX Dec-27 seagull 90/70 -125c,spx,True,False,1999-12-31,,IPS,-6.688709665137375,9.133466299002498,21.155807804408898,8.133466299002498,19.695355872646157,15.078843626806833,0.6268409416152867,False,False,False,True,23.657505474972357
1995-99,NonEvent,QQQ Dec-27 seagull 90/65 -135c,ndx,True,False,1999-12-31,,hold,-5.846479480453826,31.846479480453826,926.9575,30.846479480453826,30.096479480453823,15.965834428383705,-14.48143855730232,False,False,False,True,30.845789989445997
1995-99,NonEvent,QQQ Dec-27 seagull 90/65 -135c,ndx,True,False,1999-12-31,,v4_-22,-5.846479480453826,15.751758583567605,330.1926101689837,14.751758583567605,30.096479480453823,15.965834428383705,-14.48143855730232,False,False,False,True,30.845789989445997
1995-99,NonEvent,QQQ Dec-27 seagull 90/65 -135c,ndx,True,False,1999-12-31,,peak_-22,-5.846479480453826,4.109673721939795,-101.47610495591077,3.109673721939795,30.096479480453823,15.965834428383705,-14.48143855730232,False,False,False,True,30.845789989445997
1995-99,NonEvent,QQQ Dec-27 seagull 90/65 -135c,ndx,True,False,1999-12-31,,tiered,-5.846479480453826,12.415428993712121,206.4871807374451,11.415428993712123,30.096479480453823,15.965834428383705,-14.48143855730232,False,False,False,True,30.845789989445997
1995-99,NonEvent,QQQ Dec-27 seagull 90/65 -135c,ndx,True,False,1999-12-31,,IPS,-5.846479480453826,5.663400138651042,-43.866570759166144,4.663400138651042,30.096479480453823,15.965834428383705,-14.48143855730232,False,False,False,True,30.845789989445997
1995-99,NonEvent,SPX Mar-27 seagull 90/75 -115c,spx,True,False,1995-01-31,,hold,-0.8024997618147536,0.8010229814503733,-21.22959627329169,-3.715671589407215,1.0000086322684423,0.0328515111695138,0.6921576313298485,False,False,False,False,12.507415398277393
1995-99,NonEvent,SPX Mar-27 seagull 90/75 -115c,spx,True,False,1995-01-31,,v4_-22,-0.8024997618147536,0.8010229814503733,-21.22959627329169,-3.715671589407215,1.0000086322684423,0.0328515111695138,0.6921576313298485,False,False,False,False,12.507415398277393
1995-99,NonEvent,SPX Mar-27 seagull 90/75 -115c,spx,True,False,1995-01-31,,peak_-22,-0.8024997618147536,0.8010229814503733,-21.22959627329169,-3.715671589407215,1.0000086322684423,0.0328515111695138,0.6921576313298485,False,False,False,False,12.507415398277393
1995-99,NonEvent,SPX Mar-27 seagull 90/75 -115c,spx,True,False,1995-01-31,,tiered,-0.8024997618147536,0.8010229814503733,-21.22959627329169,-3.715671589407215,1.0000086322684423,0.0328515111695138,0.6921576313298485,False,False,False,False,12.507415398277393
1995-99,NonEvent,SPX Mar-27 seagull 90/75 -115c,spx,True,False,1995-01-31,,IPS,-0.8024997618147536,0.7167381314867797,-28.625018231016885,-5.289596179844609,1.0000086322684423,0.0328515111695138,0.6921576313298485,False,False,False,False,12.507415398277393
1995-99,NonEvent,SPX Mar-27 seagull 90/75 -115c,spx,True,False,1995-02-28,,hold,-0.6891314706685959,0.7701770903384,-24.388315789473722,-4.320398331178561,1.0099954301471208,0.2956636005256242,0.7417074627393857,False,False,False,False,12.324944817569143
1995-99,NonEvent,SPX Mar-27 seagull 90/75 -115c,spx,True,False,1995-02-28,,v4_-22,-0.6891314706685959,0.7701770903384,-24.388315789473722,-4.320398331178561,1.0099954301471208,0.2956636005256242,0.7417074627393857,False,False,False,False,12.324944817569143
1995-99,NonEvent,SPX Mar-27 seagull 90/75 -115c,spx,True,False,1995-02-28,,peak_-22,-0.6891314706685959,0.7701770903384,-24.388315789473722,-4.320398331178561,1.0099954301471208,0.2956636005256242,0.7417074627393857,False,False,False,False,12.324944817569143
1995-99,NonEvent,SPX Mar-27 seagull 90/75 -115c,spx,True,False,1995-02-28,,tiered,-0.6891314706685959,0.7701770903384,-24.388315789473722,-4.320398331178561,1.0099954301471208,0.2956636005256242,0.7417074627393857,False,False,False,False,12.324944817569143
1995-99,NonEvent,SPX Mar-27 seagull 90/75 -115c,spx,True,False,1995-02-28,,IPS,-0.6891314706685959,0.8564337760922346,-16.49411654756845,-2.698874864555568,1.0099954301471208,0.2956636005256242,0.7417074627393857,False,False,False,False,12.324944817569143
1995-99,NonEvent,SPX Mar-27 seagull 90/75 -115c,spx,True,False,1995-03-31,,hold,-0.9036590177875125,0.9899979358312654,-5.444772727273062,-0.1849121612953361,1.0105995643701293,0.657030223390276,0.8069653847492584,False,False,False,False,13.353307911811175
1995-99,NonEvent,SPX Mar-27 seagull 90/75 -115c,spx,True,False,1995-03-31,,v4_-22,-0.9036590177875125,0.9899979358312654,-5.444772727273062,-0.1849121612953361,1.0105995643701293,0.657030223390276,0.8069653847492584,False,False,False,False,13.353307911811175
1995-99,NonEvent,SPX Mar-27 seagull 90/75 -115c,spx,True,False,1995-03-31,,peak_-22,-0.9036590177875125,0.9899979358312654,-5.444772727273062,-0.1849121612953361,1.0105995643701293,0.657030223390276,0.8069653847492584,False,False,False,False,13.353307911811175
1995-99,NonEvent,SPX Mar-27 seagull 90/75 -115c,spx,True,False,1995-03-31,,tiered,-0.9036590177875125,0.9899979358312654,-5.444772727273062,-0.1849121612953361,1.0105995643701293,0.657030223390276,0.8069653847492584,False,False,False,False,13.353307911811175
1995-99,NonEvent,SPX Mar-27 seagull 90/75 -115c,spx,True,False,1995-03-31,,IPS,-0.9036590177875125,0.8936986846818257,-14.349521530743411,-1.9652349387503896,1.0105995643701293,0.657030223390276,0.8069653847492584,False,False,False,False,13.353307911811175
1995-99,NonEvent,SPX Mar-27 seagull 90/75 -115c,spx,True,False,1995-04-28,,hold,-0.7030981381254531,0.8876769571374543,-14.473030075188149,-2.1103214714624476,1.0035748848470967,1.0512483574244416,0.8575136965248757,False,False,False,False,12.231213792402235
1995-99,NonEvent,SPX Mar-27 seagull 90/75 -115c,spx,True,False,1995-04-28,,v4_-22,-0.7030981381254531,0.8876769571374543,-14.473030075188149,-2.1103214714624476,1.0035748848470967,1.0512483574244416,0.8575136965248757,False,False,False,False,12.231213792402235
1995-99,NonEvent,SPX Mar-27 seagull 90/75 -115c,spx,True,False,1995-04-28,,peak_-22,-0.7030981381254531,0.8876769571374543,-14.473030075188149,-2.1103214714624476,1.0035748848470967,1.0512483574244416,0.8575136965248757,False,False,False,False,12.231213792402235
1995-99,NonEvent,SPX Mar-27 seagull 90/75 -115c,spx,True,False,1995-04-28,,tiered,-0.7030981381254531,0.8876769571374543,-14.473030075188149,-2.1103214714624476,1.0035748848470967,1.0512483574244416,0.8575136965248757,False,False,False,False,12.231213792402235
1995-99,NonEvent,SPX Mar-27 seagull 90/75 -115c,spx,True,False,1995-04-28,,IPS,-0.7030981381254531,0.9051948097861908,-12.779918491762471,-1.781196657564878,1.0035748848470967,1.0512483574244416,0.8575136965248757,False,False,False,False,12.231213792402235
1995-99,NonEvent,SPX Mar-27 seagull 90/75 -115c,spx,True,False,1995-05-31,,hold,-0.6733751885794993,1.007916480509112,-2.7935921498076937,0.1484240048943346,1.0149951600265363,0.2956636005256242,0.875586973182138,False,False,False,False,12.903589568914391
1995-99,NonEvent,SPX Mar-27 seagull 90/75 -115c,spx,True,False,1995-05-31,,v4_-22,-0.6733751885794993,1.007916480509112,-2.7935921498076937,0.1484240048943346,1.0149951600265363,0.2956636005256242,0.875586973182138,False,False,False,False,12.903589568914391
1995-99,NonEvent,SPX Mar-27 seagull 90/75 -115c,spx,True,False,1995-05-31,,peak_-22,-0.6733751885794993,1.007916480509112,-2.7935921498076937,0.1484240048943346,1.0149951600265363,0.2956636005256242,0.875586973182138,False,False,False,False,12.903589568914391
1995-99,NonEvent,SPX Mar-27 seagull 90/75 -115c,spx,True,False,1995-05-31,,tiered,-0.6733751885794993,1.007916480509112,-2.7935921498076937,0.1484240048943346,1.0149951600265363,0.2956636005256242,0.875586973182138,False,False,False,False,12.903589568914391
1995-99,NonEvent,SPX Mar-27 seagull 90/75 -115c,spx,True,False,1995-05-31,,IPS,-0.6733751885794993,0.9721353193209017,-6.36361102053713,-0.5224275480414801,1.0149951600265363,0.2956636005256242,0.875586973182138,False,False,False,False,12.903589568914391
1995-99,NonEvent,SPX Mar-27 seagull 90/75 -115c,spx,True,False,1995-06-30,,hold,-0.5255170879143533,0.9736888108086631,-5.5615909090903415,-0.49958365857302905,1.01886393823109,6.5374507227332455,0.8752904790979696,False,False,False,False,11.894150222615217
1995-99,NonEvent,SPX Mar-27 seagull 90/75 -115c,spx,True,False,1995-06-30,,v4_-22,-0.5255170879143533,0.9736888108086631,-5.5615909090903415,-0.49958365857302905,1.01886393823109,6.5374507227332455,0.8752904790979696,False,False,False,False,11.894150222615217
1995-99,NonEvent,SPX Mar-27 seagull 90/75 -115c,spx,True,False,1995-06-30,,peak_-22,-0.5255170879143533,0.9736888108086631,-5.5615909090903415,-0.49958365857302905,1.01886393823109,6.5374507227332455,0.8752904790979696,False,False,False,False,11.894150222615217
1995-99,NonEvent,SPX Mar-27 seagull 90/75 -115c,spx,True,False,1995-06-30,,tiered,-0.5255170879143533,0.9736888108086631,-5.5615909090903415,-0.49958365857302905,1.01886393823109,6.5374507227332455,0.8752904790979696,False,False,False,False,11.894150222615217
1995-99,NonEvent,SPX Mar-27 seagull 90/75 -115c,spx,True,False,1995-06-30,,IPS,-0.5255170879143533,0.8997211831458718,-13.18136204801979,-1.9040438589470925,1.01886393823109,6.5374507227332455,0.8752904790979696,False,False,False,False,11.894150222615217
1995-99,NonEvent,SPX Mar-27 seagull 90/75 -115c,spx,True,False,1995-07-31,,hold,-0.7627418386365992,1.0409384865810625,0.0,0.7627418386365992,1.0409384865810625,6.9973718791064385,0.8208236975039793,False,False,False,False,13.260470896021737
1995-99,NonEvent,SPX Mar-27 seagull 90/75 -115c,spx,True,False,1995-07-31,,v4_-22,-0.7627418386365992,1.0409384865810625,0.0,0.7627418386365992,1.0409384865810625,6.9973718791064385,0.8208236975039793,False,False,False,False,13.260470896021737
1995-99,NonEvent,SPX Mar-27 seagull 90/75 -115c,spx,True,False,1995-07-31,,peak_-22,-0.7627418386365992,1.0409384865810625,0.0,0.7627418386365992,1.0409384865810625,6.9973718791064385,0.8208236975039793,False,False,False,False,13.260470896021737
1995-99,NonEvent,SPX Mar-27 seagull 90/75 -115c,spx,True,False,1995-07-31,,tiered,-0.7627418386365992,1.0409384865810625,0.0,0.7627418386365992,1.0409384865810625,6.9973718791064385,0.8208236975039793,False,False,False,False,13.260470896021737
1995-99,NonEvent,SPX Mar-27 seagull 90/75 -115c,spx,True,False,1995-07-31,,IPS,-0.7627418386365992,0.9858653742006541,-5.749463801528045,-0.26334804656947164,1.0409384865810625,6.9973718791064385,0.8208236975039793,False,False,False,False,13.260470896021737
1995-99,NonEvent,SPX Mar-27 seagull 90/75 -115c,spx,True,False,1995-08-31,,hold,-0.5599734869593823,0.9950752685267499,-3.668850318586972,-0.09333306896031303,1.0,0.0,0.7388150288459443,False,False,False,False,11.955050639482476
1995-99,NonEvent,SPX Mar-27 seagull 90/75 -115c,spx,True,False,1995-08-31,,v4_-22,-0.5599734869593823,0.9950752685267499,-3.668850318586972,-0.09333306896031303,1.0,0.0,0.7388150288459443,False,False,False,False,11.955050639482476
1995-99,NonEvent,SPX Mar-27 seagull 90/75 -115c,spx,True,False,1995-08-31,,peak_-22,-0.5599734869593823,0.9950752685267499,-3.668850318586972,-0.09333306896031303,1.0,0.0,0.7388150288459443,False,False,False,False,11.955050639482476
1995-99,NonEvent,SPX Mar-27 seagull 90/75 -115c,spx,True,False,1995-08-31,,tiered,-0.5599734869593823,0.9950752685267499,-3.668850318586972,-0.09333306896031303,1.0,0.0,0.7388150288459443,False,False,False,False,11.955050639482476
1995-99,NonEvent,SPX Mar-27 seagull 90/75 -115c,spx,True,False,1995-08-31,,IPS,-0.5599734869593823,0.8162828943061796,-22.69780625024531,-3.4817901012568373,1.0,0.0,0.7388150288459443,False,False,False,False,11.955050639482476
1995-99,NonEvent,SPX Mar-27 seagull 90/75 -115c,spx,True,False,1995-09-29,,hold,-0.6422688041381556,1.0341656834389792,0.0,0.6422688041381556,1.0341656834389792,6.9973718791064385,0.8396980741603728,False,False,False,False,12.72330720461125
1995-99,NonEvent,SPX Mar-27 seagull 90/75 -115c,spx,True,False,1995-09-29,,v4_-22,-0.6422688041381556,1.0341656834389792,0.0,0.6422688041381556,1.0341656834389792,6.9973718791064385,0.8396980741603728,False,False,False,False,12.72330720461125
1995-99,NonEvent,SPX Mar-27 seagull 90/75 -115c,spx,True,False,1995-09-29,,peak_-22,-0.6422688041381556,1.0341656834389792,0.0,0.6422688041381556,1.0341656834389792,6.9973718791064385,0.8396980741603728,False,False,False,False,12.72330720461125
1995-99,NonEvent,SPX Mar-27 seagull 90/75 -115c,spx,True,False,1995-09-29,,tiered,-0.6422688041381556,1.0341656834389792,0.0,0.6422688041381556,1.0341656834389792,6.9973718791064385,0.8396980741603728,False,False,False,False,12.72330720461125
1995-99,NonEvent,SPX Mar-27 seagull 90/75 -115c,spx,True,False,1995-09-29,,IPS,-0.6422688041381556,0.9176613797826881,-12.773952387339719,-1.5478550937173567,1.0341656834389792,6.9973718791064385,0.8396980741603728,False,False,False,False,12.72330720461125
1995-99,NonEvent,SPX Mar-27 seagull 90/75 -115c,spx,True,False,1995-10-31,,hold,-0.7230602193835535,1.0387725502717633,0.0,0.7230602193835535,1.0387725502717633,6.9973718791064385,0.7596716479405337,False,False,False,False,13.442119194190141
1995-99,NonEvent,SPX Mar-27 seagull 90/75 -115c,spx,True,False,1995-10-31,,v4_-22,-0.7230602193835535,1.0387725502717633,0.0,0.7230602193835535,1.0387725502717633,6.9973718791064385,0.7596716479405337,False,False,False,False,13.442119194190141
1995-99,NonEvent,SPX Mar-27 seagull 90/75 -115c,spx,True,False,1995-10-31,,peak_-22,-0.7230602193835535,1.0387725502717633,0.0,0.7230602193835535,1.0387725502717633,6.9973718791064385,0.7596716479405337,False,False,False,False,13.442119194190141
1995-99,NonEvent,SPX Mar-27 seagull 90/75 -115c,spx,True,False,1995-10-31,,tiered,-0.7230602193835535,1.0387725502717633,0.0,0.7230602193835535,1.0387725502717633,6.9973718791064385,0.7596716479405337,False,False,False,False,13.442119194190141
1995-99,NonEvent,SPX Mar-27 seagull 90/75 -115c,spx,True,False,1995-10-31,,IPS,-0.7230602193835535,0.9343705550111907,-11.305018830198366,-1.223908165932238,1.0387725502717633,6.9973718791064385,0.7596716479405337,False,False,False,False,13.442119194190141
1995-99,NonEvent,SPX Mar-27 seagull 90/75 -115c,spx,True,False,1995-11-30,,hold,-0.45774497006077886,1.0240309624462698,-2.6199029034340224e-05,0.4577406426162782,1.0241468430381855,1.5111695137976346,0.8555053173743146,False,False,False,False,11.945795705576472
1995-99,NonEvent,SPX Mar-27 seagull 90/75 -115c,spx,True,False,1995-11-30,,v4_-22,-0.45774497006077886,1.0240309624462698,-2.6199029034340224e-05,0.4577406426162782,1.0241468430381855,1.5111695137976346,0.8555053173743146,False,False,False,False,11.945795705576472
1995-99,NonEvent,SPX Mar-27 seagull 90/75 -115c,spx,True,False,1995-11-30,,peak_-22,-0.45774497006077886,1.0240309624462698,-2.6199029034340224e-05,0.4577406426162782,1.0241468430381855,1.5111695137976346,0.8555053173743146,False,False,False,False,11.945795705576472
1995-99,NonEvent,SPX Mar-27 seagull 90/75 -115c,spx,True,False,1995-11-30,,tiered,-0.45774497006077886,1.0240309624462698,-2.6199029034340224e-05,0.4577406426162782,1.0241468430381855,1.5111695137976346,0.8555053173743146,False,False,False,False,11.945795705576472
1995-99,NonEvent,SPX Mar-27 seagull 90/75 -115c,spx,True,False,1995-11-30,,IPS,-0.45774497006077886,1.007172635547985,-1.9441166655397701,0.13662402462356102,1.0241468430381855,1.5111695137976346,0.8555053173743146,False,False,False,False,11.945795705576472
1995-99,NonEvent,SPX Mar-27 seagull 90/75 -115c,spx,True,False,1995-12-29,,hold,-0.5262132264992971,1.0278098399849511,0.0,0.5262132264992971,1.0290681278230516,6.5374507227332455,0.8522782133115514,False,False,False,False,12.56687127748513
1995-99,NonEvent,SPX Mar-27 seagull 90/75 -115c,spx,True,False,1995-12-29,,v4_-22,-0.5262132264992971,1.0278098399849511,0.0,0.5262132264992971,1.0290681278230516,6.5374507227332455,0.8522782133115514,False,False,False,False,12.56687127748513
1995-99,NonEvent,SPX Mar-27 seagull 90/75 -115c,spx,True,False,1995-12-29,,peak_-22,-0.5262132264992971,1.0278098399849511,0.0,0.5262132264992971,1.0290681278230516,6.5374507227332455,0.8522782133115514,False,False,False,False,12.56687127748513
1995-99,NonEvent,SPX Mar-27 seagull 90/75 -115c,spx,True,False,1995-12-29,,tiered,-0.5262132264992971,1.0278098399849511,0.0,0.5262132264992971,1.0290681278230516,6.5374507227332455,0.8522782133115514,False,False,False,False,12.56687127748513
1995-99,NonEvent,SPX Mar-27 seagull 90/75 -115c,spx,True,False,1995-12-29,,IPS,-0.5262132264992971,0.959159847680622,-7.956503610037205,-0.7727706572325485,1.0290681278230516,6.5374507227332455,0.8522782133115514,False,False,False,False,12.56687127748513
1995-99,NonEvent,SPX Mar-27 seagull 90/75 -115c,spx,True,False,1996-01-31,,hold,-0.5307844556266627,1.028061050618388,0.0,0.5307844556266627,1.0509182748049497,5.716162943495401,0.912719822428497,False,False,False,False,12.58695982304603
1995-99,NonEvent,SPX Mar-27 seagull 90/75 -115c,spx,True,False,1996-01-31,,v4_-22,-0.5307844556266627,1.028061050618388,0.0,0.5307844556266627,1.0509182748049497,5.716162943495401,0.912719822428497,False,False,False,False,12.58695982304603
1995-99,NonEvent,SPX Mar-27 seagull 90/75 -115c,spx,True,False,1996-01-31,,peak_-22,-0.5307844556266627,1.028061050618388,0.0,0.5307844556266627,1.0509182748049497,5.716162943495401,0.912719822428497,False,False,False,False,12.58695982304603
1995-99,NonEvent,SPX Mar-27 seagull 90/75 -115c,spx,True,False,1996-01-31,,tiered,-0.5307844556266627,1.028061050618388,0.0,0.5307844556266627,1.0509182748049497,5.716162943495401,0.912719822428497,False,False,False,False,12.58695982304603
1995-99,NonEvent,SPX Mar-27 seagull 90/75 -115c,spx,True,False,1996-01-31,,IPS,-0.5307844556266627,1.0319669979078154,0.46951018611205053,0.6046667964527273,1.0509182748049497,5.716162943495401,0.912719822428497,False,False,False,False,12.58695982304603
1995-99,NonEvent,SPX Mar-27 seagull 90/75 -115c,spx,True,False,1996-02-29,,hold,-1.0733605192025126,1.0593000445873257,-8.911298097788585e-12,1.073360519201114,1.0941996347422362,4.763469119579501,0.9393685274427985,False,False,False,False,15.493381214795587
1995-99,NonEvent,SPX Mar-27 seagull 90/75 -115c,spx,True,False,1996-02-29,,v4_-22,-1.0733605192025126,1.0593000445873257,-8.911298097788585e-12,1.073360519201114,1.0941996347422362,4.763469119579501,0.9393685274427985,False,False,False,False,15.493381214795587
1995-99,NonEvent,SPX Mar-27 seagull 90/75 -115c,spx,True,False,1996-02-29,,peak_-22,-1.0733605192025126,1.0593000445873257,-8.911298097788585e-12,1.073360519201114,1.0941996347422362,4.763469119579501,0.9393685274427985,False,False,False,False,15.493381214795587
1995-99,NonEvent,SPX Mar-27 seagull 90/75 -115c,spx,True,False,1996-02-29,,tiered,-1.0733605192025126,1.0593000445873257,-8.911298097788585e-12,1.073360519201114,1.0941996347422362,4.763469119579501,0.9393685274427985,False,False,False,False,15.493381214795587
1995-99,NonEvent,SPX Mar-27 seagull 90/75 -115c,spx,True,False,1996-02-29,,IPS,-1.0733605192025126,1.0578281474379665,-0.169736665533208,1.0467184433065453,1.0941996347422362,4.763469119579501,0.9393685274427985,False,False,False,False,15.493381214795587
1995-99,NonEvent,SPX Mar-27 seagull 90/75 -115c,spx,True,False,1996-03-29,,hold,-1.3628341218760227,1.0769916743760821,0.0,1.3628341218760227,1.121418103570198,3.8107752956636003,0.9630455470514925,False,False,False,False,16.6283051970024
1995-99,NonEvent,SPX Mar-27 seagull 90/75 -115c,spx,True,False,1996-03-29,,v4_-22,-1.3628341218760227,1.0769916743760821,0.0,1.3628341218760227,1.121418103570198,3.8107752956636003,0.9630455470514925,False,False,False,False,16.6283051970024
1995-99,NonEvent,SPX Mar-27 seagull 90/75 -115c,spx,True,False,1996-03-29,,peak_-22,-1.3628341218760227,1.0769916743760821,0.0,1.3628341218760227,1.121418103570198,3.8107752956636003,0.9630455470514925,False,False,False,False,16.6283051970024
1995-99,NonEvent,SPX Mar-27 seagull 90/75 -115c,spx,True,False,1996-03-29,,tiered,-1.3628341218760227,1.0769916743760821,0.0,1.3628341218760227,1.121418103570198,3.8107752956636003,0.9630455470514925,False,False,False,False,16.6283051970024
1995-99,NonEvent,SPX Mar-27 seagull 90/75 -115c,spx,True,False,1996-03-29,,IPS,-1.3628341218760227,1.0847629062014734,0.88792846053811,1.5003931499979288,1.121418103570198,3.8107752956636003,0.9630455470514925,False,False,False,False,16.6283051970024
1995-99,NonEvent,SPX Mar-27 seagull 90/75 -115c,spx,True,False,1996-04-30,,hold,-1.1017879232966705,1.0058706798571861,-6.491300632602815,0.10655818960428827,1.1051387614028454,2.759526938239159,0.9349985417722022,False,False,False,False,14.765713581989726
1995-99,NonEvent,SPX Mar-27 seagull 90/75 -115c,spx,True,False,1996-04-30,,v4_-22,-1.1017879232966705,1.0058706798571861,-6.491300632602815,0.10655818960428827,1.1051387614028454,2.759526938239159,0.9349985417722022,False,False,False,False,14.765713581989726
1995-99,NonEvent,SPX Mar-27 seagull 90/75 -115c,spx,True,False,1996-04-30,,peak_-22,-1.1017879232966705,1.0058706798571861,-6.491300632602815,0.10655818960428827,1.1051387614028454,2.759526938239159,0.9349985417722022,False,False,False,False,14.765713581989726
1995-99,NonEvent,SPX Mar-27 seagull 90/75 -115c,spx,True,False,1996-04-30,,tiered,-1.1017879232966705,1.0058706798571861,-6.491300632602815,0.10655818960428827,1.1051387614028454,2.759526938239159,0.9349985417722022,False,False,False,False,14.765713581989726
1995-99,NonEvent,SPX Mar-27 seagull 90/75 -115c,spx,True,False,1996-04-30,,IPS,-1.1017879232966705,1.0359500707249356,-2.9302688222843516,0.6525265464622715,1.1051387614028454,2.759526938239159,0.9349985417722022,False,False,False,False,14.765713581989726
1995-99,NonEvent,SPX Mar-27 seagull 90/75 -115c,spx,True,False,1996-05-31,,hold,-1.1698081108780862,1.0647352282078915,0.0,1.1698081108780862,1.117892212658394,1.7411300919842312,0.9408650933527866,False,False,False,False,14.921089086568411
1995-99,NonEvent,SPX Mar-27 seagull 90/75 -115c,spx,True,False,1996-05-31,,v4_-22,-1.1698081108780862,1.0647352282078915,0.0,1.1698081108780862,1.117892212658394,1.7411300919842312,0.9408650933527866,False,False,False,False,14.921089086568411
1995-99,NonEvent,SPX Mar-27 seagull 90/75 -115c,spx,True,False,1996-05-31,,peak_-22,-1.1698081108780862,1.0647352282078915,0.0,1.1698081108780862,1.117892212658394,1.7411300919842312,0.9408650933527866,False,False,False,False,14.921089086568411
1995-99,NonEvent,SPX Mar-27 seagull 90/75 -115c,spx,True,False,1996-05-31,,tiered,-1.1698081108780862,1.0647352282078915,0.0,1.1698081108780862,1.117892212658394,1.7411300919842312,0.9408650933527866,False,False,False,False,14.921089086568411
1995-99,NonEvent,SPX Mar-27 seagull 90/75 -115c,spx,True,False,1996-05-31,,IPS,-1.1698081108780862,0.9991568681823529,-7.88068302864883,-0.015235945962149595,1.117892212658394,1.7411300919842312,0.9408650933527866,False,False,False,False,14.921089086568411
1995-99,NonEvent,SPX Mar-27 seagull 90/75 -115c,spx,True,False,1996-06-28,,hold,-0.8868503653144215,1.0479518970229944,0.0,0.8868503653144215,1.0968975546867523,0.8212877792378449,0.8886710626249548,False,False,False,False,13.416290268836745
1995-99,NonEvent,SPX Mar-27 seagull 90/75 -115c,spx,True,False,1996-06-28,,v4_-22,-0.8868503653144215,1.0479518970229944,0.0,0.8868503653144215,1.0968975546867523,0.8212877792378449,0.8886710626249548,False,False,False,False,13.416290268836745
1995-99,NonEvent,SPX Mar-27 seagull 90/75 -115c,spx,True,False,1996-06-28,,peak_-22,-0.8868503653144215,1.0479518970229944,0.0,0.8868503653144215,1.0968975546867523,0.8212877792378449,0.8886710626249548,False,False,False,False,13.416290268836745
1995-99,NonEvent,SPX Mar-27 seagull 90/75 -115c,spx,True,False,1996-06-28,,tiered,-0.8868503653144215,1.0479518970229944,0.0,0.8868503653144215,1.0968975546867523,0.8212877792378449,0.8886710626249548,False,False,False,False,13.416290268836745
1995-99,NonEvent,SPX Mar-27 seagull 90/75 -115c,spx,True,False,1996-06-28,,IPS,-0.8868503653144215,0.9572779473908212,-11.24962245685426,-0.7901265709105028,1.0968975546867523,0.8212877792378449,0.8886710626249548,False,False,False,False,13.416290268836745
1995-99,NonEvent,SPX Mar-27 seagull 90/75 -115c,spx,True,False,1996-07-31,,hold,-1.4788616894665274,0.5963932237278213,-54.60476315789492,-7.08173961769772,1.0051625028025266,0.9855453350854139,0.37548387372303094,False,False,False,False,17.109707285916578
1995-99,NonEvent,SPX Mar-27 seagull 90/75 -115c,spx,True,False,1996-07-31,,v4_-22,-1.4788616894665274,0.5963932237278213,-54.60476315789492,-7.08173961769772,1.0051625028025266,0.9855453350854139,0.37548387372303094,False,False,False,False,17.109707285916578
1995-99,NonEvent,SPX Mar-27 seagull 90/75 -115c,spx,True,False,1996-07-31,,peak_-22,-1.4788616894665274,0.5963932237278213,-54.60476315789492,-7.08173961769772,1.0051625028025266,0.9855453350854139,0.37548387372303094,False,False,False,False,17.109707285916578
1995-99,NonEvent,SPX Mar-27 seagull 90/75 -115c,spx,True,False,1996-07-31,,tiered,-1.4788616894665274,0.5963932237278213,-54.60476315789492,-7.08173961769772,1.0051625028025266,0.9855453350854139,0.37548387372303094,False,False,False,False,17.109707285916578
1995-99,NonEvent,SPX Mar-27 seagull 90/75 -115c,spx,True,False,1996-07-31,,IPS,-1.4788616894665274,0.7620414953928345,-36.06540600931454,-4.175252420212723,1.0051625028025266,0.9855453350854139,0.37548387372303094,False,False,False,False,17.109707285916578
1995-99,NonEvent,SPX Mar-27 seagull 90/75 -115c,spx,True,False,1996-08-30,,hold,-1.2516089868367308,0.879436546768239,-22.172071182876348,-2.1605025209042603,1.0,0.0,0.4083373045420866,False,False,False,False,15.666311643791628
1995-99,NonEvent,SPX Mar-27 seagull 90/75 -115c,spx,True,False,1996-08-30,,v4_-22,-1.2516089868367308,0.879436546768239,-22.172071182876348,-2.1605025209042603,1.0,0.0,0.4083373045420866,False,False,False,False,15.666311643791628
1995-99,NonEvent,SPX Mar-27 seagull 90/75 -115c,spx,True,False,1996-08-30,,peak_-22,-1.2516089868367308,0.879436546768239,-22.172071182876348,-2.1605025209042603,1.0,0.0,0.4083373045420866,False,False,False,False,15.666311643791628
1995-99,NonEvent,SPX Mar-27 seagull 90/75 -115c,spx,True,False,1996-08-30,,tiered,-1.2516089868367308,0.879436546768239,-22.172071182876348,-2.1605025209042603,1.0,0.0,0.4083373045420866,False,False,False,False,15.666311643791628
1995-99,NonEvent,SPX Mar-27 seagull 90/75 -115c,spx,True,False,1996-08-30,,IPS,-1.2516089868367308,0.6299855891003824,-51.21947504360794,-6.63067493581821,1.0,0.0,0.4083373045420866,False,False,False,False,15.666311643791628
1995-99,NonEvent,SPX Mar-27 seagull 90/75 -115c,spx,True,False,1996-09-30,,hold,-1.196042406125572,0.9895814636145959,-9.491290043289496,-0.18721262749914336,1.0639627049546405,6.898817345597897,0.6225457337840631,False,False,False,False,15.685253206264363
1995-99,NonEvent,SPX Mar-27 seagull 90/75 -115c,spx,True,False,1996-09-30,,v4_-22,-1.196042406125572,0.9895814636145959,-9.491290043289496,-0.18721262749914336,1.0639627049546405,6.898817345597897,0.6225457337840631,False,False,False,False,15.685253206264363
1995-99,NonEvent,SPX Mar-27 seagull 90/75 -115c,spx,True,False,1996-09-30,,peak_-22,-1.196042406125572,0.9895814636145959,-9.491290043289496,-0.18721262749914336,1.0639627049546405,6.898817345597897,0.6225457337840631,False,False,False,False,15.685253206264363
1995-99,NonEvent,SPX Mar-27 seagull 90/75 -115c,spx,True,False,1996-09-30,,tiered,-1.196042406125572,0.9895814636145959,-9.491290043289496,-0.18721262749914336,1.0639627049546405,6.898817345597897,0.6225457337840631,False,False,False,False,15.685253206264363
1995-99,NonEvent,SPX Mar-27 seagull 90/75 -115c,spx,True,False,1996-09-30,,IPS,-1.196042406125572,0.6854497808389757,-46.989719327437804,-5.652211676494751,1.0639627049546405,6.898817345597897,0.6225457337840631,False,False,False,False,15.685253206264363
1995-99,NonEvent,SPX Mar-27 seagull 90/75 -115c,spx,True,False,1996-10-31,,hold,-1.2394961365396393,0.7815369729413828,-36.238384653135654,-3.8971744498671037,1.0649502195633287,5.321944809461235,0.6799936633657926,False,False,False,False,16.476563349453563
1995-99,NonEvent,SPX Mar-27 seagull 90/75 -115c,spx,True,False,1996-10-31,,v4_-22,-1.2394961365396393,0.7815369729413828,-36.238384653135654,-3.8971744498671037,1.0649502195633287,5.321944809461235,0.6799936633657926,False,False,False,False,16.476563349453563
1995-99,NonEvent,SPX Mar-27 seagull 90/75 -115c,spx,True,False,1996-10-31,,peak_-22,-1.2394961365396393,0.7815369729413828,-36.238384653135654,-3.8971744498671037,1.0649502195633287,5.321944809461235,0.6799936633657926,False,False,False,False,16.476563349453563
1995-99,NonEvent,SPX Mar-27 seagull 90/75 -115c,spx,True,False,1996-10-31,,tiered,-1.2394961365396393,0.7815369729413828,-36.238384653135654,-3.8971744498671037,1.0649502195633287,5.321944809461235,0.6799936633657926,False,False,False,False,16.476563349453563
1995-99,NonEvent,SPX Mar-27 seagull 90/75 -115c,spx,True,False,1996-10-31,,IPS,-1.2394961365396393,1.006231397774726,-7.960213972124546,0.1111622617409988,1.0649502195633287,5.321944809461235,0.6799936633657926,False,False,False,False,16.476563349453563
1995-99,NonEvent,SPX Mar-27 seagull 90/75 -115c,spx,True,False,1996-11-29,,hold,-1.089154717375404,0.9124217606711328,-20.1655632060691,-1.5801279726237167,1.0973374074894913,4.369250985545335,0.817427583314105,False,False,False,False,15.900527058859856
1995-99,NonEvent,SPX Mar-27 seagull 90/75 -115c,spx,True,False,1996-11-29,,v4_-22,-1.089154717375404,0.9124217606711328,-20.1655632060691,-1.5801279726237167,1.0973374074894913,4.369250985545335,0.817427583314105,False,False,False,False,15.900527058859856
1995-99,NonEvent,SPX Mar-27 seagull 90/75 -115c,spx,True,False,1996-11-29,,peak_-22,-1.089154717375404,0.9124217606711328,-20.1655632060691,-1.5801279726237167,1.0973374074894913,4.369250985545335,0.817427583314105,False,False,False,False,15.900527058859856
1995-99,NonEvent,SPX Mar-27 seagull 90/75 -115c,spx,True,False,1996-11-29,,tiered,-1.089154717375404,0.9124217606711328,-20.1655632060691,-1.5801279726237167,1.0973374074894913,4.369250985545335,0.817427583314105,False,False,False,False,15.900527058859856
1995-99,NonEvent,SPX Mar-27 seagull 90/75 -115c,spx,True,False,1996-11-29,,IPS,-1.089154717375404,1.0019273293181647,-7.965505261409089,0.0347737861759688,1.0973374074894913,4.369250985545335,0.817427583314105,False,False,False,False,15.900527058859856
1995-99,NonEvent,SPX Mar-27 seagull 90/75 -115c,spx,True,False,1996-12-31,,hold,-1.6159709231258443,0.2840220587207821,-103.1207683982692,-12.369711905633315,1.101976899361992,3.3180026281208934,0.3406879563007509,False,False,False,False,18.33545236682187
1995-99,NonEvent,SPX Mar-27 seagull 90/75 -115c,spx,True,False,1996-12-31,,v4_-22,-1.6159709231258443,0.2840220587207821,-103.1207683982692,-12.369711905633315,1.101976899361992,3.3180026281208934,0.3406879563007509,False,False,False,False,18.33545236682187
1995-99,NonEvent,SPX Mar-27 seagull 90/75 -115c,spx,True,False,1996-12-31,,peak_-22,-1.6159709231258443,0.2840220587207821,-103.1207683982692,-12.369711905633315,1.101976899361992,3.3180026281208934,0.3406879563007509,False,False,False,False,18.33545236682187
1995-99,NonEvent,SPX Mar-27 seagull 90/75 -115c,spx,True,False,1996-12-31,,tiered,-1.6159709231258443,0.2840220587207821,-103.1207683982692,-12.369711905633315,1.101976899361992,3.3180026281208934,0.3406879563007509,False,False,False,False,18.33545236682187
1995-99,NonEvent,SPX Mar-27 seagull 90/75 -115c,spx,True,False,1996-12-31,,IPS,-1.6159709231258443,0.7527536323537741,-43.41083089283114,-4.271592965607033,1.101976899361992,3.3180026281208934,0.3406879563007509,False,False,False,False,18.33545236682187
1995-99,NonEvent,SPX Mar-27 seagull 90/75 -115c,spx,True,False,1997-01-31,,hold,-1.4885765321447968,1.0354191878628194,-6.804785452054072,0.6192351529244613,1.1444977575655817,2.299605781865966,0.5941299500076684,False,False,False,False,17.57080478698371
1995-99,NonEvent,SPX Mar-27 seagull 90/75 -115c,spx,True,False,1997-01-31,,v4_-22,-1.4885765321447968,1.0354191878628194,-6.804785452054072,0.6192351529244613,1.1444977575655817,2.299605781865966,0.5941299500076684,False,False,False,False,17.57080478698371
1995-99,NonEvent,SPX Mar-27 seagull 90/75 -115c,spx,True,False,1997-01-31,,peak_-22,-1.4885765321447968,1.0354191878628194,-6.804785452054072,0.6192351529244613,1.1444977575655817,2.299605781865966,0.5941299500076684,False,False,False,False,17.57080478698371
1995-99,NonEvent,SPX Mar-27 seagull 90/75 -115c,spx,True,False,1997-01-31,,tiered,-1.4885765321447968,1.0354191878628194,-6.804785452054072,0.6192351529244613,1.1444977575655817,2.299605781865966,0.5941299500076684,False,False,False,False,17.57080478698371
1995-99,NonEvent,SPX Mar-27 seagull 90/75 -115c,spx,True,False,1997-01-31,,IPS,-1.4885765321447968,0.7796691469636827,-41.80387931982121,-3.8520535818705977,1.1444977575655817,2.299605781865966,0.5941299500076684,False,False,False,False,17.57080478698371
1995-99,NonEvent,SPX Mar-27 seagull 90/75 -115c,spx,True,False,1997-02-28,,hold,-1.6940844433316822,0.81192218297205,-38.8110260432218,-3.2302648939612957,1.1562595226575707,1.3797634691195795,0.5469682655186139,False,False,False,False,18.588465451412965
1995-99,NonEvent,SPX Mar-27 seagull 90/75 -115c,spx,True,False,1997-02-28,,v4_-22,-1.6940844433316822,0.81192218297205,-38.8110260432218,-3.2302648939612957,1.1562595226575707,1.3797634691195795,0.5469682655186139,False,False,False,False,18.588465451412965
1995-99,NonEvent,SPX Mar-27 seagull 90/75 -115c,spx,True,False,1997-02-28,,peak_-22,-1.6940844433316822,0.81192218297205,-38.8110260432218,-3.2302648939612957,1.1562595226575707,1.3797634691195795,0.5469682655186139,False,False,False,False,18.588465451412965
1995-99,NonEvent,SPX Mar-27 seagull 90/75 -115c,spx,True,False,1997-02-28,,tiered,-1.6940844433316822,0.81192218297205,-38.8110260432218,-3.2302648939612957,1.1562595226575707,1.3797634691195795,0.5469682655186139,False,False,False,False,18.588465451412965
1995-99,NonEvent,SPX Mar-27 seagull 90/75 -115c,spx,True,False,1997-02-28,,IPS,-1.6940844433316822,0.5469682655186139,-74.67654977322924,-7.780888415607994,1.1562595226575707,1.3797634691195795,0.5469682655186139,False,False,False,False,18.588465451412965
1995-99,NonEvent,SPX Mar-27 seagull 90/75 -115c,spx,True,False,1997-03-31,,hold,-1.9636319526505785,0.6824899576075608,-54.86501086956639,-5.347267550926108,1.0764110905289632,0.36136662286465177,0.1516362555596421,False,False,False,False,19.257949009658255
1995-99,NonEvent,SPX Mar-27 seagull 90/75 -115c,spx,True,False,1997-03-31,,v4_-22,-1.9636319526505785,0.6824899576075608,-54.86501086956639,-5.347267550926108,1.0764110905289632,0.36136662286465177,0.1516362555596421,False,False,False,False,19.257949009658255
1995-99,NonEvent,SPX Mar-27 seagull 90/75 -115c,spx,True,False,1997-03-31,,peak_-22,-1.9636319526505785,0.6824899576075608,-54.86501086956639,-5.347267550926108,1.0764110905289632,0.36136662286465177,0.1516362555596421,False,False,False,False,19.257949009658255
1995-99,NonEvent,SPX Mar-27 seagull 90/75 -115c,spx,True,False,1997-03-31,,tiered,-1.9636319526505785,0.6824899576075608,-54.86501086956639,-5.347267550926108,1.0764110905289632,0.36136662286465177,0.1516362555596421,False,False,False,False,19.257949009658255
1995-99,NonEvent,SPX Mar-27 seagull 90/75 -115c,spx,True,False,1997-03-31,,IPS,-1.9636319526505785,0.4007527232894389,-90.47266404133977,-10.092076123295325,1.0764110905289632,0.36136662286465177,0.1516362555596421,False,False,False,False,19.257949009658255
1995-99,NonEvent,SPX Mar-27 seagull 90/75 -115c,spx,True,False,1997-04-30,,hold,-1.693981196455793,0.855022587998586,-33.47554387739303,-2.4979501018557766,1.0122617386003536,5.913272010512483,0.4481183921114432,False,False,False,False,18.05202915856649
1995-99,NonEvent,SPX Mar-27 seagull 90/75 -115c,spx,True,False,1997-04-30,,v4_-22,-1.693981196455793,0.855022587998586,-33.47554387739303,-2.4979501018557766,1.0122617386003536,5.913272010512483,0.4481183921114432,False,False,False,False,18.05202915856649
1995-99,NonEvent,SPX Mar-27 seagull 90/75 -115c,spx,True,False,1997-04-30,,peak_-22,-1.693981196455793,0.855022587998586,-33.47554387739303,-2.4979501018557766,1.0122617386003536,5.913272010512483,0.4481183921114432,False,False,False,False,18.05202915856649
1995-99,NonEvent,SPX Mar-27 seagull 90/75 -115c,spx,True,False,1997-04-30,,tiered,-1.693981196455793,0.855022587998586,-33.47554387739303,-2.4979501018557766,1.0122617386003536,5.913272010512483,0.4481183921114432,False,False,False,False,18.05202915856649
1995-99,NonEvent,SPX Mar-27 seagull 90/75 -115c,spx,True,False,1997-04-30,,IPS,-1.693981196455793,0.526762258947729,-78.64192572102208,-8.153851328591717,1.0122617386003536,5.913272010512483,0.4481183921114432,False,False,False,False,18.05202915856649
1995-99,NonEvent,SPX Mar-27 seagull 90/75 -115c,spx,True,False,1997-05-30,,hold,-1.569727655506867,1.0902100615661081,0.0,1.569727655506867,1.0902100615661081,7.030223390275952,0.6750893122037875,False,False,False,False,17.567957611455945
1995-99,NonEvent,SPX Mar-27 seagull 90/75 -115c,spx,True,False,1997-05-30,,v4_-22,-1.569727655506867,1.0902100615661081,0.0,1.569727655506867,1.0902100615661081,7.030223390275952,0.6750893122037875,False,False,False,False,17.567957611455945
1995-99,NonEvent,SPX Mar-27 seagull 90/75 -115c,spx,True,False,1997-05-30,,peak_-22,-1.569727655506867,1.0902100615661081,0.0,1.569727655506867,1.0902100615661081,7.030223390275952,0.6750893122037875,False,False,False,False,17.567957611455945
1995-99,NonEvent,SPX Mar-27 seagull 90/75 -115c,spx,True,False,1997-05-30,,tiered,-1.569727655506867,1.0902100615661081,0.0,1.569727655506867,1.0902100615661081,7.030223390275952,0.6750893122037875,False,False,False,False,17.567957611455945
1995-99,NonEvent,SPX Mar-27 seagull 90/75 -115c,spx,True,False,1997-05-30,,IPS,-1.569727655506867,0.9127883977796692,-26.156815592701726,-1.517552050288703,1.0902100615661081,7.030223390275952,0.6750893122037875,False,False,False,False,17.567957611455945
1995-99,NonEvent,SPX Mar-27 seagull 90/75 -115c,spx,True,False,1997-06-30,,hold,-1.84957838057769,1.1090364547703622,0.0,1.84957838057769,1.1260417849724922,3.9093298291721417,0.7912816644265104,False,False,False,False,19.103961520677174
1995-99,NonEvent,SPX Mar-27 seagull 90/75 -115c,spx,True,False,1997-06-30,,v4_-22,-1.84957838057769,1.1090364547703622,0.0,1.84957838057769,1.1260417849724922,3.9093298291721417,0.7912816644265104,False,False,False,False,19.103961520677174
1995-99,NonEvent,SPX Mar-27 seagull 90/75 -115c,spx,True,False,1997-06-30,,peak_-22,-1.84957838057769,1.1090364547703622,0.0,1.84957838057769,1.1260417849724922,3.9093298291721417,0.7912816644265104,False,False,False,False,19.103961520677174
1995-99,NonEvent,SPX Mar-27 seagull 90/75 -115c,spx,True,False,1997-06-30,,tiered,-1.84957838057769,1.1090364547703622,0.0,1.84957838057769,1.1260417849724922,3.9093298291721417,0.7912816644265104,False,False,False,False,19.103961520677174
1995-99,NonEvent,SPX Mar-27 seagull 90/75 -115c,spx,True,False,1997-06-30,,IPS,-1.84957838057769,0.9410351362679961,-25.1053284233957,-1.0002171971026739,1.1260417849724922,3.9093298291721417,0.7912816644265104,False,False,False,False,19.103961520677174
1995-99,NonEvent,SPX Mar-27 seagull 90/75 -115c,spx,True,False,1997-07-31,,hold,-1.7217350235125883,1.1008363397066083,-4.560967690240788e-07,1.7217349755554763,1.2158161323404506,2.890932982917214,0.9873205278003462,False,False,False,False,19.206405409213666
1995-99,NonEvent,SPX Mar-27 seagull 90/75 -115c,spx,True,False,1997-07-31,,v4_-22,-1.7217350235125883,1.1008363397066083,-4.560967690240788e-07,1.7217349755554763,1.2158161323404506,2.890932982917214,0.9873205278003462,False,False,False,False,19.206405409213666
1995-99,NonEvent,SPX Mar-27 seagull 90/75 -115c,spx,True,False,1997-07-31,,peak_-22,-1.7217350235125883,1.1008363397066083,-4.560967690240788e-07,1.7217349755554763,1.2158161323404506,2.890932982917214,0.9873205278003462,False,False,False,False,19.206405409213666
1995-99,NonEvent,SPX Mar-27 seagull 90/75 -115c,spx,True,False,1997-07-31,,tiered,-1.7217350235125883,1.1008363397066083,-4.560967690240788e-07,1.7217349755554763,1.2158161323404506,2.890932982917214,0.9873205278003462,False,False,False,False,19.206405409213666
1995-99,NonEvent,SPX Mar-27 seagull 90/75 -115c,spx,True,False,1997-07-31,,IPS,-1.7217350235125883,1.1137463102550278,2.096420311683205,1.9421668941601944,1.2158161323404506,2.890932982917214,0.9873205278003462,False,False,False,False,19.206405409213666
1995-99,NonEvent,SPX Mar-27 seagull 90/75 -115c,spx,True,False,1997-08-29,,hold,-2.201917738737832,0.7214729738549512,-60.881938755338716,-4.563175232093175,1.1321042488656068,1.938239159001314,0.6819068326267641,False,False,False,False,21.32629995909386
1995-99,NonEvent,SPX Mar-27 seagull 90/75 -115c,spx,True,False,1997-08-29,,v4_-22,-2.201917738737832,0.7214729738549512,-60.881938755338716,-4.563175232093175,1.1321042488656068,1.938239159001314,0.6819068326267641,False,False,False,False,21.32629995909386
1995-99,NonEvent,SPX Mar-27 seagull 90/75 -115c,spx,True,False,1997-08-29,,peak_-22,-2.201917738737832,0.7214729738549512,-60.881938755338716,-4.563175232093175,1.1321042488656068,1.938239159001314,0.6819068326267641,False,False,False,False,21.32629995909386
1995-99,NonEvent,SPX Mar-27 seagull 90/75 -115c,spx,True,False,1997-08-29,,tiered,-2.201917738737832,0.7214729738549512,-60.881938755338716,-4.563175232093175,1.1321042488656068,1.938239159001314,0.6819068326267641,False,False,False,False,21.32629995909386
1995-99,NonEvent,SPX Mar-27 seagull 90/75 -115c,spx,True,False,1997-08-29,,IPS,-2.201917738737832,0.978681225678338,-22.959225124269118,-0.34927060511725894,1.1321042488656068,1.938239159001314,0.6819068326267641,False,False,False,False,21.32629995909386
1995-99,NonEvent,SPX Mar-27 seagull 90/75 -115c,spx,True,False,1997-09-30,,hold,-1.9732523081293947,0.9683838050331574,-23.663428571428312,-0.5283787570165281,1.1804325033887646,0.8869908015768725,0.7628696055589417,False,False,False,False,20.316918055201644
1995-99,NonEvent,SPX Mar-27 seagull 90/75 -115c,spx,True,False,1997-09-30,,v4_-22,-1.9732523081293947,0.9683838050331574,-23.663428571428312,-0.5283787570165281,1.1804325033887646,0.8869908015768725,0.7628696055589417,False,False,False,False,20.316918055201644
1995-99,NonEvent,SPX Mar-27 seagull 90/75 -115c,spx,True,False,1997-09-30,,peak_-22,-1.9732523081293947,0.9683838050331574,-23.663428571428312,-0.5283787570165281,1.1804325033887646,0.8869908015768725,0.7628696055589417,False,False,False,False,20.316918055201644
1995-99,NonEvent,SPX Mar-27 seagull 90/75 -115c,spx,True,False,1997-09-30,,tiered,-1.9732523081293947,0.9683838050331574,-23.663428571428312,-0.5283787570165281,1.1804325033887646,0.8869908015768725,0.7628696055589417,False,False,False,False,20.316918055201644
1995-99,NonEvent,SPX Mar-27 seagull 90/75 -115c,spx,True,False,1997-09-30,,IPS,-1.9732523081293947,0.9822805476412496,-21.466564584473446,-0.29613247964054845,1.1804325033887646,0.8869908015768725,0.7628696055589417,False,False,False,False,20.316918055201644
1995-99,NonEvent,SPX Mar-27 seagull 90/75 -115c,spx,True,False,1997-10-31,,hold,-3.229539102527205,0.9805854119016361,-32.26836549987498,-0.2859612993741548,1.140286009889226,2.299605781865966,0.4982956097073725,False,False,False,False,27.331303174985454
1995-99,NonEvent,SPX Mar-27 seagull 90/75 -115c,spx,True,False,1997-10-31,,v4_-22,-3.229539102527205,0.9805854119016361,-32.26836549987498,-0.2859612993741548,1.140286009889226,2.299605781865966,0.4982956097073725,False,False,False,False,27.331303174985454
1995-99,NonEvent,SPX Mar-27 seagull 90/75 -115c,spx,True,False,1997-10-31,,peak_-22,-3.229539102527205,0.9805854119016361,-32.26836549987498,-0.2859612993741548,1.140286009889226,2.299605781865966,0.4982956097073725,False,False,False,False,27.331303174985454
1995-99,NonEvent,SPX Mar-27 seagull 90/75 -115c,spx,True,False,1997-10-31,,tiered,-3.229539102527205,0.9805854119016361,-32.26836549987498,-0.2859612993741548,1.140286009889226,2.299605781865966,0.4982956097073725,False,False,False,False,27.331303174985454
1995-99,NonEvent,SPX Mar-27 seagull 90/75 -115c,spx,True,False,1997-10-31,,IPS,-3.229539102527205,0.6405136093086117,-78.24524795939212,-5.294945989510699,1.140286009889226,2.299605781865966,0.4982956097073725,False,False,False,False,27.331303174985454
1995-99,NonEvent,SPX Mar-27 seagull 90/75 -115c,spx,True,False,1997-11-28,,hold,-2.428167211796805,0.8700938690111315,-42.79494281961753,-2.073625599170512,1.128123016086148,1.3797634691195795,0.6068140857310977,False,False,False,False,23.100420001326953
1995-99,NonEvent,SPX Mar-27 seagull 90/75 -115c,spx,True,False,1997-11-28,,v4_-22,-2.428167211796805,0.8700938690111315,-42.79494281961753,-2.073625599170512,1.128123016086148,1.3797634691195795,0.6068140857310977,False,False,False,False,23.100420001326953
1995-99,NonEvent,SPX Mar-27 seagull 90/75 -115c,spx,True,False,1997-11-28,,peak_-22,-2.428167211796805,0.8700938690111315,-42.79494281961753,-2.073625599170512,1.128123016086148,1.3797634691195795,0.6068140857310977,False,False,False,False,23.100420001326953
1995-99,NonEvent,SPX Mar-27 seagull 90/75 -115c,spx,True,False,1997-11-28,,tiered,-2.428167211796805,0.8700938690111315,-42.79494281961753,-2.073625599170512,1.128123016086148,1.3797634691195795,0.6068140857310977,False,False,False,False,23.100420001326953
1995-99,NonEvent,SPX Mar-27 seagull 90/75 -115c,spx,True,False,1997-11-28,,IPS,-2.428167211796805,0.8147823634911294,-51.18805686093049,-2.9565350731257154,1.128123016086148,1.3797634691195795,0.6068140857310977,False,False,False,False,23.100420001326953
1995-99,NonEvent,SPX Mar-27 seagull 90/75 -115c,spx,True,False,1997-12-31,,hold,-2.049967106553812,1.1093689206450046,-2.340409090909361,1.8081386620166582,1.1103928443938367,6.964520367936925,0.6035577666688847,False,False,False,False,21.223720529237383
1995-99,NonEvent,SPX Mar-27 seagull 90/75 -115c,spx,True,False,1997-12-31,,v4_-22,-2.049967106553812,1.1093689206450046,-2.340409090909361,1.8081386620166582,1.1103928443938367,6.964520367936925,0.6035577666688847,False,False,False,False,21.223720529237383
1995-99,NonEvent,SPX Mar-27 seagull 90/75 -115c,spx,True,False,1997-12-31,,peak_-22,-2.049967106553812,1.1093689206450046,-2.340409090909361,1.8081386620166582,1.1103928443938367,6.964520367936925,0.6035577666688847,False,False,False,False,21.223720529237383
1995-99,NonEvent,SPX Mar-27 seagull 90/75 -115c,spx,True,False,1997-12-31,,tiered,-2.049967106553812,1.1093689206450046,-2.340409090909361,1.8081386620166582,1.1103928443938367,6.964520367936925,0.6035577666688847,False,False,False,False,21.223720529237383
1995-99,NonEvent,SPX Mar-27 seagull 90/75 -115c,spx,True,False,1997-12-31,,IPS,-2.049967106553812,0.8412803384412963,-45.234801273138466,-2.62402842410788,1.1103928443938367,6.964520367936925,0.6035577666688847,False,False,False,False,21.223720529237383
1995-99,NonEvent,SPX Mar-27 seagull 90/75 -115c,spx,True,False,1998-01-30,,hold,-1.7398255180131814,1.1024360900096482,-0.0006208361857255471,1.739762283710978,1.1024363506333157,6.898817345597897,0.5954344447489686,False,False,False,False,19.811847646523603
1995-99,NonEvent,SPX Mar-27 seagull 90/75 -115c,spx,True,False,1998-01-30,,v4_-22,-1.7398255180131814,1.1024360900096482,-0.0006208361857255471,1.739762283710978,1.1024363506333157,6.898817345597897,0.5954344447489686,False,False,False,False,19.811847646523603
1995-99,NonEvent,SPX Mar-27 seagull 90/75 -115c,spx,True,False,1998-01-30,,peak_-22,-1.7398255180131814,1.1024360900096482,-0.0006208361857255471,1.739762283710978,1.1024363506333157,6.898817345597897,0.5954344447489686,False,False,False,False,19.811847646523603
1995-99,NonEvent,SPX Mar-27 seagull 90/75 -115c,spx,True,False,1998-01-30,,tiered,-1.7398255180131814,1.1024360900096482,-0.0006208361857255471,1.739762283710978,1.1024363506333157,6.898817345597897,0.5954344447489686,False,False,False,False,19.811847646523603
1995-99,NonEvent,SPX Mar-27 seagull 90/75 -115c,spx,True,False,1998-01-30,,IPS,-1.7398255180131814,0.6979552235354892,-67.44708588221454,-5.129892306855671,1.1024363506333157,6.898817345597897,0.5954344447489686,False,False,False,False,19.811847646523603
1995-99,NonEvent,SPX Mar-27 seagull 90/75 -115c,spx,True,False,1998-02-27,,hold,-1.4664297103008517,1.08410018582057,0.009173768220597697,1.4673059473330712,1.2387375059554295,6.077529566360052,0.808811796731494,False,False,False,False,18.02594197112353
1995-99,NonEvent,SPX Mar-27 seagull 90/75 -115c,spx,True,False,1998-02-27,,v4_-22,-1.4664297103008517,1.08410018582057,0.009173768220597697,1.4673059473330712,1.2387375059554295,6.077529566360052,0.808811796731494,False,False,False,False,18.02594197112353
1995-99,NonEvent,SPX Mar-27 seagull 90/75 -115c,spx,True,False,1998-02-27,,peak_-22,-1.4664297103008517,1.08410018582057,0.009173768220597697,1.4673059473330712,1.2387375059554295,6.077529566360052,0.808811796731494,False,False,False,False,18.02594197112353
1995-99,NonEvent,SPX Mar-27 seagull 90/75 -115c,spx,True,False,1998-02-27,,tiered,-1.4664297103008517,1.08410018582057,0.009173768220597697,1.4673059473330712,1.2387375059554295,6.077529566360052,0.808811796731494,False,False,False,False,18.02594197112353
1995-99,NonEvent,SPX Mar-27 seagull 90/75 -115c,spx,True,False,1998-02-27,,IPS,-1.4664297103008517,1.0590077694893703,-4.574274845561125,1.0295155743809852,1.2387375059554295,6.077529566360052,0.808811796731494,False,False,False,False,18.02594197112353
1995-99,NonEvent,SPX Mar-27 seagull 90/75 -115c,spx,True,False,1998-03-31,,hold,-2.210506921356703,1.1355652055346517,2.2537007836475492e-07,2.210506941881226,1.3884366534883057,5.026281208935611,0.9462730901787776,False,False,False,False,21.807503840592545
1995-99,NonEvent,SPX Mar-27 seagull 90/75 -115c,spx,True,False,1998-03-31,,v4_-22,-2.210506921356703,1.1355652055346517,2.2537007836475492e-07,2.210506941881226,1.3884366534883057,5.026281208935611,0.9462730901787776,False,False,False,False,21.807503840592545
1995-99,NonEvent,SPX Mar-27 seagull 90/75 -115c,spx,True,False,1998-03-31,,peak_-22,-2.210506921356703,1.1355652055346517,2.2537007836475492e-07,2.210506941881226,1.3884366534883057,5.026281208935611,0.9462730901787776,False,False,False,False,21.807503840592545
1995-99,NonEvent,SPX Mar-27 seagull 90/75 -115c,spx,True,False,1998-03-31,,tiered,-2.210506921356703,1.2620009295114785,22.63792648351567,4.272149857187507,1.3884366534883057,5.026281208935611,0.9462730901787776,False,False,False,False,21.807503840592545
1995-99,NonEvent,SPX Mar-27 seagull 90/75 -115c,spx,True,False,1998-03-31,,IPS,-2.210506921356703,1.2592479864557204,22.145020523641968,4.227260759639528,1.3884366534883057,5.026281208935611,0.9462730901787776,False,False,False,False,21.807503840592545
1995-99,NonEvent,SPX Mar-27 seagull 90/75 -115c,spx,True,False,1998-04-30,,hold,-1.9172828423857244,1.1142933710151919,0.0,1.9172828423857244,1.3702812218306355,5.289093298291721,0.9689157119242262,False,False,False,False,20.121495719675746
1995-99,NonEvent,SPX Mar-27 seagull 90/75 -115c,spx,True,False,1998-04-30,,v4_-22,-1.9172828423857244,1.1142933710151919,0.0,1.9172828423857244,1.3702812218306355,5.289093298291721,0.9689157119242262,False,False,False,False,20.121495719675746
1995-99,NonEvent,SPX Mar-27 seagull 90/75 -115c,spx,True,False,1998-04-30,,peak_-22,-1.9172828423857244,1.1142933710151919,0.0,1.9172828423857244,1.3702812218306355,5.289093298291721,0.9689157119242262,False,False,False,False,20.121495719675746
1995-99,NonEvent,SPX Mar-27 seagull 90/75 -115c,spx,True,False,1998-04-30,,tiered,-1.9172828423857244,1.237129273175456,22.902809814534415,3.9778675075238423,1.3702812218306355,5.289093298291721,0.9689157119242262,False,False,False,False,20.121495719675746
1995-99,NonEvent,SPX Mar-27 seagull 90/75 -115c,spx,True,False,1998-04-30,,IPS,-1.9172828423857244,1.3702812218306355,47.72905118902667,6.211504894532644,1.3702812218306355,5.289093298291721,0.9689157119242262,False,False,False,False,20.121495719675746
1995-99,NonEvent,SPX Mar-27 seagull 90/75 -115c,spx,True,False,1998-05-29,,hold,-1.9536108563319328,1.1169114897592598,0.0,1.9536108563319328,1.3142912515390694,4.336399474375821,0.8405229371992179,False,False,False,False,20.381690530040437
1995-99,NonEvent,SPX Mar-27 seagull 90/75 -115c,spx,True,False,1998-05-29,,v4_-22,-1.9536108563319328,1.1169114897592598,0.0,1.9536108563319328,1.3142912515390694,4.336399474375821,0.8405229371992179,False,False,False,False,20.381690530040437
1995-99,NonEvent,SPX Mar-27 seagull 90/75 -115c,spx,True,False,1998-05-29,,peak_-22,-1.9536108563319328,1.1169114897592598,0.0,1.9536108563319328,1.3142912515390694,4.336399474375821,0.8405229371992179,False,False,False,False,20.381690530040437
1995-99,NonEvent,SPX Mar-27 seagull 90/75 -115c,spx,True,False,1998-05-29,,tiered,-1.9536108563319328,1.206098794872415,16.195619703970813,3.4439458770799534,1.3142912515390694,4.336399474375821,0.8405229371992179,False,False,False,False,20.381690530040437
1995-99,NonEvent,SPX Mar-27 seagull 90/75 -115c,spx,True,False,1998-05-29,,IPS,-1.9536108563319328,1.0801280247183862,-6.679549409419515,1.3389529062422567,1.3142912515390694,4.336399474375821,0.8405229371992179,False,False,False,False,20.381690530040437
1995-99,NonEvent,SPX Mar-27 seagull 90/75 -115c,spx,True,False,1998-06-30,,hold,-1.7621922618903787,1.1010430395523114,-0.5026982425534641,1.7177274769934527,1.3382899239788373,3.2851511169513796,0.912752789868107,False,False,False,False,19.420189880246905
1995-99,NonEvent,SPX Mar-27 seagull 90/75 -115c,spx,True,False,1998-06-30,,v4_-22,-1.7621922618903787,1.1010430395523114,-0.5026982425534641,1.7177274769934527,1.3382899239788373,3.2851511169513796,0.912752789868107,False,False,False,False,19.420189880246905
1995-99,NonEvent,SPX Mar-27 seagull 90/75 -115c,spx,True,False,1998-06-30,,peak_-22,-1.7621922618903787,1.1010430395523114,-0.5026982425534641,1.7177274769934527,1.3382899239788373,3.2851511169513796,0.912752789868107,False,False,False,False,19.420189880246905
1995-99,NonEvent,SPX Mar-27 seagull 90/75 -115c,spx,True,False,1998-06-30,,tiered,-1.7621922618903787,1.2094341160313824,20.32937823963461,3.5603712766448607,1.3382899239788373,3.2851511169513796,0.912752789868107,False,False,False,False,19.420189880246905
1995-99,NonEvent,SPX Mar-27 seagull 90/75 -115c,spx,True,False,1998-06-30,,IPS,-1.7621922618903787,1.0787201961690218,-4.793006963220039,1.3382400663416134,1.3382899239788373,3.2851511169513796,0.912752789868107,False,False,False,False,19.420189880246905
1995-99,NonEvent,SPX Mar-27 seagull 90/75 -115c,spx,True,False,1998-07-31,,hold,-2.321258640982679,1.1431514062944022,-0.18219566156980455,2.30492272477151,1.333420433996312,2.266754270696452,0.8656081736660186,False,False,False,False,22.739364972256485
1995-99,NonEvent,SPX Mar-27 seagull 90/75 -115c,spx,True,False,1998-07-31,,v4_-22,-2.321258640982679,1.1431514062944022,-0.18219566156980455,2.30492272477151,1.333420433996312,2.266754270696452,0.8656081736660186,False,False,False,False,22.739364972256485
1995-99,NonEvent,SPX Mar-27 seagull 90/75 -115c,spx,True,False,1998-07-31,,peak_-22,-2.321258640982679,1.1431514062944022,-0.18219566156980455,2.30492272477151,1.333420433996312,2.266754270696452,0.8656081736660186,False,False,False,False,22.739364972256485
1995-99,NonEvent,SPX Mar-27 seagull 90/75 -115c,spx,True,False,1998-07-31,,tiered,-2.321258640982679,1.2275507583201843,14.974146372023688,3.6638614140648675,1.333420433996312,2.266754270696452,0.8656081736660186,False,False,False,False,22.739364972256485
1995-99,NonEvent,SPX Mar-27 seagull 90/75 -115c,spx,True,False,1998-07-31,,IPS,-2.321258640982679,0.8830567466910451,-46.88970617486534,-1.882937576639523,1.333420433996312,2.266754270696452,0.8656081736660186,False,False,False,False,22.739364972256485
1995-99,NonEvent,SPX Mar-27 seagull 90/75 -115c,spx,True,False,1998-08-31,,hold,-4.4703249090728185,-0.1778320473207029,-186.23721739130428,-15.110507939705919,1.0351860550452916,1.2483574244415243,-0.39845572280570907,False,False,False,False,33.97487012746204
1995-99,NonEvent,SPX Mar-27 seagull 90/75 -115c,spx,True,False,1998-08-31,,v4_-22,-4.4703249090728185,-0.1778320473207029,-186.23721739130428,-15.110507939705919,1.0351860550452916,1.2483574244415243,-0.39845572280570907,False,False,False,False,33.97487012746204
1995-99,NonEvent,SPX Mar-27 seagull 90/75 -115c,spx,True,False,1998-08-31,,peak_-22,-4.4703249090728185,-0.1778320473207029,-186.23721739130428,-15.110507939705919,1.0351860550452916,1.2483574244415243,-0.39845572280570907,False,False,False,False,33.97487012746204
1995-99,NonEvent,SPX Mar-27 seagull 90/75 -115c,spx,True,False,1998-08-31,,tiered,-4.4703249090728185,-0.1778320473207029,-186.23721739130428,-15.110507939705919,1.0351860550452916,1.2483574244415243,-0.39845572280570907,False,False,False,False,33.97487012746204
1995-99,NonEvent,SPX Mar-27 seagull 90/75 -115c,spx,True,False,1998-08-31,,IPS,-4.4703249090728185,-0.026895379044813428,-167.8199255509044,-13.174128530125644,1.0351860550452916,1.2483574244415243,-0.39845572280570907,False,False,False,False,33.97487012746204
1995-99,NonEvent,SPX Mar-27 seagull 90/75 -115c,spx,True,False,1998-09-30,,hold,-3.909157053379108,0.13662090290718998,-158.28661904761952,-11.673638026536223,1.1718281792054657,0.2628120893561104,-0.07877292194412733,False,False,False,False,32.307481410176976
1995-99,NonEvent,SPX Mar-27 seagull 90/75 -115c,spx,True,False,1998-09-30,,v4_-22,-3.909157053379108,0.13662090290718998,-158.28661904761952,-11.673638026536223,1.1718281792054657,0.2628120893561104,-0.07877292194412733,False,False,False,False,32.307481410176976
1995-99,NonEvent,SPX Mar-27 seagull 90/75 -115c,spx,True,False,1998-09-30,,peak_-22,-3.909157053379108,0.13662090290718998,-158.28661904761952,-11.673638026536223,1.1718281792054657,0.2628120893561104,-0.07877292194412733,False,False,False,False,32.307481410176976
1995-99,NonEvent,SPX Mar-27 seagull 90/75 -115c,spx,True,False,1998-09-30,,tiered,-3.909157053379108,0.13662090290718998,-158.28661904761952,-11.673638026536223,1.1718281792054657,0.2628120893561104,-0.07877292194412733,False,False,False,False,32.307481410176976
1995-99,NonEvent,SPX Mar-27 seagull 90/75 -115c,spx,True,False,1998-09-30,,IPS,-3.909157053379108,0.28817528396673986,-137.47182916279485,-9.624490680043605,1.1718281792054657,0.2628120893561104,-0.07877292194412733,False,False,False,False,32.307481410176976
1995-99,NonEvent,SPX Mar-27 seagull 90/75 -115c,spx,True,False,1998-10-30,,hold,-2.5057949306617506,0.9656873403827083,-33.386311476680895,-0.5371403629974162,1.0149437131134882,6.865965834428383,0.4407317513843635,False,False,False,False,25.018596346306904
1995-99,NonEvent,SPX Mar-27 seagull 90/75 -115c,spx,True,False,1998-10-30,,v4_-22,-2.5057949306617506,0.9656873403827083,-33.386311476680895,-0.5371403629974162,1.0149437131134882,6.865965834428383,0.4407317513843635,False,False,False,False,25.018596346306904
1995-99,NonEvent,SPX Mar-27 seagull 90/75 -115c,spx,True,False,1998-10-30,,peak_-22,-2.5057949306617506,0.9656873403827083,-33.386311476680895,-0.5371403629974162,1.0149437131134882,6.865965834428383,0.4407317513843635,False,False,False,False,25.018596346306904
1995-99,NonEvent,SPX Mar-27 seagull 90/75 -115c,spx,True,False,1998-10-30,,tiered,-2.5057949306617506,0.9656873403827083,-33.386311476680895,-0.5371403629974162,1.0149437131134882,6.865965834428383,0.4407317513843635,False,False,False,False,25.018596346306904
1995-99,NonEvent,SPX Mar-27 seagull 90/75 -115c,spx,True,False,1998-10-30,,IPS,-2.5057949306617506,0.5764961009336685,-100.23181292351542,-6.62965332948638,1.0149437131134882,6.865965834428383,0.4407317513843635,False,False,False,False,25.018596346306904
1995-99,NonEvent,SPX Mar-27 seagull 90/75 -115c,spx,True,False,1998-11-30,,hold,-2.3294622713142794,0.9488838692960756,-36.4142272727272,-0.8156873044055991,1.1093049570250175,6.800262812089356,0.6572752145720087,False,False,False,False,23.842325440961545
1995-99,NonEvent,SPX Mar-27 seagull 90/75 -115c,spx,True,False,1998-11-30,,v4_-22,-2.3294622713142794,0.9488838692960756,-36.4142272727272,-0.8156873044055991,1.1093049570250175,6.800262812089356,0.6572752145720087,False,False,False,False,23.842325440961545
1995-99,NonEvent,SPX Mar-27 seagull 90/75 -115c,spx,True,False,1998-11-30,,peak_-22,-2.3294622713142794,0.9488838692960756,-36.4142272727272,-0.8156873044055991,1.1093049570250175,6.800262812089356,0.6572752145720087,False,False,False,False,23.842325440961545
1995-99,NonEvent,SPX Mar-27 seagull 90/75 -115c,spx,True,False,1998-11-30,,tiered,-2.3294622713142794,0.9488838692960756,-36.4142272727272,-0.8156873044055991,1.1093049570250175,6.800262812089356,0.6572752145720087,False,False,False,False,23.842325440961545
1995-99,NonEvent,SPX Mar-27 seagull 90/75 -115c,spx,True,False,1998-11-30,,IPS,-2.3294622713142794,0.7846027016467729,-66.7659472010255,-3.4372093358878435,1.1093049570250175,6.800262812089356,0.6572752145720087,False,False,False,False,23.842325440961545
1995-99,NonEvent,SPX Mar-27 seagull 90/75 -115c,spx,True,False,1998-12-31,,hold,-2.203276271499604,1.1361592235685465,-9.244648547763696e-10,2.2032762714245795,1.136159223568871,6.931668856767411,0.8650711789153642,False,False,False,False,22.93375172574342
1995-99,NonEvent,SPX Mar-27 seagull 90/75 -115c,spx,True,False,1998-12-31,,v4_-22,-2.203276271499604,1.1361592235685465,-9.244648547763696e-10,2.2032762714245795,1.136159223568871,6.931668856767411,0.8650711789153642,False,False,False,False,22.93375172574342
1995-99,NonEvent,SPX Mar-27 seagull 90/75 -115c,spx,True,False,1998-12-31,,peak_-22,-2.203276271499604,1.1361592235685465,-9.244648547763696e-10,2.2032762714245795,1.136159223568871,6.931668856767411,0.8650711789153642,False,False,False,False,22.93375172574342
1995-99,NonEvent,SPX Mar-27 seagull 90/75 -115c,spx,True,False,1998-12-31,,tiered,-2.203276271499604,1.1361592235685465,-9.244648547763696e-10,2.2032762714245795,1.136159223568871,6.931668856767411,0.8650711789153642,False,False,False,False,22.93375172574342
1995-99,NonEvent,SPX Mar-27 seagull 90/75 -115c,spx,True,False,1998-12-31,,IPS,-2.203276271499604,1.0630246889724555,-14.582446901219697,1.0198413158328505,1.136159223568871,6.931668856767411,0.8650711789153642,False,False,False,False,22.93375172574342
1995-99,NonEvent,SPX Mar-27 seagull 90/75 -115c,spx,True,False,1999-01-29,,hold,-2.422050510481833,1.1529884545953377,9.342129887597087e-09,2.4220505112150232,1.1669143157931423,6.340341655716163,0.9369000400894697,False,False,False,False,24.17696826328074
1995-99,NonEvent,SPX Mar-27 seagull 90/75 -115c,spx,True,False,1999-01-29,,v4_-22,-2.422050510481833,1.1529884545953377,9.342129887597087e-09,2.4220505112150232,1.1669143157931423,6.340341655716163,0.9369000400894697,False,False,False,False,24.17696826328074
1995-99,NonEvent,SPX Mar-27 seagull 90/75 -115c,spx,True,False,1999-01-29,,peak_-22,-2.422050510481833,1.1529884545953377,9.342129887597087e-09,2.4220505112150232,1.1669143157931423,6.340341655716163,0.9369000400894697,False,False,False,False,24.17696826328074
1995-99,NonEvent,SPX Mar-27 seagull 90/75 -115c,spx,True,False,1999-01-29,,tiered,-2.422050510481833,1.1529884545953377,9.342129887597087e-09,2.4220505112150232,1.1669143157931423,6.340341655716163,0.9369000400894697,False,False,False,False,24.17696826328074
1995-99,NonEvent,SPX Mar-27 seagull 90/75 -115c,spx,True,False,1999-01-29,,IPS,-2.422050510481833,1.0459607872063492,-21.589857104543974,0.7276323461363704,1.1669143157931423,6.340341655716163,0.9369000400894697,False,False,False,False,24.17696826328074
1995-99,NonEvent,SPX Mar-27 seagull 90/75 -115c,spx,True,False,1999-02-26,,hold,-2.8127168719031808,1.1832322118835155,1.4465873222673287e-05,2.812718045854516,1.1832358921903228,6.865965834428383,0.7578877944546317,False,False,False,False,25.260572068422682
1995-99,NonEvent,SPX Mar-27 seagull 90/75 -115c,spx,True,False,1999-02-26,,v4_-22,-2.8127168719031808,1.1832322118835155,1.4465873222673287e-05,2.812718045854516,1.1832358921903228,6.865965834428383,0.7578877944546317,False,False,False,False,25.260572068422682
1995-99,NonEvent,SPX Mar-27 seagull 90/75 -115c,spx,True,False,1999-02-26,,peak_-22,-2.8127168719031808,1.1832322118835155,1.4465873222673287e-05,2.812718045854516,1.1832358921903228,6.865965834428383,0.7578877944546317,False,False,False,False,25.260572068422682
1995-99,NonEvent,SPX Mar-27 seagull 90/75 -115c,spx,True,False,1999-02-26,,tiered,-2.8127168719031808,1.1832322118835155,1.4465873222673287e-05,2.812718045854516,1.1832358921903228,6.865965834428383,0.7578877944546317,False,False,False,False,25.260572068422682
1995-99,NonEvent,SPX Mar-27 seagull 90/75 -115c,spx,True,False,1999-02-26,,IPS,-2.8127168719031808,1.1165641718246075,-12.610610886019945,1.789325939041708,1.1832358921903228,6.865965834428383,0.7578877944546317,False,False,False,False,25.260572068422682
1995-99,NonEvent,SPX Mar-27 seagull 90/75 -115c,spx,True,False,1999-03-31,,hold,-2.3263023405974192,1.1442959832651232,-3.247348191741916e-07,2.3263023152280113,1.176997822716742,5.814717477003942,0.8275452664413689,False,False,False,False,22.435503260081145
1995-99,NonEvent,SPX Mar-27 seagull 90/75 -115c,spx,True,False,1999-03-31,,v4_-22,-2.3263023405974192,1.1442959832651232,-3.247348191741916e-07,2.3263023152280113,1.176997822716742,5.814717477003942,0.8275452664413689,False,False,False,False,22.435503260081145
1995-99,NonEvent,SPX Mar-27 seagull 90/75 -115c,spx,True,False,1999-03-31,,peak_-22,-2.3263023405974192,1.1442959832651232,-3.247348191741916e-07,2.3263023152280113,1.176997822716742,5.814717477003942,0.8275452664413689,False,False,False,False,22.435503260081145
1995-99,NonEvent,SPX Mar-27 seagull 90/75 -115c,spx,True,False,1999-03-31,,tiered,-2.3263023405974192,1.1442959832651232,-3.247348191741916e-07,2.3263023152280113,1.176997822716742,5.814717477003942,0.8275452664413689,False,False,False,False,22.435503260081145
1995-99,NonEvent,SPX Mar-27 seagull 90/75 -115c,spx,True,False,1999-03-31,,IPS,-2.3263023405974192,1.1083822130866712,-7.411249854649295,1.7473098524842985,1.176997822716742,5.814717477003942,0.8275452664413689,False,False,False,False,22.435503260081145
1995-99,NonEvent,SPX Mar-27 seagull 90/75 -115c,spx,True,False,1999-04-30,,hold,-2.5915670763378,1.1648019610721456,0.0,2.5915670763378,1.256558800561614,5.519053876478318,0.9140724835107843,False,False,False,False,23.72395998957187
1995-99,NonEvent,SPX Mar-27 seagull 90/75 -115c,spx,True,False,1999-04-30,,v4_-22,-2.5915670763378,1.1648019610721456,0.0,2.5915670763378,1.256558800561614,5.519053876478318,0.9140724835107843,False,False,False,False,23.72395998957187
1995-99,NonEvent,SPX Mar-27 seagull 90/75 -115c,spx,True,False,1999-04-30,,peak_-22,-2.5915670763378,1.1648019610721456,0.0,2.5915670763378,1.256558800561614,5.519053876478318,0.9140724835107843,False,False,False,False,23.72395998957187
1995-99,NonEvent,SPX Mar-27 seagull 90/75 -115c,spx,True,False,1999-04-30,,tiered,-2.5915670763378,1.1648019610721456,0.0,2.5915670763378,1.256558800561614,5.519053876478318,0.9140724835107843,False,False,False,False,23.72395998957187
1995-99,NonEvent,SPX Mar-27 seagull 90/75 -115c,spx,True,False,1999-04-30,,IPS,-2.5915670763378,1.1821911729696826,3.627143867477985,2.865018367474985,1.256558800561614,5.519053876478318,0.9140724835107843,False,False,False,False,23.72395998957187
1995-99,NonEvent,SPX Mar-27 seagull 90/75 -115c,spx,True,False,1999-05-28,,hold,-2.7877779826728073,1.1797247672941562,0.0,2.7877779826728073,1.2449512882045382,4.599211563731932,0.8213687923910279,False,False,False,False,24.03384747181111
1995-99,NonEvent,SPX Mar-27 seagull 90/75 -115c,spx,True,False,1999-05-28,,v4_-22,-2.7877779826728073,1.1797247672941562,0.0,2.7877779826728073,1.2449512882045382,4.599211563731932,0.8213687923910279,False,False,False,False,24.03384747181111
1995-99,NonEvent,SPX Mar-27 seagull 90/75 -115c,spx,True,False,1999-05-28,,peak_-22,-2.7877779826728073,1.1797247672941562,0.0,2.7877779826728073,1.2449512882045382,4.599211563731932,0.8213687923910279,False,False,False,False,24.03384747181111
1995-99,NonEvent,SPX Mar-27 seagull 90/75 -115c,spx,True,False,1999-05-28,,tiered,-2.7877779826728073,1.1797247672941562,0.0,2.7877779826728073,1.2449512882045382,4.599211563731932,0.8213687923910279,False,False,False,False,24.03384747181111
1995-99,NonEvent,SPX Mar-27 seagull 90/75 -115c,spx,True,False,1999-05-28,,IPS,-2.7877779826728073,1.126056900505656,-10.761948051579084,1.9553156589624392,1.2449512882045382,4.599211563731932,0.8213687923910279,False,False,False,False,24.03384747181111
1995-99,NonEvent,SPX Mar-27 seagull 90/75 -115c,spx,True,False,1999-06-30,,hold,-2.3137198950444806,1.1422175901707936,0.0008781072264862157,2.313784090141654,1.2673373599890425,3.515111695137976,0.9460194270760476,False,False,False,False,21.31412136254215
1995-99,NonEvent,SPX Mar-27 seagull 90/75 -115c,spx,True,False,1999-06-30,,v4_-22,-2.3137198950444806,1.1422175901707936,0.0008781072264862157,2.313784090141654,1.2673373599890425,3.515111695137976,0.9460194270760476,False,False,False,False,21.31412136254215
1995-99,NonEvent,SPX Mar-27 seagull 90/75 -115c,spx,True,False,1999-06-30,,peak_-22,-2.3137198950444806,1.1422175901707936,0.0008781072264862157,2.313784090141654,1.2673373599890425,3.515111695137976,0.9460194270760476,False,False,False,False,21.31412136254215
1995-99,NonEvent,SPX Mar-27 seagull 90/75 -115c,spx,True,False,1999-06-30,,tiered,-2.3137198950444806,1.1422175901707936,0.0008781072264862157,2.313784090141654,1.2673373599890425,3.515111695137976,0.9460194270760476,False,False,False,False,21.31412136254215
1995-99,NonEvent,SPX Mar-27 seagull 90/75 -115c,spx,True,False,1999-06-30,,IPS,-2.3137198950444806,1.1455879040646388,0.7509200610598772,2.3686168197428086,1.2673373599890425,3.515111695137976,0.9460194270760476,False,False,False,False,21.31412136254215
1995-99,NonEvent,SPX Mar-27 seagull 90/75 -115c,spx,True,False,1999-07-30,,hold,-2.816683364884834,1.181385634931989,0.0,2.816683364884834,1.2309090009283208,2.5295663600525624,0.9441515108646442,False,False,False,False,23.679536313370974
1995-99,NonEvent,SPX Mar-27 seagull 90/75 -115c,spx,True,False,1999-07-30,,v4_-22,-2.816683364884834,1.181385634931989,0.0,2.816683364884834,1.2309090009283208,2.5295663600525624,0.9441515108646442,False,False,False,False,23.679536313370974
1995-99,NonEvent,SPX Mar-27 seagull 90/75 -115c,spx,True,False,1999-07-30,,peak_-22,-2.816683364884834,1.181385634931989,0.0,2.816683364884834,1.2309090009283208,2.5295663600525624,0.9441515108646442,False,False,False,False,23.679536313370974
1995-99,NonEvent,SPX Mar-27 seagull 90/75 -115c,spx,True,False,1999-07-30,,tiered,-2.816683364884834,1.181385634931989,0.0,2.816683364884834,1.2309090009283208,2.5295663600525624,0.9441515108646442,False,False,False,False,23.679536313370974
1995-99,NonEvent,SPX Mar-27 seagull 90/75 -115c,spx,True,False,1999-07-30,,IPS,-2.816683364884834,1.0585363586615304,-25.224009574918647,0.9089936352715384,1.2309090009283208,2.5295663600525624,0.9441515108646442,False,False,False,False,23.679536313370974
1995-99,NonEvent,SPX Mar-27 seagull 90/75 -115c,spx,True,False,1999-08-31,,hold,-2.8462389584821977,1.183500230094573,0.0,2.8462389584821977,1.200248632135511,5.847568988173456,0.8764481428061217,False,False,False,False,23.652850757231725
1995-99,NonEvent,SPX Mar-27 seagull 90/75 -115c,spx,True,False,1999-08-31,,v4_-22,-2.8462389584821977,1.183500230094573,0.0,2.8462389584821977,1.200248632135511,5.847568988173456,0.8764481428061217,False,False,False,False,23.652850757231725
1995-99,NonEvent,SPX Mar-27 seagull 90/75 -115c,spx,True,False,1999-08-31,,peak_-22,-2.8462389584821977,1.183500230094573,0.0,2.8462389584821977,1.200248632135511,5.847568988173456,0.8764481428061217,False,False,False,False,23.652850757231725
1995-99,NonEvent,SPX Mar-27 seagull 90/75 -115c,spx,True,False,1999-08-31,,tiered,-2.8462389584821977,1.183500230094573,0.0,2.8462389584821977,1.200248632135511,5.847568988173456,0.8764481428061217,False,False,False,False,23.652850757231725
1995-99,NonEvent,SPX Mar-27 seagull 90/75 -115c,spx,True,False,1999-08-31,,IPS,-2.8462389584821977,1.0876845647895703,-19.545813895129317,1.3600594627756397,1.200248632135511,5.847568988173456,0.8764481428061217,False,False,False,False,23.652850757231725
1995-99,NonEvent,SPX Mar-27 seagull 90/75 -115c,spx,True,False,1999-09-30,,hold,-2.900459719727953,1.1784599037799308,-2.0207047168210566,2.7430931257592652,1.1791765596917507,6.931668856767411,0.6732777003759243,False,False,False,False,24.408032066727472
1995-99,NonEvent,SPX Mar-27 seagull 90/75 -115c,spx,True,False,1999-09-30,,v4_-22,-2.900459719727953,1.1784599037799308,-2.0207047168210566,2.7430931257592652,1.1791765596917507,6.931668856767411,0.6732777003759243,False,False,False,False,24.408032066727472
1995-99,NonEvent,SPX Mar-27 seagull 90/75 -115c,spx,True,False,1999-09-30,,peak_-22,-2.900459719727953,1.1784599037799308,-2.0207047168210566,2.7430931257592652,1.1791765596917507,6.931668856767411,0.6732777003759243,False,False,False,False,24.408032066727472
1995-99,NonEvent,SPX Mar-27 seagull 90/75 -115c,spx,True,False,1999-09-30,,tiered,-2.900459719727953,1.1784599037799308,-2.0207047168210566,2.7430931257592652,1.1791765596917507,6.931668856767411,0.6732777003759243,False,False,False,False,24.408032066727472
1995-99,NonEvent,SPX Mar-27 seagull 90/75 -115c,spx,True,False,1999-09-30,,IPS,-2.900459719727953,1.1268944769218538,-12.198385482571128,1.9504850107416654,1.1791765596917507,6.931668856767411,0.6732777003759243,False,False,False,False,24.408032066727472
1995-99,NonEvent,SPX Mar-27 seagull 90/75 -115c,spx,True,False,1999-10-29,,hold,-2.5142632140479155,1.1574912091636167,0.0014972220636928556,2.5143726603052143,1.2003099086560634,5.519053876478318,0.8676665456344962,False,False,False,False,22.379874342096503
1995-99,NonEvent,SPX Mar-27 seagull 90/75 -115c,spx,True,False,1999-10-29,,v4_-22,-2.5142632140479155,1.1574912091636167,0.0014972220636928556,2.5143726603052143,1.2003099086560634,5.519053876478318,0.8676665456344962,False,False,False,False,22.379874342096503
1995-99,NonEvent,SPX Mar-27 seagull 90/75 -115c,spx,True,False,1999-10-29,,peak_-22,-2.5142632140479155,1.1574912091636167,0.0014972220636928556,2.5143726603052143,1.2003099086560634,5.519053876478318,0.8676665456344962,False,False,False,False,22.379874342096503
1995-99,NonEvent,SPX Mar-27 seagull 90/75 -115c,spx,True,False,1999-10-29,,tiered,-2.5142632140479155,1.1574912091636167,0.0014972220636928556,2.5143726603052143,1.2003099086560634,5.519053876478318,0.8676665456344962,False,False,False,False,22.379874342096503
1995-99,NonEvent,SPX Mar-27 seagull 90/75 -115c,spx,True,False,1999-10-29,,IPS,-2.5142632140479155,0.9937817056563155,-35.7531521529547,-0.09927607626180306,1.2003099086560634,5.519053876478318,0.8676665456344962,False,False,False,False,22.379874342096503
1995-99,NonEvent,SPX Mar-27 seagull 90/75 -115c,spx,True,False,1999-11-30,,hold,-2.7879108636281877,1.1791977594421899,0.0,2.7879108636281877,1.216834267481455,4.467805519053877,0.8570700913699716,False,False,False,False,23.706572165886804
1995-99,NonEvent,SPX Mar-27 seagull 90/75 -115c,spx,True,False,1999-11-30,,v4_-22,-2.7879108636281877,1.1791977594421899,0.0,2.7879108636281877,1.216834267481455,4.467805519053877,0.8570700913699716,False,False,False,False,23.706572165886804
1995-99,NonEvent,SPX Mar-27 seagull 90/75 -115c,spx,True,False,1999-11-30,,peak_-22,-2.7879108636281877,1.1791977594421899,0.0,2.7879108636281877,1.216834267481455,4.467805519053877,0.8570700913699716,False,False,False,False,23.706572165886804
1995-99,NonEvent,SPX Mar-27 seagull 90/75 -115c,spx,True,False,1999-11-30,,tiered,-2.7879108636281877,1.1791977594421899,0.0,2.7879108636281877,1.216834267481455,4.467805519053877,0.8570700913699716,False,False,False,False,23.706572165886804
1995-99,NonEvent,SPX Mar-27 seagull 90/75 -115c,spx,True,False,1999-11-30,,IPS,-2.7879108636281877,1.1651162525677936,-3.03399841111285,2.568834541951023,1.216834267481455,4.467805519053877,0.8570700913699716,False,False,False,False,23.706572165886804
1995-99,NonEvent,SPX Mar-27 seagull 90/75 -115c,spx,True,False,1999-12-31,,hold,-2.948001471913261,1.191877908773491,0.0,2.948001471913261,1.3007111546957724,3.4494086727989486,1.0,False,False,False,False,24.10926897916745
1995-99,NonEvent,SPX Mar-27 seagull 90/75 -115c,spx,True,False,1999-12-31,,v4_-22,-2.948001471913261,1.191877908773491,0.0,2.948001471913261,1.3007111546957724,3.4494086727989486,1.0,False,False,False,False,24.10926897916745
1995-99,NonEvent,SPX Mar-27 seagull 90/75 -115c,spx,True,False,1999-12-31,,peak_-22,-2.948001471913261,1.191877908773491,0.0,2.948001471913261,1.3007111546957724,3.4494086727989486,1.0,False,False,False,False,24.10926897916745
1995-99,NonEvent,SPX Mar-27 seagull 90/75 -115c,spx,True,False,1999-12-31,,tiered,-2.948001471913261,1.191877908773491,0.0,2.948001471913261,1.3007111546957724,3.4494086727989486,1.0,False,False,False,False,24.10926897916745
1995-99,NonEvent,SPX Mar-27 seagull 90/75 -115c,spx,True,False,1999-12-31,,IPS,-2.948001471913261,1.2175265027078304,5.770337257403999,3.3420650363655775,1.3007111546957724,3.4494086727989486,1.0,False,False,False,False,24.10926897916745
2013,NonEvent,SPX Mar-27 10% OTM,spx,False,False,2013-01-31,,hold,2.290398133116118,0.0,0.0,-2.290398133116118,1.0102625891122978,0.8212877792378449,0.0,False,False,False,False,16.818040620765714
2013,NonEvent,SPX Mar-27 10% OTM,spx,False,False,2013-01-31,,v4_-22,2.290398133116118,0.0,0.0,-2.290398133116118,1.0102625891122978,0.8212877792378449,0.0,False,False,False,False,16.818040620765714
2013,NonEvent,SPX Mar-27 10% OTM,spx,False,False,2013-01-31,,peak_-22,2.290398133116118,0.0,0.0,-2.290398133116118,1.0102625891122978,0.8212877792378449,0.0,False,False,False,False,16.818040620765714
2013,NonEvent,SPX Mar-27 10% OTM,spx,False,False,2013-01-31,,tiered,2.290398133116118,0.0,0.0,-2.290398133116118,1.0102625891122978,0.8212877792378449,0.0,False,False,False,False,16.818040620765714
2013,NonEvent,SPX Mar-27 10% OTM,spx,False,False,2013-01-31,,IPS,2.290398133116118,0.03374882126185863,1.1602395134551147,-2.213099895903087,1.0102625891122978,0.8212877792378449,0.0,False,False,False,False,16.818040620765714
2013,NonEvent,SPX Mar-27 10% OTM,spx,False,False,2013-02-28,,hold,2.4201126186746276,0.0,0.0,-2.4201126186746276,0.8691588785046728,0.0,0.0,False,False,False,False,17.324725276886653
2013,NonEvent,SPX Mar-27 10% OTM,spx,False,False,2013-02-28,,v4_-22,2.4201126186746276,0.0,0.0,-2.4201126186746276,0.8691588785046728,0.0,0.0,False,False,False,False,17.324725276886653
2013,NonEvent,SPX Mar-27 10% OTM,spx,False,False,2013-02-28,,peak_-22,2.4201126186746276,0.0,0.0,-2.4201126186746276,0.8691588785046728,0.0,0.0,False,False,False,False,17.324725276886653
2013,NonEvent,SPX Mar-27 10% OTM,spx,False,False,2013-02-28,,tiered,2.4201126186746276,0.0,0.0,-2.4201126186746276,0.8691588785046728,0.0,0.0,False,False,False,False,17.324725276886653
2013,NonEvent,SPX Mar-27 10% OTM,spx,False,False,2013-02-28,,IPS,2.4201126186746276,0.018296171300807403,0.6707949636167507,-2.375833823636111,0.8691588785046728,0.0,0.0,False,False,False,False,17.324725276886653
2013,NonEvent,SPX Mar-27 10% OTM,spx,False,False,2013-03-28,,hold,2.1772844297013014,0.0,0.0,-2.1772844297013014,1.071034436394439,0.6898817345597897,0.0,False,False,False,False,16.199468467100733
2013,NonEvent,SPX Mar-27 10% OTM,spx,False,False,2013-03-28,,v4_-22,2.1772844297013014,0.0,0.0,-2.1772844297013014,1.071034436394439,0.6898817345597897,0.0,False,False,False,False,16.199468467100733
2013,NonEvent,SPX Mar-27 10% OTM,spx,False,False,2013-03-28,,peak_-22,2.1772844297013014,0.0,0.0,-2.1772844297013014,1.071034436394439,0.6898817345597897,0.0,False,False,False,False,16.199468467100733
2013,NonEvent,SPX Mar-27 10% OTM,spx,False,False,2013-03-28,,tiered,2.1772844297013014,0.0,0.0,-2.1772844297013014,1.071034436394439,0.6898817345597897,0.0,False,False,False,False,16.199468467100733
2013,NonEvent,SPX Mar-27 10% OTM,spx,False,False,2013-03-28,,IPS,2.1772844297013014,0.0763503377780855,2.608610706009687,-2.011048028054641,1.071034436394439,0.6898817345597897,0.0,False,False,False,False,16.199468467100733
2013,NonEvent,SPX Mar-27 10% OTM,spx,False,False,2013-04-30,,hold,2.189836303285425,0.0,0.0,-2.189836303285425,1.0103434444715298,1.8068331143232588,0.0,False,False,False,False,16.19355914678735
2013,NonEvent,SPX Mar-27 10% OTM,spx,False,False,2013-04-30,,v4_-22,2.189836303285425,0.0,0.0,-2.189836303285425,1.0103434444715298,1.8068331143232588,0.0,False,False,False,False,16.19355914678735
2013,NonEvent,SPX Mar-27 10% OTM,spx,False,False,2013-04-30,,peak_-22,2.189836303285425,0.0,0.0,-2.189836303285425,1.0103434444715298,1.8068331143232588,0.0,False,False,False,False,16.19355914678735
2013,NonEvent,SPX Mar-27 10% OTM,spx,False,False,2013-04-30,,tiered,2.189836303285425,0.0,0.0,-2.189836303285425,1.0103434444715298,1.8068331143232588,0.0,False,False,False,False,16.19355914678735
2013,NonEvent,SPX Mar-27 10% OTM,spx,False,False,2013-04-30,,IPS,2.189836303285425,0.18802055586023167,6.579962303630864,-1.7781020642987844,1.0103434444715298,1.8068331143232588,0.0,False,False,False,False,16.19355914678735
2013,NonEvent,SPX Mar-27 10% OTM,spx,False,False,2013-05-31,,hold,2.4040491425667887,0.0,0.0,-2.4040491425667887,1.192153246017208,0.7884362680683311,0.0,False,False,False,False,17.323389979284492
2013,NonEvent,SPX Mar-27 10% OTM,spx,False,False,2013-05-31,,v4_-22,2.4040491425667887,0.0,0.0,-2.4040491425667887,1.192153246017208,0.7884362680683311,0.0,False,False,False,False,17.323389979284492
2013,NonEvent,SPX Mar-27 10% OTM,spx,False,False,2013-05-31,,peak_-22,2.4040491425667887,0.0,0.0,-2.4040491425667887,1.192153246017208,0.7884362680683311,0.0,False,False,False,False,17.323389979284492
2013,NonEvent,SPX Mar-27 10% OTM,spx,False,False,2013-05-31,,tiered,2.4040491425667887,0.0,0.0,-2.4040491425667887,1.192153246017208,0.7884362680683311,0.0,False,False,False,False,17.323389979284492
2013,NonEvent,SPX Mar-27 10% OTM,spx,False,False,2013-05-31,,IPS,2.4040491425667887,0.028325294346486753,1.1113704689997326,-2.3359537429801653,1.192153246017208,0.7884362680683311,0.0,False,False,False,False,17.323389979284492
2013,NonEvent,SPX Mar-27 10% OTM,spx,False,False,2013-06-28,,hold,2.3880841563460904,0.0,0.0,-2.3880841563460904,0.8691588785046728,0.0,0.0,False,False,False,False,17.468325454242283
2013,NonEvent,SPX Mar-27 10% OTM,spx,False,False,2013-06-28,,v4_-22,2.3880841563460904,0.0,0.0,-2.3880841563460904,0.8691588785046728,0.0,0.0,False,False,False,False,17.468325454242283
2013,NonEvent,SPX Mar-27 10% OTM,spx,False,False,2013-06-28,,peak_-22,2.3880841563460904,0.0,0.0,-2.3880841563460904,0.8691588785046728,0.0,0.0,False,False,False,False,17.468325454242283
2013,NonEvent,SPX Mar-27 10% OTM,spx,False,False,2013-06-28,,tiered,2.3880841563460904,0.0,0.0,-2.3880841563460904,0.8691588785046728,0.0,0.0,False,False,False,False,17.468325454242283
2013,NonEvent,SPX Mar-27 10% OTM,spx,False,False,2013-06-28,,IPS,2.3880841563460904,0.02123825637024005,0.8145848643151842,-2.3373654127999033,0.8691588785046728,0.0,0.0,False,False,False,False,17.468325454242283
2013,NonEvent,SPX Mar-27 10% OTM,spx,False,False,2013-07-31,,hold,2.0129915827293763,0.0,0.0,-2.0129915827293763,1.0751963066407748,0.8869908015768725,0.0,False,False,False,False,15.883460182567912
2013,NonEvent,SPX Mar-27 10% OTM,spx,False,False,2013-07-31,,v4_-22,2.0129915827293763,0.0,0.0,-2.0129915827293763,1.0751963066407748,0.8869908015768725,0.0,False,False,False,False,15.883460182567912
2013,NonEvent,SPX Mar-27 10% OTM,spx,False,False,2013-07-31,,peak_-22,2.0129915827293763,0.0,0.0,-2.0129915827293763,1.0751963066407748,0.8869908015768725,0.0,False,False,False,False,15.883460182567912
2013,NonEvent,SPX Mar-27 10% OTM,spx,False,False,2013-07-31,,tiered,2.0129915827293763,0.0,0.0,-2.0129915827293763,1.0751963066407748,0.8869908015768725,0.0,False,False,False,False,15.883460182567912
2013,NonEvent,SPX Mar-27 10% OTM,spx,False,False,2013-07-31,,IPS,2.0129915827293763,0.03749103322291031,1.2722452875036292,-1.9375224484238307,1.0751963066407748,0.8869908015768725,0.0,False,False,False,False,15.883460182567912
2013,NonEvent,SPX Mar-27 10% OTM,spx,False,False,2013-08-30,,hold,2.3120212994924225,0.0,0.0,-2.3120212994924225,0.8952785514145208,1.281208935611038,0.0,False,False,False,False,17.302507677440367
2013,NonEvent,SPX Mar-27 10% OTM,spx,False,False,2013-08-30,,v4_-22,2.3120212994924225,0.0,0.0,-2.3120212994924225,0.8952785514145208,1.281208935611038,0.0,False,False,False,False,17.302507677440367
2013,NonEvent,SPX Mar-27 10% OTM,spx,False,False,2013-08-30,,peak_-22,2.3120212994924225,0.0,0.0,-2.3120212994924225,0.8952785514145208,1.281208935611038,0.0,False,False,False,False,17.302507677440367
2013,NonEvent,SPX Mar-27 10% OTM,spx,False,False,2013-08-30,,tiered,2.3120212994924225,0.0,0.0,-2.3120212994924225,0.8952785514145208,1.281208935611038,0.0,False,False,False,False,17.302507677440367
2013,NonEvent,SPX Mar-27 10% OTM,spx,False,False,2013-08-30,,IPS,2.3120212994924225,0.11798772071108798,4.459248068493942,-2.039231176129824,0.8952785514145208,1.281208935611038,0.0,False,False,False,False,17.302507677440367
2013,NonEvent,SPX Mar-27 10% OTM,spx,False,False,2013-09-30,,hold,2.2846606680524544,0.0,0.0,-2.2846606680524544,1.2076416258977334,0.2628120893561104,0.0,False,False,False,False,16.991947295228297
2013,NonEvent,SPX Mar-27 10% OTM,spx,False,False,2013-09-30,,v4_-22,2.2846606680524544,0.0,0.0,-2.2846606680524544,1.2076416258977334,0.2628120893561104,0.0,False,False,False,False,16.991947295228297
2013,NonEvent,SPX Mar-27 10% OTM,spx,False,False,2013-09-30,,peak_-22,2.2846606680524544,0.0,0.0,-2.2846606680524544,1.2076416258977334,0.2628120893561104,0.0,False,False,False,False,16.991947295228297
2013,NonEvent,SPX Mar-27 10% OTM,spx,False,False,2013-09-30,,tiered,2.2846606680524544,0.0,0.0,-2.2846606680524544,1.2076416258977334,0.2628120893561104,0.0,False,False,False,False,16.991947295228297
2013,NonEvent,SPX Mar-27 10% OTM,spx,False,False,2013-09-30,,IPS,2.2846606680524544,0.022938952727094217,0.8810498158690921,-2.232252944990548,1.2076416258977334,0.2628120893561104,0.0,False,False,False,False,16.991947295228297
2013,NonEvent,SPX Mar-27 10% OTM,spx,False,False,2013-10-31,,hold,1.9904995180998288,0.0,0.0,-1.9904995180998288,0.9498184389636659,3.1208935611038107,0.0,False,False,False,False,15.616899390502262
2013,NonEvent,SPX Mar-27 10% OTM,spx,False,False,2013-10-31,,v4_-22,1.9904995180998288,0.0,0.0,-1.9904995180998288,0.9498184389636659,3.1208935611038107,0.0,False,False,False,False,15.616899390502262
2013,NonEvent,SPX Mar-27 10% OTM,spx,False,False,2013-10-31,,peak_-22,1.9904995180998288,0.0,0.0,-1.9904995180998288,0.9498184389636659,3.1208935611038107,0.0,False,False,False,False,15.616899390502262
2013,NonEvent,SPX Mar-27 10% OTM,spx,False,False,2013-10-31,,tiered,1.9904995180998288,0.0,0.0,-1.9904995180998288,0.9498184389636659,3.1208935611038107,0.0,False,False,False,False,15.616899390502262
2013,NonEvent,SPX Mar-27 10% OTM,spx,False,False,2013-10-31,,IPS,1.9904995180998288,0.08806093423504477,3.0864447331462843,-1.8152142709415515,0.9498184389636659,3.1208935611038107,0.0,False,False,False,False,15.616899390502262
2013,NonEvent,SPX Mar-27 10% OTM,spx,False,False,2013-11-29,,hold,1.9723700158274529,0.0,0.0,-1.9723700158274529,1.3592563082944211,2.1681997371879107,0.0,False,False,False,False,15.518049241153175
2013,NonEvent,SPX Mar-27 10% OTM,spx,False,False,2013-11-29,,v4_-22,1.9723700158274529,0.0,0.0,-1.9723700158274529,1.3592563082944211,2.1681997371879107,0.0,False,False,False,False,15.518049241153175
2013,NonEvent,SPX Mar-27 10% OTM,spx,False,False,2013-11-29,,peak_-22,1.9723700158274529,0.0,0.0,-1.9723700158274529,1.3592563082944211,2.1681997371879107,0.0,False,False,False,False,15.518049241153175
2013,NonEvent,SPX Mar-27 10% OTM,spx,False,False,2013-11-29,,tiered,1.9723700158274529,0.0,0.0,-1.9723700158274529,1.3592563082944211,2.1681997371879107,0.0,False,False,False,False,15.518049241153175
2013,NonEvent,SPX Mar-27 10% OTM,spx,False,False,2013-11-29,,IPS,1.9723700158274529,0.06767153118136394,2.4104461074849586,-1.8388967168001982,1.3592563082944211,2.1681997371879107,0.0,False,False,False,False,15.518049241153175
2013,NonEvent,SPX Mar-27 10% OTM,spx,False,False,2013-12-31,,hold,1.9066756004340426,0.0,0.0,-1.9066756004340426,1.8683273469284758,1.1169513797634691,-2.0769756062765056e-15,False,False,False,False,15.396818839569049
2013,NonEvent,SPX Mar-27 10% OTM,spx,False,False,2013-12-31,,v4_-22,1.9066756004340426,0.0,0.0,-1.9066756004340426,1.8683273469284758,1.1169513797634691,-2.0769756062765056e-15,False,False,False,False,15.396818839569049
2013,NonEvent,SPX Mar-27 10% OTM,spx,False,False,2013-12-31,,peak_-22,1.9066756004340426,0.0,0.0,-1.9066756004340426,1.8683273469284758,1.1169513797634691,-2.0769756062765056e-15,False,False,False,False,15.396818839569049
2013,NonEvent,SPX Mar-27 10% OTM,spx,False,False,2013-12-31,,tiered,1.9066756004340426,0.0,0.0,-1.9066756004340426,1.8683273469284758,1.1169513797634691,-2.0769756062765056e-15,False,False,False,False,15.396818839569049
2013,NonEvent,SPX Mar-27 10% OTM,spx,False,False,2013-12-31,,IPS,1.9066756004340426,0.9700554571650001,34.259640454668464,-0.05709452918964643,1.8683273469284758,1.1169513797634691,-2.0769756062765056e-15,False,False,False,False,15.396818839569049
2013,NonEvent,SPX Mar-27 90/75 spread,spx,False,False,2013-01-31,,hold,1.495709826596716,0.0,0.0,-1.495709826596716,1.0197310324670055,0.8212877792378449,0.0,False,False,False,False,16.818040620765714
2013,NonEvent,SPX Mar-27 90/75 spread,spx,False,False,2013-01-31,,v4_-22,1.495709826596716,0.0,0.0,-1.495709826596716,1.0197310324670055,0.8212877792378449,0.0,False,False,False,False,16.818040620765714
2013,NonEvent,SPX Mar-27 90/75 spread,spx,False,False,2013-01-31,,peak_-22,1.495709826596716,0.0,0.0,-1.495709826596716,1.0197310324670055,0.8212877792378449,0.0,False,False,False,False,16.818040620765714
2013,NonEvent,SPX Mar-27 90/75 spread,spx,False,False,2013-01-31,,tiered,1.495709826596716,0.0,0.0,-1.495709826596716,1.0197310324670055,0.8212877792378449,0.0,False,False,False,False,16.818040620765714
2013,NonEvent,SPX Mar-27 90/75 spread,spx,False,False,2013-01-31,,IPS,1.495709826596716,0.04435012862136085,0.9956811666313005,-1.429374903406918,1.0197310324670055,0.8212877792378449,0.0,False,False,False,False,16.818040620765714
2013,NonEvent,SPX Mar-27 90/75 spread,spx,False,False,2013-02-28,,hold,1.5665463368000767,0.0,0.0,-1.5665463368000767,0.8691588785046727,0.0,0.0,False,False,False,False,17.324725276886653
2013,NonEvent,SPX Mar-27 90/75 spread,spx,False,False,2013-02-28,,v4_-22,1.5665463368000767,0.0,0.0,-1.5665463368000767,0.8691588785046727,0.0,0.0,False,False,False,False,17.324725276886653
2013,NonEvent,SPX Mar-27 90/75 spread,spx,False,False,2013-02-28,,peak_-22,1.5665463368000767,0.0,0.0,-1.5665463368000767,0.8691588785046727,0.0,0.0,False,False,False,False,17.324725276886653
2013,NonEvent,SPX Mar-27 90/75 spread,spx,False,False,2013-02-28,,tiered,1.5665463368000767,0.0,0.0,-1.5665463368000767,0.8691588785046727,0.0,0.0,False,False,False,False,17.324725276886653
2013,NonEvent,SPX Mar-27 90/75 spread,spx,False,False,2013-02-28,,IPS,1.5665463368000767,0.02402613642266636,0.5701920836694608,-1.5289082807996899,0.8691588785046727,0.0,0.0,False,False,False,False,17.324725276886653
2013,NonEvent,SPX Mar-27 90/75 spread,spx,False,False,2013-03-28,,hold,1.4342546802427452,0.0,0.0,-1.4342546802427452,1.089086247597208,0.6898817345597897,0.0,False,False,False,False,16.199468467100733
2013,NonEvent,SPX Mar-27 90/75 spread,spx,False,False,2013-03-28,,v4_-22,1.4342546802427452,0.0,0.0,-1.4342546802427452,1.089086247597208,0.6898817345597897,0.0,False,False,False,False,16.199468467100733
2013,NonEvent,SPX Mar-27 90/75 spread,spx,False,False,2013-03-28,,peak_-22,1.4342546802427452,0.0,0.0,-1.4342546802427452,1.089086247597208,0.6898817345597897,0.0,False,False,False,False,16.199468467100733
2013,NonEvent,SPX Mar-27 90/75 spread,spx,False,False,2013-03-28,,tiered,1.4342546802427452,0.0,0.0,-1.4342546802427452,1.089086247597208,0.6898817345597897,0.0,False,False,False,False,16.199468467100733
2013,NonEvent,SPX Mar-27 90/75 spread,spx,False,False,2013-03-28,,IPS,1.4342546802427452,0.10196036440851645,2.2947786331379842,-1.2880175503905744,1.089086247597208,0.6898817345597897,0.0,False,False,False,False,16.199468467100733
2013,NonEvent,SPX Mar-27 90/75 spread,spx,False,False,2013-04-30,,hold,1.4440808607068445,0.0,0.0,-1.4440808607068445,1.0451950642951533,1.8068331143232588,0.0,False,False,False,False,16.19355914678735
2013,NonEvent,SPX Mar-27 90/75 spread,spx,False,False,2013-04-30,,v4_-22,1.4440808607068445,0.0,0.0,-1.4440808607068445,1.0451950642951533,1.8068331143232588,0.0,False,False,False,False,16.19355914678735
2013,NonEvent,SPX Mar-27 90/75 spread,spx,False,False,2013-04-30,,peak_-22,1.4440808607068445,0.0,0.0,-1.4440808607068445,1.0451950642951533,1.8068331143232588,0.0,False,False,False,False,16.19355914678735
2013,NonEvent,SPX Mar-27 90/75 spread,spx,False,False,2013-04-30,,tiered,1.4440808607068445,0.0,0.0,-1.4440808607068445,1.0451950642951533,1.8068331143232588,0.0,False,False,False,False,16.19355914678735
2013,NonEvent,SPX Mar-27 90/75 spread,spx,False,False,2013-04-30,,IPS,1.4440808607068445,0.2455269623996368,5.666268172863122,-1.08952007351804,1.0451950642951533,1.8068331143232588,0.0,False,False,False,False,16.19355914678735
2013,NonEvent,SPX Mar-27 90/75 spread,spx,False,False,2013-05-31,,hold,1.5476393434318243,0.0,0.0,-1.5476393434318243,1.214888674006948,0.7884362680683311,0.0,False,False,False,False,17.323389979284492
2013,NonEvent,SPX Mar-27 90/75 spread,spx,False,False,2013-05-31,,v4_-22,1.5476393434318243,0.0,0.0,-1.5476393434318243,1.214888674006948,0.7884362680683311,0.0,False,False,False,False,17.323389979284492
2013,NonEvent,SPX Mar-27 90/75 spread,spx,False,False,2013-05-31,,peak_-22,1.5476393434318243,0.0,0.0,-1.5476393434318243,1.214888674006948,0.7884362680683311,0.0,False,False,False,False,17.323389979284492
2013,NonEvent,SPX Mar-27 90/75 spread,spx,False,False,2013-05-31,,tiered,1.5476393434318243,0.0,0.0,-1.5476393434318243,1.214888674006948,0.7884362680683311,0.0,False,False,False,False,17.323389979284492
2013,NonEvent,SPX Mar-27 90/75 spread,spx,False,False,2013-05-31,,IPS,1.5476393434318243,0.03848970822021152,0.9721996501597412,-1.4880711566730136,1.214888674006948,0.7884362680683311,0.0,False,False,False,False,17.323389979284492
2013,NonEvent,SPX Mar-27 90/75 spread,spx,False,False,2013-06-28,,hold,1.5284855050397284,0.0,0.0,-1.5284855050397284,0.8691588785046729,0.0,0.0,False,False,False,False,17.468325454242283
2013,NonEvent,SPX Mar-27 90/75 spread,spx,False,False,2013-06-28,,v4_-22,1.5284855050397284,0.0,0.0,-1.5284855050397284,0.8691588785046729,0.0,0.0,False,False,False,False,17.468325454242283
2013,NonEvent,SPX Mar-27 90/75 spread,spx,False,False,2013-06-28,,peak_-22,1.5284855050397284,0.0,0.0,-1.5284855050397284,0.8691588785046729,0.0,0.0,False,False,False,False,17.468325454242283
2013,NonEvent,SPX Mar-27 90/75 spread,spx,False,False,2013-06-28,,tiered,1.5284855050397284,0.0,0.0,-1.5284855050397284,0.8691588785046729,0.0,0.0,False,False,False,False,17.468325454242283
2013,NonEvent,SPX Mar-27 90/75 spread,spx,False,False,2013-06-28,,IPS,1.5284855050397284,0.028077496544083255,0.6892671122944258,-1.4855694585542938,0.8691588785046729,0.0,0.0,False,False,False,False,17.468325454242283
2013,NonEvent,SPX Mar-27 90/75 spread,spx,False,False,2013-07-31,,hold,1.3313345826651763,0.0,0.0,-1.3313345826651763,1.1292016270122915,0.8869908015768725,0.0,False,False,False,False,15.883460182567912
2013,NonEvent,SPX Mar-27 90/75 spread,spx,False,False,2013-07-31,,v4_-22,1.3313345826651763,0.0,0.0,-1.3313345826651763,1.1292016270122915,0.8869908015768725,0.0,False,False,False,False,15.883460182567912
2013,NonEvent,SPX Mar-27 90/75 spread,spx,False,False,2013-07-31,,peak_-22,1.3313345826651763,0.0,0.0,-1.3313345826651763,1.1292016270122915,0.8869908015768725,0.0,False,False,False,False,15.883460182567912
2013,NonEvent,SPX Mar-27 90/75 spread,spx,False,False,2013-07-31,,tiered,1.3313345826651763,0.0,0.0,-1.3313345826651763,1.1292016270122915,0.8869908015768725,0.0,False,False,False,False,15.883460182567912
2013,NonEvent,SPX Mar-27 90/75 spread,spx,False,False,2013-07-31,,IPS,1.3313345826651763,0.04946858704323477,1.110243404441437,-1.2654753419789355,1.1292016270122915,0.8869908015768725,0.0,False,False,False,False,15.883460182567912
2013,NonEvent,SPX Mar-27 90/75 spread,spx,False,False,2013-08-30,,hold,1.4872824832322713,0.0,0.0,-1.4872824832322713,0.9020762595634195,1.281208935611038,0.0,False,False,False,False,17.302507677440367
2013,NonEvent,SPX Mar-27 90/75 spread,spx,False,False,2013-08-30,,v4_-22,1.4872824832322713,0.0,0.0,-1.4872824832322713,0.9020762595634195,1.281208935611038,0.0,False,False,False,False,17.302507677440367
2013,NonEvent,SPX Mar-27 90/75 spread,spx,False,False,2013-08-30,,peak_-22,1.4872824832322713,0.0,0.0,-1.4872824832322713,0.9020762595634195,1.281208935611038,0.0,False,False,False,False,17.302507677440367
2013,NonEvent,SPX Mar-27 90/75 spread,spx,False,False,2013-08-30,,tiered,1.4872824832322713,0.0,0.0,-1.4872824832322713,0.9020762595634195,1.281208935611038,0.0,False,False,False,False,17.302507677440367
2013,NonEvent,SPX Mar-27 90/75 spread,spx,False,False,2013-08-30,,IPS,1.4872824832322713,0.1555372353894383,3.7814714769530187,-1.255954677547185,0.9020762595634195,1.281208935611038,0.0,False,False,False,False,17.302507677440367
2013,NonEvent,SPX Mar-27 90/75 spread,spx,False,False,2013-09-30,,hold,1.4823327189815036,0.0,0.0,-1.4823327189815036,1.1708456151492175,0.2628120893561104,0.0,False,False,False,False,16.991947295228297
2013,NonEvent,SPX Mar-27 90/75 spread,spx,False,False,2013-09-30,,v4_-22,1.4823327189815036,0.0,0.0,-1.4823327189815036,1.1708456151492175,0.2628120893561104,0.0,False,False,False,False,16.991947295228297
2013,NonEvent,SPX Mar-27 90/75 spread,spx,False,False,2013-09-30,,peak_-22,1.4823327189815036,0.0,0.0,-1.4823327189815036,1.1708456151492175,0.2628120893561104,0.0,False,False,False,False,16.991947295228297
2013,NonEvent,SPX Mar-27 90/75 spread,spx,False,False,2013-09-30,,tiered,1.4823327189815036,0.0,0.0,-1.4823327189815036,1.1708456151492175,0.2628120893561104,0.0,False,False,False,False,16.991947295228297
2013,NonEvent,SPX Mar-27 90/75 spread,spx,False,False,2013-09-30,,IPS,1.4823327189815036,0.030245352335813394,0.7537190917065206,-1.4374990436170036,1.1708456151492175,0.2628120893561104,0.0,False,False,False,False,16.991947295228297
2013,NonEvent,SPX Mar-27 90/75 spread,spx,False,False,2013-10-31,,hold,1.3265235535726625,0.0,0.0,-1.3265235535726625,1.0425856800531381,3.1208935611038107,0.0,False,False,False,False,15.616899390502262
2013,NonEvent,SPX Mar-27 90/75 spread,spx,False,False,2013-10-31,,v4_-22,1.3265235535726625,0.0,0.0,-1.3265235535726625,1.0425856800531381,3.1208935611038107,0.0,False,False,False,False,15.616899390502262
2013,NonEvent,SPX Mar-27 90/75 spread,spx,False,False,2013-10-31,,peak_-22,1.3265235535726625,0.0,0.0,-1.3265235535726625,1.0425856800531381,3.1208935611038107,0.0,False,False,False,False,15.616899390502262
2013,NonEvent,SPX Mar-27 90/75 spread,spx,False,False,2013-10-31,,tiered,1.3265235535726625,0.0,0.0,-1.3265235535726625,1.0425856800531381,3.1208935611038107,0.0,False,False,False,False,15.616899390502262
2013,NonEvent,SPX Mar-27 90/75 spread,spx,False,False,2013-10-31,,IPS,1.3265235535726625,0.117925522287492,2.754456470487794,-1.1700925706909464,1.0425856800531381,3.1208935611038107,0.0,False,False,False,False,15.616899390502262
2013,NonEvent,SPX Mar-27 90/75 spread,spx,False,False,2013-11-29,,hold,1.3172042528287482,0.0,0.0,-1.3172042528287482,1.4225239990898362,2.1681997371879107,0.0,False,False,False,False,15.518049241153175
2013,NonEvent,SPX Mar-27 90/75 spread,spx,False,False,2013-11-29,,v4_-22,1.3172042528287482,0.0,0.0,-1.3172042528287482,1.4225239990898362,2.1681997371879107,0.0,False,False,False,False,15.518049241153175
2013,NonEvent,SPX Mar-27 90/75 spread,spx,False,False,2013-11-29,,peak_-22,1.3172042528287482,0.0,0.0,-1.3172042528287482,1.4225239990898362,2.1681997371879107,0.0,False,False,False,False,15.518049241153175
2013,NonEvent,SPX Mar-27 90/75 spread,spx,False,False,2013-11-29,,tiered,1.3172042528287482,0.0,0.0,-1.3172042528287482,1.4225239990898362,2.1681997371879107,0.0,False,False,False,False,15.518049241153175
2013,NonEvent,SPX Mar-27 90/75 spread,spx,False,False,2013-11-29,,IPS,1.3172042528287482,0.09142158689758473,2.1747278231730225,-1.1967833497668967,1.4225239990898362,2.1681997371879107,0.0,False,False,False,False,15.518049241153175
2013,NonEvent,SPX Mar-27 90/75 spread,spx,False,False,2013-12-31,,hold,1.2722967630118263,0.0,0.0,-1.2722967630118263,1.8762058008384632,1.1169513797634691,-3.1125746966529897e-15,False,False,False,False,15.396818839569049
2013,NonEvent,SPX Mar-27 90/75 spread,spx,False,False,2013-12-31,,v4_-22,1.2722967630118263,0.0,0.0,-1.2722967630118263,1.8762058008384632,1.1169513797634691,-3.1125746966529897e-15,False,False,False,False,15.396818839569049
2013,NonEvent,SPX Mar-27 90/75 spread,spx,False,False,2013-12-31,,peak_-22,1.2722967630118263,0.0,0.0,-1.2722967630118263,1.8762058008384632,1.1169513797634691,-3.1125746966529897e-15,False,False,False,False,15.396818839569049
2013,NonEvent,SPX Mar-27 90/75 spread,spx,False,False,2013-12-31,,tiered,1.2722967630118263,0.0,0.0,-1.2722967630118263,1.8762058008384632,1.1169513797634691,-3.1125746966529897e-15,False,False,False,False,15.396818839569049
2013,NonEvent,SPX Mar-27 90/75 spread,spx,False,False,2013-12-31,,IPS,1.2722967630118263,1.0519971848978888,24.79204940047222,0.06615585003131146,1.8762058008384632,1.1169513797634691,-3.1125746966529897e-15,False,False,False,False,15.396818839569049
2013,NonEvent,[B] QQQ Jun-27 p 11% OTM,ndx,False,True,2013-01-31,,hold,4.34692030910426,0.0,0.0,-4.34692030910426,0.9900359620766115,0.8212877792378449,0.0,False,False,False,False,22.33504469956104
2013,NonEvent,[B] QQQ Jun-27 p 11% OTM,ndx,False,True,2013-01-31,,v4_-22,4.34692030910426,0.0,0.0,-4.34692030910426,0.9900359620766115,0.8212877792378449,0.0,False,False,False,False,22.33504469956104
2013,NonEvent,[B] QQQ Jun-27 p 11% OTM,ndx,False,True,2013-01-31,,peak_-22,4.34692030910426,0.0,0.0,-4.34692030910426,0.9900359620766115,0.8212877792378449,0.0,False,False,False,False,22.33504469956104
2013,NonEvent,[B] QQQ Jun-27 p 11% OTM,ndx,False,True,2013-01-31,,tiered,4.34692030910426,0.0,0.0,-4.34692030910426,0.9900359620766115,0.8212877792378449,0.0,False,False,False,False,22.33504469956104
2013,NonEvent,[B] QQQ Jun-27 p 11% OTM,ndx,False,True,2013-01-31,,IPS,4.34692030910426,0.029486748033180552,3.6128008513675947,-4.218743765229388,0.9900359620766115,0.8212877792378449,0.0,False,False,False,False,22.33504469956104
2013,NonEvent,[B] QQQ Jun-27 p 11% OTM,ndx,False,True,2013-02-28,,hold,4.563549707316393,0.0,0.0,-4.563549707316393,0.8691588785046727,0.0,0.0,False,False,False,False,22.962369916688655
2013,NonEvent,[B] QQQ Jun-27 p 11% OTM,ndx,False,True,2013-02-28,,v4_-22,4.563549707316393,0.0,0.0,-4.563549707316393,0.8691588785046727,0.0,0.0,False,False,False,False,22.962369916688655
2013,NonEvent,[B] QQQ Jun-27 p 11% OTM,ndx,False,True,2013-02-28,,peak_-22,4.563549707316393,0.0,0.0,-4.563549707316393,0.8691588785046727,0.0,0.0,False,False,False,False,22.962369916688655
2013,NonEvent,[B] QQQ Jun-27 p 11% OTM,ndx,False,True,2013-02-28,,tiered,4.563549707316393,0.0,0.0,-4.563549707316393,0.8691588785046727,0.0,0.0,False,False,False,False,22.962369916688655
2013,NonEvent,[B] QQQ Jun-27 p 11% OTM,ndx,False,True,2013-02-28,,IPS,4.563549707316393,0.014057253976714066,1.81251822273616,-4.499398730045288,0.8691588785046727,0.0,0.0,False,False,False,False,22.962369916688655
2013,NonEvent,[B] QQQ Jun-27 p 11% OTM,ndx,False,True,2013-03-28,,hold,4.111737312246739,0.0,0.0,-4.111737312246739,1.0537781313818069,0.6898817345597897,0.0,False,False,False,False,21.338227672491573
2013,NonEvent,[B] QQQ Jun-27 p 11% OTM,ndx,False,True,2013-03-28,,v4_-22,4.111737312246739,0.0,0.0,-4.111737312246739,1.0537781313818069,0.6898817345597897,0.0,False,False,False,False,21.338227672491573
2013,NonEvent,[B] QQQ Jun-27 p 11% OTM,ndx,False,True,2013-03-28,,peak_-22,4.111737312246739,0.0,0.0,-4.111737312246739,1.0537781313818069,0.6898817345597897,0.0,False,False,False,False,21.338227672491573
2013,NonEvent,[B] QQQ Jun-27 p 11% OTM,ndx,False,True,2013-03-28,,tiered,4.111737312246739,0.0,0.0,-4.111737312246739,1.0537781313818069,0.6898817345597897,0.0,False,False,False,False,21.338227672491573
2013,NonEvent,[B] QQQ Jun-27 p 11% OTM,ndx,False,True,2013-03-28,,IPS,4.111737312246739,0.01610735213567261,1.9229158525282983,-4.045508111468997,1.0537781313818069,0.6898817345597897,0.0,False,False,False,False,21.338227672491573
2013,NonEvent,[B] QQQ Jun-27 p 11% OTM,ndx,False,True,2013-04-30,,hold,4.033131640200333,0.0,0.0,-4.033131640200333,1.030318476710725,1.6754270696452036,0.0,False,False,False,False,21.06183033768872
2013,NonEvent,[B] QQQ Jun-27 p 11% OTM,ndx,False,True,2013-04-30,,v4_-22,4.033131640200333,0.0,0.0,-4.033131640200333,1.030318476710725,1.6754270696452036,0.0,False,False,False,False,21.06183033768872
2013,NonEvent,[B] QQQ Jun-27 p 11% OTM,ndx,False,True,2013-04-30,,peak_-22,4.033131640200333,0.0,0.0,-4.033131640200333,1.030318476710725,1.6754270696452036,0.0,False,False,False,False,21.06183033768872
2013,NonEvent,[B] QQQ Jun-27 p 11% OTM,ndx,False,True,2013-04-30,,tiered,4.033131640200333,0.0,0.0,-4.033131640200333,1.030318476710725,1.6754270696452036,0.0,False,False,False,False,21.06183033768872
2013,NonEvent,[B] QQQ Jun-27 p 11% OTM,ndx,False,True,2013-04-30,,IPS,4.033131640200333,0.01573073757134896,1.886414322174708,-3.9696875047776374,1.030318476710725,1.6754270696452036,0.0,False,False,False,False,21.06183033768872
2013,NonEvent,[B] QQQ Jun-27 p 11% OTM,ndx,False,True,2013-05-31,,hold,4.462774284415748,0.0,0.0,-4.462774284415748,1.1186612697958842,0.7884362680683311,0.0,False,False,False,False,22.77568762579666
2013,NonEvent,[B] QQQ Jun-27 p 11% OTM,ndx,False,True,2013-05-31,,v4_-22,4.462774284415748,0.0,0.0,-4.462774284415748,1.1186612697958842,0.7884362680683311,0.0,False,False,False,False,22.77568762579666
2013,NonEvent,[B] QQQ Jun-27 p 11% OTM,ndx,False,True,2013-05-31,,peak_-22,4.462774284415748,0.0,0.0,-4.462774284415748,1.1186612697958842,0.7884362680683311,0.0,False,False,False,False,22.77568762579666
2013,NonEvent,[B] QQQ Jun-27 p 11% OTM,ndx,False,True,2013-05-31,,tiered,4.462774284415748,0.0,0.0,-4.462774284415748,1.1186612697958842,0.7884362680683311,0.0,False,False,False,False,22.77568762579666
2013,NonEvent,[B] QQQ Jun-27 p 11% OTM,ndx,False,True,2013-05-31,,IPS,4.462774284415748,0.04154937384891272,5.700836265337345,-4.277348807269244,1.1186612697958842,0.7884362680683311,0.0,False,False,False,False,22.77568762579666
2013,NonEvent,[B] QQQ Jun-27 p 11% OTM,ndx,False,True,2013-06-28,,hold,4.412021374627011,0.0,0.0,-4.412021374627011,0.8691588785046728,0.0,0.0,False,False,False,False,22.862812196530406
2013,NonEvent,[B] QQQ Jun-27 p 11% OTM,ndx,False,True,2013-06-28,,v4_-22,4.412021374627011,0.0,0.0,-4.412021374627011,0.8691588785046728,0.0,0.0,False,False,False,False,22.862812196530406
2013,NonEvent,[B] QQQ Jun-27 p 11% OTM,ndx,False,True,2013-06-28,,peak_-22,4.412021374627011,0.0,0.0,-4.412021374627011,0.8691588785046728,0.0,0.0,False,False,False,False,22.862812196530406
2013,NonEvent,[B] QQQ Jun-27 p 11% OTM,ndx,False,True,2013-06-28,,tiered,4.412021374627011,0.0,0.0,-4.412021374627011,0.8691588785046728,0.0,0.0,False,False,False,False,22.862812196530406
2013,NonEvent,[B] QQQ Jun-27 p 11% OTM,ndx,False,True,2013-06-28,,IPS,4.412021374627011,0.012886587595085082,1.7066683928966828,-4.355165474711493,0.8691588785046728,0.0,0.0,False,False,False,False,22.862812196530406
2013,NonEvent,[B] QQQ Jun-27 p 11% OTM,ndx,False,True,2013-07-31,,hold,3.9349183553981413,0.0,0.0,-3.9349183553981413,0.9232920808449544,2.266754270696452,0.0,False,False,False,False,21.221401924548267
2013,NonEvent,[B] QQQ Jun-27 p 11% OTM,ndx,False,True,2013-07-31,,v4_-22,3.9349183553981413,0.0,0.0,-3.9349183553981413,0.9232920808449544,2.266754270696452,0.0,False,False,False,False,21.221401924548267
2013,NonEvent,[B] QQQ Jun-27 p 11% OTM,ndx,False,True,2013-07-31,,peak_-22,3.9349183553981413,0.0,0.0,-3.9349183553981413,0.9232920808449544,2.266754270696452,0.0,False,False,False,False,21.221401924548267
2013,NonEvent,[B] QQQ Jun-27 p 11% OTM,ndx,False,True,2013-07-31,,tiered,3.9349183553981413,0.0,0.0,-3.9349183553981413,0.9232920808449544,2.266754270696452,0.0,False,False,False,False,21.221401924548267
2013,NonEvent,[B] QQQ Jun-27 p 11% OTM,ndx,False,True,2013-07-31,,IPS,3.9349183553981413,0.01996712491976138,2.5019629966769075,-3.8563493490468446,0.9232920808449544,2.266754270696452,0.0,False,False,False,False,21.221401924548267
2013,NonEvent,[B] QQQ Jun-27 p 11% OTM,ndx,False,True,2013-08-30,,hold,4.292143049345282,0.0,0.0,-4.292143049345282,0.92059079611215,1.281208935611038,0.0,False,False,False,False,22.568108180129382
2013,NonEvent,[B] QQQ Jun-27 p 11% OTM,ndx,False,True,2013-08-30,,v4_-22,4.292143049345282,0.0,0.0,-4.292143049345282,0.92059079611215,1.281208935611038,0.0,False,False,False,False,22.568108180129382
2013,NonEvent,[B] QQQ Jun-27 p 11% OTM,ndx,False,True,2013-08-30,,peak_-22,4.292143049345282,0.0,0.0,-4.292143049345282,0.92059079611215,1.281208935611038,0.0,False,False,False,False,22.568108180129382
2013,NonEvent,[B] QQQ Jun-27 p 11% OTM,ndx,False,True,2013-08-30,,tiered,4.292143049345282,0.0,0.0,-4.292143049345282,0.92059079611215,1.281208935611038,0.0,False,False,False,False,22.568108180129382
2013,NonEvent,[B] QQQ Jun-27 p 11% OTM,ndx,False,True,2013-08-30,,IPS,4.292143049345282,0.021828063427316347,2.975335708713855,-4.198453878625058,0.92059079611215,1.281208935611038,0.0,False,False,False,False,22.568108180129382
2013,NonEvent,[B] QQQ Jun-27 p 11% OTM,ndx,False,True,2013-09-30,,hold,4.243428653938338,0.0,0.0,-4.243428653938338,1.1478994265235036,0.2628120893561104,0.0,False,False,False,False,22.189453502131286
2013,NonEvent,[B] QQQ Jun-27 p 11% OTM,ndx,False,True,2013-09-30,,v4_-22,4.243428653938338,0.0,0.0,-4.243428653938338,1.1478994265235036,0.2628120893561104,0.0,False,False,False,False,22.189453502131286
2013,NonEvent,[B] QQQ Jun-27 p 11% OTM,ndx,False,True,2013-09-30,,peak_-22,4.243428653938338,0.0,0.0,-4.243428653938338,1.1478994265235036,0.2628120893561104,0.0,False,False,False,False,22.189453502131286
2013,NonEvent,[B] QQQ Jun-27 p 11% OTM,ndx,False,True,2013-09-30,,tiered,4.243428653938338,0.0,0.0,-4.243428653938338,1.1478994265235036,0.2628120893561104,0.0,False,False,False,False,22.189453502131286
2013,NonEvent,[B] QQQ Jun-27 p 11% OTM,ndx,False,True,2013-09-30,,IPS,4.243428653938338,0.015071290303646505,2.122546501058537,-4.179474708812021,1.1478994265235036,0.2628120893561104,0.0,False,False,False,False,22.189453502131286
2013,NonEvent,[B] QQQ Jun-27 p 11% OTM,ndx,False,True,2013-10-31,,hold,3.86484216802966,0.0,0.0,-3.86484216802966,0.9534120333767275,3.1208935611038107,0.0,False,False,False,False,20.750748796099934
2013,NonEvent,[B] QQQ Jun-27 p 11% OTM,ndx,False,True,2013-10-31,,v4_-22,3.86484216802966,0.0,0.0,-3.86484216802966,0.9534120333767275,3.1208935611038107,0.0,False,False,False,False,20.750748796099934
2013,NonEvent,[B] QQQ Jun-27 p 11% OTM,ndx,False,True,2013-10-31,,peak_-22,3.86484216802966,0.0,0.0,-3.86484216802966,0.9534120333767275,3.1208935611038107,0.0,False,False,False,False,20.750748796099934
2013,NonEvent,[B] QQQ Jun-27 p 11% OTM,ndx,False,True,2013-10-31,,tiered,3.86484216802966,0.0,0.0,-3.86484216802966,0.9534120333767275,3.1208935611038107,0.0,False,False,False,False,20.750748796099934
2013,NonEvent,[B] QQQ Jun-27 p 11% OTM,ndx,False,True,2013-10-31,,IPS,3.86484216802966,0.01606950593399995,2.1654736453862284,-3.802736063876534,0.9534120333767275,3.1208935611038107,0.0,False,False,False,False,20.750748796099934
2013,NonEvent,[B] QQQ Jun-27 p 11% OTM,ndx,False,True,2013-11-29,,hold,3.834528898192244,0.0,0.0,-3.834528898192244,1.1779166480612995,2.1681997371879107,0.0,False,False,False,False,20.61114388048303
2013,NonEvent,[B] QQQ Jun-27 p 11% OTM,ndx,False,True,2013-11-29,,v4_-22,3.834528898192244,0.0,0.0,-3.834528898192244,1.1779166480612995,2.1681997371879107,0.0,False,False,False,False,20.61114388048303
2013,NonEvent,[B] QQQ Jun-27 p 11% OTM,ndx,False,True,2013-11-29,,peak_-22,3.834528898192244,0.0,0.0,-3.834528898192244,1.1779166480612995,2.1681997371879107,0.0,False,False,False,False,20.61114388048303
2013,NonEvent,[B] QQQ Jun-27 p 11% OTM,ndx,False,True,2013-11-29,,tiered,3.834528898192244,0.0,0.0,-3.834528898192244,1.1779166480612995,2.1681997371879107,0.0,False,False,False,False,20.61114388048303
2013,NonEvent,[B] QQQ Jun-27 p 11% OTM,ndx,False,True,2013-11-29,,IPS,3.834528898192244,0.05218507387973069,7.201868766519423,-3.6344237243461195,1.1779166480612995,2.1681997371879107,0.0,False,False,False,False,20.61114388048303
2013,NonEvent,[B] QQQ Jun-27 p 11% OTM,ndx,False,True,2013-12-31,,hold,3.7173908592560765,0.0,0.0,-3.7173908592560765,1.454435249535962,1.1169513797634691,0.0,False,False,False,False,20.421599202553477
2013,NonEvent,[B] QQQ Jun-27 p 11% OTM,ndx,False,True,2013-12-31,,v4_-22,3.7173908592560765,0.0,0.0,-3.7173908592560765,1.454435249535962,1.1169513797634691,0.0,False,False,False,False,20.421599202553477
2013,NonEvent,[B] QQQ Jun-27 p 11% OTM,ndx,False,True,2013-12-31,,peak_-22,3.7173908592560765,0.0,0.0,-3.7173908592560765,1.454435249535962,1.1169513797634691,0.0,False,False,False,False,20.421599202553477
2013,NonEvent,[B] QQQ Jun-27 p 11% OTM,ndx,False,True,2013-12-31,,tiered,3.7173908592560765,0.0,0.0,-3.7173908592560765,1.454435249535962,1.1169513797634691,0.0,False,False,False,False,20.421599202553477
2013,NonEvent,[B] QQQ Jun-27 p 11% OTM,ndx,False,True,2013-12-31,,IPS,3.7173908592560765,0.022053921698596365,3.0431572993966647,-3.635407812322965,1.454435249535962,1.1169513797634691,0.0,False,False,False,False,20.421599202553477
2013,NonEvent,SPX Dec-27 10% OTM,spx,False,False,2013-01-31,,hold,4.790034488013804,0.0,0.0,-4.790034488013804,0.948323862790774,0.8212877792378449,0.0,False,False,False,False,17.797310075062363
2013,NonEvent,SPX Dec-27 10% OTM,spx,False,False,2013-01-31,,v4_-22,4.790034488013804,0.0,0.0,-4.790034488013804,0.948323862790774,0.8212877792378449,0.0,False,False,False,False,17.797310075062363
2013,NonEvent,SPX Dec-27 10% OTM,spx,False,False,2013-01-31,,peak_-22,4.790034488013804,0.0,0.0,-4.790034488013804,0.948323862790774,0.8212877792378449,0.0,False,False,False,False,17.797310075062363
2013,NonEvent,SPX Dec-27 10% OTM,spx,False,False,2013-01-31,,tiered,4.790034488013804,0.0,0.0,-4.790034488013804,0.948323862790774,0.8212877792378449,0.0,False,False,False,False,17.797310075062363
2013,NonEvent,SPX Dec-27 10% OTM,spx,False,False,2013-01-31,,IPS,4.790034488013804,0.004393457582372156,0.31588073508638836,-4.768989674672616,0.948323862790774,0.8212877792378449,0.0,False,False,False,False,17.797310075062363
2013,NonEvent,SPX Dec-27 10% OTM,spx,False,False,2013-02-28,,hold,4.916927083655837,0.0,0.0,-4.916927083655837,0.8691588785046729,0.0,0.0,False,False,False,False,18.048182508816478
2013,NonEvent,SPX Dec-27 10% OTM,spx,False,False,2013-02-28,,v4_-22,4.916927083655837,0.0,0.0,-4.916927083655837,0.8691588785046729,0.0,0.0,False,False,False,False,18.048182508816478
2013,NonEvent,SPX Dec-27 10% OTM,spx,False,False,2013-02-28,,peak_-22,4.916927083655837,0.0,0.0,-4.916927083655837,0.8691588785046729,0.0,0.0,False,False,False,False,18.048182508816478
2013,NonEvent,SPX Dec-27 10% OTM,spx,False,False,2013-02-28,,tiered,4.916927083655837,0.0,0.0,-4.916927083655837,0.8691588785046729,0.0,0.0,False,False,False,False,18.048182508816478
2013,NonEvent,SPX Dec-27 10% OTM,spx,False,False,2013-02-28,,IPS,4.916927083655837,0.0045666600514255844,0.3401625124464419,-4.894473149167133,0.8691588785046729,0.0,0.0,False,False,False,False,18.048182508816478
2013,NonEvent,SPX Dec-27 10% OTM,spx,False,False,2013-03-28,,hold,4.714062316183941,0.0,0.0,-4.714062316183941,0.9603533797898272,0.6898817345597897,0.0,False,False,False,False,17.488765673376978
2013,NonEvent,SPX Dec-27 10% OTM,spx,False,False,2013-03-28,,v4_-22,4.714062316183941,0.0,0.0,-4.714062316183941,0.9603533797898272,0.6898817345597897,0.0,False,False,False,False,17.488765673376978
2013,NonEvent,SPX Dec-27 10% OTM,spx,False,False,2013-03-28,,peak_-22,4.714062316183941,0.0,0.0,-4.714062316183941,0.9603533797898272,0.6898817345597897,0.0,False,False,False,False,17.488765673376978
2013,NonEvent,SPX Dec-27 10% OTM,spx,False,False,2013-03-28,,tiered,4.714062316183941,0.0,0.0,-4.714062316183941,0.9603533797898272,0.6898817345597897,0.0,False,False,False,False,17.488765673376978
2013,NonEvent,SPX Dec-27 10% OTM,spx,False,False,2013-03-28,,IPS,4.714062316183941,0.003943835047135981,0.29174082321441847,-4.695470832006991,0.9603533797898272,0.6898817345597897,0.0,False,False,False,False,17.488765673376978
2013,NonEvent,SPX Dec-27 10% OTM,spx,False,False,2013-04-30,,hold,4.675825541659792,0.0,0.0,-4.675825541659792,0.965130009465465,1.6754270696452036,0.0,False,False,False,False,17.283474424819577
2013,NonEvent,SPX Dec-27 10% OTM,spx,False,False,2013-04-30,,v4_-22,4.675825541659792,0.0,0.0,-4.675825541659792,0.965130009465465,1.6754270696452036,0.0,False,False,False,False,17.283474424819577
2013,NonEvent,SPX Dec-27 10% OTM,spx,False,False,2013-04-30,,peak_-22,4.675825541659792,0.0,0.0,-4.675825541659792,0.965130009465465,1.6754270696452036,0.0,False,False,False,False,17.283474424819577
2013,NonEvent,SPX Dec-27 10% OTM,spx,False,False,2013-04-30,,tiered,4.675825541659792,0.0,0.0,-4.675825541659792,0.965130009465465,1.6754270696452036,0.0,False,False,False,False,17.283474424819577
2013,NonEvent,SPX Dec-27 10% OTM,spx,False,False,2013-04-30,,IPS,4.675825541659792,0.0032903991895009204,0.2458743985081209,-4.660440209087268,0.965130009465465,1.6754270696452036,0.0,False,False,False,False,17.283474424819577
2013,NonEvent,SPX Dec-27 10% OTM,spx,False,False,2013-05-31,,hold,4.711613793727043,0.0,0.0,-4.711613793727043,1.0604362679883483,0.657030223390276,0.0,False,False,False,False,17.74480364126471
2013,NonEvent,SPX Dec-27 10% OTM,spx,False,False,2013-05-31,,v4_-22,4.711613793727043,0.0,0.0,-4.711613793727043,1.0604362679883483,0.657030223390276,0.0,False,False,False,False,17.74480364126471
2013,NonEvent,SPX Dec-27 10% OTM,spx,False,False,2013-05-31,,peak_-22,4.711613793727043,0.0,0.0,-4.711613793727043,1.0604362679883483,0.657030223390276,0.0,False,False,False,False,17.74480364126471
2013,NonEvent,SPX Dec-27 10% OTM,spx,False,False,2013-05-31,,tiered,4.711613793727043,0.0,0.0,-4.711613793727043,1.0604362679883483,0.657030223390276,0.0,False,False,False,False,17.74480364126471
2013,NonEvent,SPX Dec-27 10% OTM,spx,False,False,2013-05-31,,IPS,4.711613793727043,0.012137814239100693,0.9333644407811618,-4.6544251007324,1.0604362679883483,0.657030223390276,0.0,False,False,False,False,17.74480364126471
2013,NonEvent,SPX Dec-27 10% OTM,spx,False,False,2013-06-28,,hold,4.570730976691859,0.0,0.0,-4.570730976691859,0.8691588785046727,0.0,0.0,False,False,False,False,17.72317867552675
2013,NonEvent,SPX Dec-27 10% OTM,spx,False,False,2013-06-28,,v4_-22,4.570730976691859,0.0,0.0,-4.570730976691859,0.8691588785046727,0.0,0.0,False,False,False,False,17.72317867552675
2013,NonEvent,SPX Dec-27 10% OTM,spx,False,False,2013-06-28,,peak_-22,4.570730976691859,0.0,0.0,-4.570730976691859,0.8691588785046727,0.0,0.0,False,False,False,False,17.72317867552675
2013,NonEvent,SPX Dec-27 10% OTM,spx,False,False,2013-06-28,,tiered,4.570730976691859,0.0,0.0,-4.570730976691859,0.8691588785046727,0.0,0.0,False,False,False,False,17.72317867552675
2013,NonEvent,SPX Dec-27 10% OTM,spx,False,False,2013-06-28,,IPS,4.570730976691859,0.0036265616800072393,0.2662248424548588,-4.554154938882165,0.8691588785046727,0.0,0.0,False,False,False,False,17.72317867552675
2013,NonEvent,SPX Dec-27 10% OTM,spx,False,False,2013-07-31,,hold,4.255842097460103,0.0,0.0,-4.255842097460103,1.0708706894366835,2.266754270696452,-4.017666909331743e-16,False,False,False,False,16.820853491669233
2013,NonEvent,SPX Dec-27 10% OTM,spx,False,False,2013-07-31,,v4_-22,4.255842097460103,0.0,0.0,-4.255842097460103,1.0708706894366835,2.266754270696452,-4.017666909331743e-16,False,False,False,False,16.820853491669233
2013,NonEvent,SPX Dec-27 10% OTM,spx,False,False,2013-07-31,,peak_-22,4.255842097460103,0.0,0.0,-4.255842097460103,1.0708706894366835,2.266754270696452,-4.017666909331743e-16,False,False,False,False,16.820853491669233
2013,NonEvent,SPX Dec-27 10% OTM,spx,False,False,2013-07-31,,tiered,4.255842097460103,0.0,0.0,-4.255842097460103,1.0708706894366835,2.266754270696452,-4.017666909331743e-16,False,False,False,False,16.820853491669233
2013,NonEvent,SPX Dec-27 10% OTM,spx,False,False,2013-07-31,,IPS,4.255842097460103,0.021118632530090064,1.5151400640373247,-4.165964532097755,1.0708706894366835,2.266754270696452,-4.017666909331743e-16,False,False,False,False,16.820853491669233
2013,NonEvent,SPX Dec-27 10% OTM,spx,False,False,2013-08-30,,hold,4.41119542194439,0.0,0.0,-4.41119542194439,0.9857244856525066,1.281208935611038,0.0,False,False,False,False,17.42662578068407
2013,NonEvent,SPX Dec-27 10% OTM,spx,False,False,2013-08-30,,v4_-22,4.41119542194439,0.0,0.0,-4.41119542194439,0.9857244856525066,1.281208935611038,0.0,False,False,False,False,17.42662578068407
2013,NonEvent,SPX Dec-27 10% OTM,spx,False,False,2013-08-30,,peak_-22,4.41119542194439,0.0,0.0,-4.41119542194439,0.9857244856525066,1.281208935611038,0.0,False,False,False,False,17.42662578068407
2013,NonEvent,SPX Dec-27 10% OTM,spx,False,False,2013-08-30,,tiered,4.41119542194439,0.0,0.0,-4.41119542194439,0.9857244856525066,1.281208935611038,0.0,False,False,False,False,17.42662578068407
2013,NonEvent,SPX Dec-27 10% OTM,spx,False,False,2013-08-30,,IPS,4.41119542194439,0.006202210248109464,0.44723498914969373,-4.383836260491993,0.9857244856525066,1.281208935611038,0.0,False,False,False,False,17.42662578068407
2013,NonEvent,SPX Dec-27 10% OTM,spx,False,False,2013-09-30,,hold,4.4290651541079225,0.0,0.0,-4.4290651541079225,1.1075323934952916,0.2628120893561104,0.0,False,False,False,False,17.157531201969164
2013,NonEvent,SPX Dec-27 10% OTM,spx,False,False,2013-09-30,,v4_-22,4.4290651541079225,0.0,0.0,-4.4290651541079225,1.1075323934952916,0.2628120893561104,0.0,False,False,False,False,17.157531201969164
2013,NonEvent,SPX Dec-27 10% OTM,spx,False,False,2013-09-30,,peak_-22,4.4290651541079225,0.0,0.0,-4.4290651541079225,1.1075323934952916,0.2628120893561104,0.0,False,False,False,False,17.157531201969164
2013,NonEvent,SPX Dec-27 10% OTM,spx,False,False,2013-09-30,,tiered,4.4290651541079225,0.0,0.0,-4.4290651541079225,1.1075323934952916,0.2628120893561104,0.0,False,False,False,False,17.157531201969164
2013,NonEvent,SPX Dec-27 10% OTM,spx,False,False,2013-09-30,,IPS,4.4290651541079225,0.007039613508463337,0.5241626342144118,-4.3978862472192,1.1075323934952916,0.2628120893561104,0.0,False,False,False,False,17.157531201969164
2013,NonEvent,SPX Dec-27 10% OTM,spx,False,False,2013-10-31,,hold,4.172441988787857,0.0,0.0,-4.172441988787857,1.111887452263351,3.1208935611038107,0.0,False,False,False,False,16.353397586845848
2013,NonEvent,SPX Dec-27 10% OTM,spx,False,False,2013-10-31,,v4_-22,4.172441988787857,0.0,0.0,-4.172441988787857,1.111887452263351,3.1208935611038107,0.0,False,False,False,False,16.353397586845848
2013,NonEvent,SPX Dec-27 10% OTM,spx,False,False,2013-10-31,,peak_-22,4.172441988787857,0.0,0.0,-4.172441988787857,1.111887452263351,3.1208935611038107,0.0,False,False,False,False,16.353397586845848
2013,NonEvent,SPX Dec-27 10% OTM,spx,False,False,2013-10-31,,tiered,4.172441988787857,0.0,0.0,-4.172441988787857,1.111887452263351,3.1208935611038107,0.0,False,False,False,False,16.353397586845848
2013,NonEvent,SPX Dec-27 10% OTM,spx,False,False,2013-10-31,,IPS,4.172441988787857,0.014368363889083679,1.055627668875846,-4.112490823986861,1.111887452263351,3.1208935611038107,0.0,False,False,False,False,16.353397586845848
2013,NonEvent,SPX Dec-27 10% OTM,spx,False,False,2013-11-29,,hold,4.140640104213823,0.0,0.0,-4.140640104213823,1.2642438548411135,2.1681997371879107,0.0,False,False,False,False,16.23648907605666
2013,NonEvent,SPX Dec-27 10% OTM,spx,False,False,2013-11-29,,v4_-22,4.140640104213823,0.0,0.0,-4.140640104213823,1.2642438548411135,2.1681997371879107,0.0,False,False,False,False,16.23648907605666
2013,NonEvent,SPX Dec-27 10% OTM,spx,False,False,2013-11-29,,peak_-22,4.140640104213823,0.0,0.0,-4.140640104213823,1.2642438548411135,2.1681997371879107,0.0,False,False,False,False,16.23648907605666
2013,NonEvent,SPX Dec-27 10% OTM,spx,False,False,2013-11-29,,tiered,4.140640104213823,0.0,0.0,-4.140640104213823,1.2642438548411135,2.1681997371879107,0.0,False,False,False,False,16.23648907605666
2013,NonEvent,SPX Dec-27 10% OTM,spx,False,False,2013-11-29,,IPS,4.140640104213823,0.06234652446338503,4.662112657119189,-3.8824855846623816,1.2642438548411135,2.1681997371879107,0.0,False,False,False,False,16.23648907605666
2013,NonEvent,SPX Dec-27 10% OTM,spx,False,False,2013-12-31,,hold,3.9674195769743434,0.0,0.0,-3.9674195769743434,1.481580669522275,1.1169513797634691,0.0,False,False,False,False,16.063331832186403
2013,NonEvent,SPX Dec-27 10% OTM,spx,False,False,2013-12-31,,v4_-22,3.9674195769743434,0.0,0.0,-3.9674195769743434,1.481580669522275,1.1169513797634691,0.0,False,False,False,False,16.063331832186403
2013,NonEvent,SPX Dec-27 10% OTM,spx,False,False,2013-12-31,,peak_-22,3.9674195769743434,0.0,0.0,-3.9674195769743434,1.481580669522275,1.1169513797634691,0.0,False,False,False,False,16.063331832186403
2013,NonEvent,SPX Dec-27 10% OTM,spx,False,False,2013-12-31,,tiered,3.9674195769743434,0.0,0.0,-3.9674195769743434,1.481580669522275,1.1169513797634691,0.0,False,False,False,False,16.063331832186403
2013,NonEvent,SPX Dec-27 10% OTM,spx,False,False,2013-12-31,,IPS,3.9674195769743434,0.0101707030071784,0.7474265718294867,-3.9270681307520716,1.481580669522275,1.1169513797634691,0.0,False,False,False,False,16.063331832186403
2013,NonEvent,SPX Dec-27 90/70 spread,spx,False,False,2013-01-31,,hold,2.7323058022494435,0.0,0.0,-2.7323058022494435,0.955687519002397,0.8212877792378449,0.0,False,False,False,False,17.797310075062363
2013,NonEvent,SPX Dec-27 90/70 spread,spx,False,False,2013-01-31,,v4_-22,2.7323058022494435,0.0,0.0,-2.7323058022494435,0.955687519002397,0.8212877792378449,0.0,False,False,False,False,17.797310075062363
2013,NonEvent,SPX Dec-27 90/70 spread,spx,False,False,2013-01-31,,peak_-22,2.7323058022494435,0.0,0.0,-2.7323058022494435,0.955687519002397,0.8212877792378449,0.0,False,False,False,False,17.797310075062363
2013,NonEvent,SPX Dec-27 90/70 spread,spx,False,False,2013-01-31,,tiered,2.7323058022494435,0.0,0.0,-2.7323058022494435,0.955687519002397,0.8212877792378449,0.0,False,False,False,False,17.797310075062363
2013,NonEvent,SPX Dec-27 90/70 spread,spx,False,False,2013-01-31,,IPS,2.7323058022494435,0.006335299255933449,0.2598211498546797,-2.7149958273334702,0.955687519002397,0.8212877792378449,0.0,False,False,False,False,17.797310075062363
2013,NonEvent,SPX Dec-27 90/70 spread,spx,False,False,2013-02-28,,hold,2.7959412226563005,0.0,0.0,-2.7959412226563005,0.8691588785046728,0.0,0.0,False,False,False,False,18.048182508816478
2013,NonEvent,SPX Dec-27 90/70 spread,spx,False,False,2013-02-28,,v4_-22,2.7959412226563005,0.0,0.0,-2.7959412226563005,0.8691588785046728,0.0,0.0,False,False,False,False,18.048182508816478
2013,NonEvent,SPX Dec-27 90/70 spread,spx,False,False,2013-02-28,,peak_-22,2.7959412226563005,0.0,0.0,-2.7959412226563005,0.8691588785046728,0.0,0.0,False,False,False,False,18.048182508816478
2013,NonEvent,SPX Dec-27 90/70 spread,spx,False,False,2013-02-28,,tiered,2.7959412226563005,0.0,0.0,-2.7959412226563005,0.8691588785046728,0.0,0.0,False,False,False,False,18.048182508816478
2013,NonEvent,SPX Dec-27 90/70 spread,spx,False,False,2013-02-28,,IPS,2.7959412226563005,0.006668746852759018,0.2824660575449403,-2.777295798427213,0.8691588785046728,0.0,0.0,False,False,False,False,18.048182508816478
2013,NonEvent,SPX Dec-27 90/70 spread,spx,False,False,2013-03-28,,hold,2.7021677803818456,0.0,0.0,-2.7021677803818456,0.9798329629063813,0.6898817345597897,0.0,False,False,False,False,17.488765673376978
2013,NonEvent,SPX Dec-27 90/70 spread,spx,False,False,2013-03-28,,v4_-22,2.7021677803818456,0.0,0.0,-2.7021677803818456,0.9798329629063813,0.6898817345597897,0.0,False,False,False,False,17.488765673376978
2013,NonEvent,SPX Dec-27 90/70 spread,spx,False,False,2013-03-28,,peak_-22,2.7021677803818456,0.0,0.0,-2.7021677803818456,0.9798329629063813,0.6898817345597897,0.0,False,False,False,False,17.488765673376978
2013,NonEvent,SPX Dec-27 90/70 spread,spx,False,False,2013-03-28,,tiered,2.7021677803818456,0.0,0.0,-2.7021677803818456,0.9798329629063813,0.6898817345597897,0.0,False,False,False,False,17.488765673376978
2013,NonEvent,SPX Dec-27 90/70 spread,spx,False,False,2013-03-28,,IPS,2.7021677803818456,0.005769365317079769,0.24463776111633068,-2.6865779873087794,0.9798329629063813,0.6898817345597897,0.0,False,False,False,False,17.488765673376978
2013,NonEvent,SPX Dec-27 90/70 spread,spx,False,False,2013-04-30,,hold,2.695067690250108,0.0,0.0,-2.695067690250108,0.9615903031162889,1.8068331143232588,0.0,False,False,False,False,17.283474424819577
2013,NonEvent,SPX Dec-27 90/70 spread,spx,False,False,2013-04-30,,v4_-22,2.695067690250108,0.0,0.0,-2.695067690250108,0.9615903031162889,1.8068331143232588,0.0,False,False,False,False,17.283474424819577
2013,NonEvent,SPX Dec-27 90/70 spread,spx,False,False,2013-04-30,,peak_-22,2.695067690250108,0.0,0.0,-2.695067690250108,0.9615903031162889,1.8068331143232588,0.0,False,False,False,False,17.283474424819577
2013,NonEvent,SPX Dec-27 90/70 spread,spx,False,False,2013-04-30,,tiered,2.695067690250108,0.0,0.0,-2.695067690250108,0.9615903031162889,1.8068331143232588,0.0,False,False,False,False,17.283474424819577
2013,NonEvent,SPX Dec-27 90/70 spread,spx,False,False,2013-04-30,,IPS,2.695067690250108,0.004749052461308133,0.2045422677723582,-2.682268672402334,0.9615903031162889,1.8068331143232588,0.0,False,False,False,False,17.283474424819577
2013,NonEvent,SPX Dec-27 90/70 spread,spx,False,False,2013-05-31,,hold,2.6752022060613476,0.0,0.0,-2.6752022060613476,1.0665534068965687,0.7884362680683311,0.0,False,False,False,False,17.74480364126471
2013,NonEvent,SPX Dec-27 90/70 spread,spx,False,False,2013-05-31,,v4_-22,2.6752022060613476,0.0,0.0,-2.6752022060613476,1.0665534068965687,0.7884362680683311,0.0,False,False,False,False,17.74480364126471
2013,NonEvent,SPX Dec-27 90/70 spread,spx,False,False,2013-05-31,,peak_-22,2.6752022060613476,0.0,0.0,-2.6752022060613476,1.0665534068965687,0.7884362680683311,0.0,False,False,False,False,17.74480364126471
2013,NonEvent,SPX Dec-27 90/70 spread,spx,False,False,2013-05-31,,tiered,2.6752022060613476,0.0,0.0,-2.6752022060613476,1.0665534068965687,0.7884362680683311,0.0,False,False,False,False,17.74480364126471
2013,NonEvent,SPX Dec-27 90/70 spread,spx,False,False,2013-05-31,,IPS,2.6752022060613476,0.01875240768374941,0.8187564419394275,-2.62503572365682,1.0665534068965687,0.7884362680683311,0.0,False,False,False,False,17.74480364126471
2013,NonEvent,SPX Dec-27 90/70 spread,spx,False,False,2013-06-28,,hold,2.578097552890401,0.0,0.0,-2.578097552890401,0.8691588785046727,0.0,0.0,False,False,False,False,17.72317867552675
2013,NonEvent,SPX Dec-27 90/70 spread,spx,False,False,2013-06-28,,v4_-22,2.578097552890401,0.0,0.0,-2.578097552890401,0.8691588785046727,0.0,0.0,False,False,False,False,17.72317867552675
2013,NonEvent,SPX Dec-27 90/70 spread,spx,False,False,2013-06-28,,peak_-22,2.578097552890401,0.0,0.0,-2.578097552890401,0.8691588785046727,0.0,0.0,False,False,False,False,17.72317867552675
2013,NonEvent,SPX Dec-27 90/70 spread,spx,False,False,2013-06-28,,tiered,2.578097552890401,0.0,0.0,-2.578097552890401,0.8691588785046727,0.0,0.0,False,False,False,False,17.72317867552675
2013,NonEvent,SPX Dec-27 90/70 spread,spx,False,False,2013-06-28,,IPS,2.578097552890401,0.005314396313663863,0.2200498793809344,-2.564396520759054,0.8691588785046727,0.0,0.0,False,False,False,False,17.72317867552675
2013,NonEvent,SPX Dec-27 90/70 spread,spx,False,False,2013-07-31,,hold,2.440597001115687,0.0,0.0,-2.440597001115687,1.0932053975139777,2.266754270696452,-7.005890754798957e-16,False,False,False,False,16.820853491669233
2013,NonEvent,SPX Dec-27 90/70 spread,spx,False,False,2013-07-31,,v4_-22,2.440597001115687,0.0,0.0,-2.440597001115687,1.0932053975139777,2.266754270696452,-7.005890754798957e-16,False,False,False,False,16.820853491669233
2013,NonEvent,SPX Dec-27 90/70 spread,spx,False,False,2013-07-31,,peak_-22,2.440597001115687,0.0,0.0,-2.440597001115687,1.0932053975139777,2.266754270696452,-7.005890754798957e-16,False,False,False,False,16.820853491669233
2013,NonEvent,SPX Dec-27 90/70 spread,spx,False,False,2013-07-31,,tiered,2.440597001115687,0.0,0.0,-2.440597001115687,1.0932053975139777,2.266754270696452,-7.005890754798957e-16,False,False,False,False,16.820853491669233
2013,NonEvent,SPX Dec-27 90/70 spread,spx,False,False,2013-07-31,,IPS,2.440597001115687,0.03217294462608364,1.3236963379609388,-2.3620758089442067,1.0932053975139777,2.266754270696452,-7.005890754798957e-16,False,False,False,False,16.820853491669233
2013,NonEvent,SPX Dec-27 90/70 spread,spx,False,False,2013-08-30,,hold,2.4940710421061767,0.0,0.0,-2.4940710421061767,0.9710704487379047,1.281208935611038,0.0,False,False,False,False,17.42662578068407
2013,NonEvent,SPX Dec-27 90/70 spread,spx,False,False,2013-08-30,,v4_-22,2.4940710421061767,0.0,0.0,-2.4940710421061767,0.9710704487379047,1.281208935611038,0.0,False,False,False,False,17.42662578068407
2013,NonEvent,SPX Dec-27 90/70 spread,spx,False,False,2013-08-30,,peak_-22,2.4940710421061767,0.0,0.0,-2.4940710421061767,0.9710704487379047,1.281208935611038,0.0,False,False,False,False,17.42662578068407
2013,NonEvent,SPX Dec-27 90/70 spread,spx,False,False,2013-08-30,,tiered,2.4940710421061767,0.0,0.0,-2.4940710421061767,0.9710704487379047,1.281208935611038,0.0,False,False,False,False,17.42662578068407
2013,NonEvent,SPX Dec-27 90/70 spread,spx,False,False,2013-08-30,,IPS,2.4940710421061767,0.009165380217578324,0.37367349719560844,-2.4712119327156215,0.9710704487379047,1.281208935611038,0.0,False,False,False,False,17.42662578068407
2013,NonEvent,SPX Dec-27 90/70 spread,spx,False,False,2013-09-30,,hold,2.5319628724247036,0.0,0.0,-2.5319628724247036,1.0793837466188787,0.2628120893561104,0.0,False,False,False,False,17.157531201969164
2013,NonEvent,SPX Dec-27 90/70 spread,spx,False,False,2013-09-30,,v4_-22,2.5319628724247036,0.0,0.0,-2.5319628724247036,1.0793837466188787,0.2628120893561104,0.0,False,False,False,False,17.157531201969164
2013,NonEvent,SPX Dec-27 90/70 spread,spx,False,False,2013-09-30,,peak_-22,2.5319628724247036,0.0,0.0,-2.5319628724247036,1.0793837466188787,0.2628120893561104,0.0,False,False,False,False,17.157531201969164
2013,NonEvent,SPX Dec-27 90/70 spread,spx,False,False,2013-09-30,,tiered,2.5319628724247036,0.0,0.0,-2.5319628724247036,1.0793837466188787,0.2628120893561104,0.0,False,False,False,False,17.157531201969164
2013,NonEvent,SPX Dec-27 90/70 spread,spx,False,False,2013-09-30,,IPS,2.5319628724247036,0.0103780063717648,0.4417498791501284,-2.5056861456016084,1.0793837466188787,0.2628120893561104,0.0,False,False,False,False,17.157531201969164
2013,NonEvent,SPX Dec-27 90/70 spread,spx,False,False,2013-10-31,,hold,2.4298880969905516,0.0,0.0,-2.4298880969905516,1.1259656154547648,3.1208935611038107,0.0,False,False,False,False,16.353397586845848
2013,NonEvent,SPX Dec-27 90/70 spread,spx,False,False,2013-10-31,,v4_-22,2.4298880969905516,0.0,0.0,-2.4298880969905516,1.1259656154547648,3.1208935611038107,0.0,False,False,False,False,16.353397586845848
2013,NonEvent,SPX Dec-27 90/70 spread,spx,False,False,2013-10-31,,peak_-22,2.4298880969905516,0.0,0.0,-2.4298880969905516,1.1259656154547648,3.1208935611038107,0.0,False,False,False,False,16.353397586845848
2013,NonEvent,SPX Dec-27 90/70 spread,spx,False,False,2013-10-31,,tiered,2.4298880969905516,0.0,0.0,-2.4298880969905516,1.1259656154547648,3.1208935611038107,0.0,False,False,False,False,16.353397586845848
2013,NonEvent,SPX Dec-27 90/70 spread,spx,False,False,2013-10-31,,IPS,2.4298880969905516,0.02125159445588289,0.9092659597985746,-2.3782491005801316,1.1259656154547648,3.1208935611038107,0.0,False,False,False,False,16.353397586845848
2013,NonEvent,SPX Dec-27 90/70 spread,spx,False,False,2013-11-29,,hold,2.4176856611529316,0.0,0.0,-2.4176856611529316,1.2717185512466933,2.1681997371879107,0.0,False,False,False,False,16.23648907605666
2013,NonEvent,SPX Dec-27 90/70 spread,spx,False,False,2013-11-29,,v4_-22,2.4176856611529316,0.0,0.0,-2.4176856611529316,1.2717185512466933,2.1681997371879107,0.0,False,False,False,False,16.23648907605666
2013,NonEvent,SPX Dec-27 90/70 spread,spx,False,False,2013-11-29,,peak_-22,2.4176856611529316,0.0,0.0,-2.4176856611529316,1.2717185512466933,2.1681997371879107,0.0,False,False,False,False,16.23648907605666
2013,NonEvent,SPX Dec-27 90/70 spread,spx,False,False,2013-11-29,,tiered,2.4176856611529316,0.0,0.0,-2.4176856611529316,1.2717185512466933,2.1681997371879107,0.0,False,False,False,False,16.23648907605666
2013,NonEvent,SPX Dec-27 90/70 spread,spx,False,False,2013-11-29,,IPS,2.4176856611529316,0.09403070923296009,4.105561647007753,-2.1903489637323634,1.2717185512466933,2.1681997371879107,0.0,False,False,False,False,16.23648907605666
2013,NonEvent,SPX Dec-27 90/70 spread,spx,False,False,2013-12-31,,hold,2.307966952720666,0.0,0.0,-2.307966952720666,1.4883821062075837,1.1169513797634691,0.0,False,False,False,False,16.063331832186403
2013,NonEvent,SPX Dec-27 90/70 spread,spx,False,False,2013-12-31,,v4_-22,2.307966952720666,0.0,0.0,-2.307966952720666,1.4883821062075837,1.1169513797634691,0.0,False,False,False,False,16.063331832186403
2013,NonEvent,SPX Dec-27 90/70 spread,spx,False,False,2013-12-31,,peak_-22,2.307966952720666,0.0,0.0,-2.307966952720666,1.4883821062075837,1.1169513797634691,0.0,False,False,False,False,16.063331832186403
2013,NonEvent,SPX Dec-27 90/70 spread,spx,False,False,2013-12-31,,tiered,2.307966952720666,0.0,0.0,-2.307966952720666,1.4883821062075837,1.1169513797634691,0.0,False,False,False,False,16.063331832186403
2013,NonEvent,SPX Dec-27 90/70 spread,spx,False,False,2013-12-31,,IPS,2.307966952720666,0.015533633658587802,0.6640672664535104,-2.272115839580976,1.4883821062075837,1.1169513797634691,0.0,False,False,False,False,16.063331832186403
2013,NonEvent,QQQ Dec-27 10% OTM,ndx,False,False,2013-01-31,,hold,6.528435762777855,0.0,0.0,-6.528435762777855,0.9535357286967697,0.8212877792378449,0.0,False,False,False,False,23.03696003152082
2013,NonEvent,QQQ Dec-27 10% OTM,ndx,False,False,2013-01-31,,v4_-22,6.528435762777855,0.0,0.0,-6.528435762777855,0.9535357286967697,0.8212877792378449,0.0,False,False,False,False,23.03696003152082
2013,NonEvent,QQQ Dec-27 10% OTM,ndx,False,False,2013-01-31,,peak_-22,6.528435762777855,0.0,0.0,-6.528435762777855,0.9535357286967697,0.8212877792378449,0.0,False,False,False,False,23.03696003152082
2013,NonEvent,QQQ Dec-27 10% OTM,ndx,False,False,2013-01-31,,tiered,6.528435762777855,0.0,0.0,-6.528435762777855,0.9535357286967697,0.8212877792378449,0.0,False,False,False,False,23.03696003152082
2013,NonEvent,QQQ Dec-27 10% OTM,ndx,False,False,2013-01-31,,IPS,6.528435762777855,0.005253989661039311,0.9667937060293117,-6.494135428777462,0.9535357286967697,0.8212877792378449,0.0,False,False,False,False,23.03696003152082
2013,NonEvent,QQQ Dec-27 10% OTM,ndx,False,False,2013-02-28,,hold,6.7460500103730725,0.0,0.0,-6.7460500103730725,0.8691588785046728,0.0,0.0,False,False,False,False,23.46263726146142
2013,NonEvent,QQQ Dec-27 10% OTM,ndx,False,False,2013-02-28,,v4_-22,6.7460500103730725,0.0,0.0,-6.7460500103730725,0.8691588785046728,0.0,0.0,False,False,False,False,23.46263726146142
2013,NonEvent,QQQ Dec-27 10% OTM,ndx,False,False,2013-02-28,,peak_-22,6.7460500103730725,0.0,0.0,-6.7460500103730725,0.8691588785046728,0.0,0.0,False,False,False,False,23.46263726146142
2013,NonEvent,QQQ Dec-27 10% OTM,ndx,False,False,2013-02-28,,tiered,6.7460500103730725,0.0,0.0,-6.7460500103730725,0.8691588785046728,0.0,0.0,False,False,False,False,23.46263726146142
2013,NonEvent,QQQ Dec-27 10% OTM,ndx,False,False,2013-02-28,,IPS,6.7460500103730725,0.006179506854850438,1.1778296412113802,-6.704362748090808,0.8691588785046728,0.0,0.0,False,False,False,False,23.46263726146142
2013,NonEvent,QQQ Dec-27 10% OTM,ndx,False,False,2013-03-28,,hold,6.314584215592761,0.0,0.0,-6.314584215592761,0.985605121777441,0.6898817345597897,0.0,False,False,False,False,22.324365179062234
2013,NonEvent,QQQ Dec-27 10% OTM,ndx,False,False,2013-03-28,,v4_-22,6.314584215592761,0.0,0.0,-6.314584215592761,0.985605121777441,0.6898817345597897,0.0,False,False,False,False,22.324365179062234
2013,NonEvent,QQQ Dec-27 10% OTM,ndx,False,False,2013-03-28,,peak_-22,6.314584215592761,0.0,0.0,-6.314584215592761,0.985605121777441,0.6898817345597897,0.0,False,False,False,False,22.324365179062234
2013,NonEvent,QQQ Dec-27 10% OTM,ndx,False,False,2013-03-28,,tiered,6.314584215592761,0.0,0.0,-6.314584215592761,0.985605121777441,0.6898817345597897,0.0,False,False,False,False,22.324365179062234
2013,NonEvent,QQQ Dec-27 10% OTM,ndx,False,False,2013-03-28,,IPS,6.314584215592761,0.00425933318765694,0.780903086639984,-6.2876882974770325,0.985605121777441,0.6898817345597897,0.0,False,False,False,False,22.324365179062234
2013,NonEvent,QQQ Dec-27 10% OTM,ndx,False,False,2013-04-30,,hold,6.204942379266279,0.0,0.0,-6.204942379266279,0.9927387145698157,1.6754270696452036,0.0,False,False,False,False,21.91693976208905
2013,NonEvent,QQQ Dec-27 10% OTM,ndx,False,False,2013-04-30,,v4_-22,6.204942379266279,0.0,0.0,-6.204942379266279,0.9927387145698157,1.6754270696452036,0.0,False,False,False,False,21.91693976208905
2013,NonEvent,QQQ Dec-27 10% OTM,ndx,False,False,2013-04-30,,peak_-22,6.204942379266279,0.0,0.0,-6.204942379266279,0.9927387145698157,1.6754270696452036,0.0,False,False,False,False,21.91693976208905
2013,NonEvent,QQQ Dec-27 10% OTM,ndx,False,False,2013-04-30,,tiered,6.204942379266279,0.0,0.0,-6.204942379266279,0.9927387145698157,1.6754270696452036,0.0,False,False,False,False,21.91693976208905
2013,NonEvent,QQQ Dec-27 10% OTM,ndx,False,False,2013-04-30,,IPS,6.204942379266279,0.00336546278378896,0.6209092743556017,-6.184059876613302,0.9927387145698157,1.6754270696452036,0.0,False,False,False,False,21.91693976208905
2013,NonEvent,QQQ Dec-27 10% OTM,ndx,False,False,2013-05-31,,hold,6.505394060207284,0.0,0.0,-6.505394060207284,1.0573358401124313,0.657030223390276,0.0,False,False,False,False,23.06824473364412
2013,NonEvent,QQQ Dec-27 10% OTM,ndx,False,False,2013-05-31,,v4_-22,6.505394060207284,0.0,0.0,-6.505394060207284,1.0573358401124313,0.657030223390276,0.0,False,False,False,False,23.06824473364412
2013,NonEvent,QQQ Dec-27 10% OTM,ndx,False,False,2013-05-31,,peak_-22,6.505394060207284,0.0,0.0,-6.505394060207284,1.0573358401124313,0.657030223390276,0.0,False,False,False,False,23.06824473364412
2013,NonEvent,QQQ Dec-27 10% OTM,ndx,False,False,2013-05-31,,tiered,6.505394060207284,0.0,0.0,-6.505394060207284,1.0573358401124313,0.657030223390276,0.0,False,False,False,False,23.06824473364412
2013,NonEvent,QQQ Dec-27 10% OTM,ndx,False,False,2013-05-31,,IPS,6.505394060207284,0.00971541497474701,1.943140155522372,-6.442191457338116,1.0573358401124313,0.657030223390276,0.0,False,False,False,False,23.06824473364412
2013,NonEvent,QQQ Dec-27 10% OTM,ndx,False,False,2013-06-28,,hold,6.357082772830357,0.0,0.0,-6.357082772830357,0.8691588785046729,0.0,0.0,False,False,False,False,23.040132278184775
2013,NonEvent,QQQ Dec-27 10% OTM,ndx,False,False,2013-06-28,,v4_-22,6.357082772830357,0.0,0.0,-6.357082772830357,0.8691588785046729,0.0,0.0,False,False,False,False,23.040132278184775
2013,NonEvent,QQQ Dec-27 10% OTM,ndx,False,False,2013-06-28,,peak_-22,6.357082772830357,0.0,0.0,-6.357082772830357,0.8691588785046729,0.0,0.0,False,False,False,False,23.040132278184775
2013,NonEvent,QQQ Dec-27 10% OTM,ndx,False,False,2013-06-28,,tiered,6.357082772830357,0.0,0.0,-6.357082772830357,0.8691588785046729,0.0,0.0,False,False,False,False,23.040132278184775
2013,NonEvent,QQQ Dec-27 10% OTM,ndx,False,False,2013-06-28,,IPS,6.357082772830357,0.0029471426326898253,0.5623835756848081,-6.338347543171011,0.8691588785046729,0.0,0.0,False,False,False,False,23.040132278184775
2013,NonEvent,QQQ Dec-27 10% OTM,ndx,False,False,2013-07-31,,hold,5.917771674565661,0.0,0.0,-5.917771674565661,0.9610992262789699,2.266754270696452,0.0,False,False,False,False,21.867109539170006
2013,NonEvent,QQQ Dec-27 10% OTM,ndx,False,False,2013-07-31,,v4_-22,5.917771674565661,0.0,0.0,-5.917771674565661,0.9610992262789699,2.266754270696452,0.0,False,False,False,False,21.867109539170006
2013,NonEvent,QQQ Dec-27 10% OTM,ndx,False,False,2013-07-31,,peak_-22,5.917771674565661,0.0,0.0,-5.917771674565661,0.9610992262789699,2.266754270696452,0.0,False,False,False,False,21.867109539170006
2013,NonEvent,QQQ Dec-27 10% OTM,ndx,False,False,2013-07-31,,tiered,5.917771674565661,0.0,0.0,-5.917771674565661,0.9610992262789699,2.266754270696452,0.0,False,False,False,False,21.867109539170006
2013,NonEvent,QQQ Dec-27 10% OTM,ndx,False,False,2013-07-31,,IPS,5.917771674565661,0.015294481527506133,2.8821898579857566,-5.827262425005018,0.9610992262789699,2.266754270696452,0.0,False,False,False,False,21.867109539170006
2013,NonEvent,QQQ Dec-27 10% OTM,ndx,False,False,2013-08-30,,hold,6.149671215938223,0.0,0.0,-6.149671215938223,0.9603845408256868,1.281208935611038,0.0,False,False,False,False,22.654613514889295
2013,NonEvent,QQQ Dec-27 10% OTM,ndx,False,False,2013-08-30,,v4_-22,6.149671215938223,0.0,0.0,-6.149671215938223,0.9603845408256868,1.281208935611038,0.0,False,False,False,False,22.654613514889295
2013,NonEvent,QQQ Dec-27 10% OTM,ndx,False,False,2013-08-30,,peak_-22,6.149671215938223,0.0,0.0,-6.149671215938223,0.9603845408256868,1.281208935611038,0.0,False,False,False,False,22.654613514889295
2013,NonEvent,QQQ Dec-27 10% OTM,ndx,False,False,2013-08-30,,tiered,6.149671215938223,0.0,0.0,-6.149671215938223,0.9603845408256868,1.281208935611038,0.0,False,False,False,False,22.654613514889295
2013,NonEvent,QQQ Dec-27 10% OTM,ndx,False,False,2013-08-30,,IPS,6.149671215938223,0.00614614215823541,1.2003311541313681,-6.111874462418659,0.9603845408256868,1.281208935611038,0.0,False,False,False,False,22.654613514889295
2013,NonEvent,QQQ Dec-27 10% OTM,ndx,False,False,2013-09-30,,hold,6.1449455220011195,0.0,0.0,-6.1449455220011195,1.0960578723057461,0.2628120893561104,-1.4113490008546348e-16,False,False,False,False,22.304790562559916
2013,NonEvent,QQQ Dec-27 10% OTM,ndx,False,False,2013-09-30,,v4_-22,6.1449455220011195,0.0,0.0,-6.1449455220011195,1.0960578723057461,0.2628120893561104,-1.4113490008546348e-16,False,False,False,False,22.304790562559916
2013,NonEvent,QQQ Dec-27 10% OTM,ndx,False,False,2013-09-30,,peak_-22,6.1449455220011195,0.0,0.0,-6.1449455220011195,1.0960578723057461,0.2628120893561104,-1.4113490008546348e-16,False,False,False,False,22.304790562559916
2013,NonEvent,QQQ Dec-27 10% OTM,ndx,False,False,2013-09-30,,tiered,6.1449455220011195,0.0,0.0,-6.1449455220011195,1.0960578723057461,0.2628120893561104,-1.4113490008546348e-16,False,False,False,False,22.304790562559916
2013,NonEvent,QQQ Dec-27 10% OTM,ndx,False,False,2013-09-30,,IPS,6.1449455220011195,0.006894487424464882,1.406079558155143,-6.102579272375661,1.0960578723057461,0.2628120893561104,-1.4113490008546348e-16,False,False,False,False,22.304790562559916
2013,NonEvent,QQQ Dec-27 10% OTM,ndx,False,False,2013-10-31,,hold,5.787725126880378,0.0,0.0,-5.787725126880378,1.0270103695176205,3.1208935611038107,0.0,False,False,False,False,21.259416862899602
2013,NonEvent,QQQ Dec-27 10% OTM,ndx,False,False,2013-10-31,,v4_-22,5.787725126880378,0.0,0.0,-5.787725126880378,1.0270103695176205,3.1208935611038107,0.0,False,False,False,False,21.259416862899602
2013,NonEvent,QQQ Dec-27 10% OTM,ndx,False,False,2013-10-31,,peak_-22,5.787725126880378,0.0,0.0,-5.787725126880378,1.0270103695176205,3.1208935611038107,0.0,False,False,False,False,21.259416862899602
2013,NonEvent,QQQ Dec-27 10% OTM,ndx,False,False,2013-10-31,,tiered,5.787725126880378,0.0,0.0,-5.787725126880378,1.0270103695176205,3.1208935611038107,0.0,False,False,False,False,21.259416862899602
2013,NonEvent,QQQ Dec-27 10% OTM,ndx,False,False,2013-10-31,,IPS,5.787725126880378,0.01476836500144255,2.9802927750427317,-5.702249889678589,1.0270103695176205,3.1208935611038107,0.0,False,False,False,False,21.259416862899602
2013,NonEvent,QQQ Dec-27 10% OTM,ndx,False,False,2013-11-29,,hold,5.74793904706841,0.0,0.0,-5.74793904706841,1.1585845666707513,2.1681997371879107,0.0,False,False,False,False,21.10743579887366
2013,NonEvent,QQQ Dec-27 10% OTM,ndx,False,False,2013-11-29,,v4_-22,5.74793904706841,0.0,0.0,-5.74793904706841,1.1585845666707513,2.1681997371879107,0.0,False,False,False,False,21.10743579887366
2013,NonEvent,QQQ Dec-27 10% OTM,ndx,False,False,2013-11-29,,peak_-22,5.74793904706841,0.0,0.0,-5.74793904706841,1.1585845666707513,2.1681997371879107,0.0,False,False,False,False,21.10743579887366
2013,NonEvent,QQQ Dec-27 10% OTM,ndx,False,False,2013-11-29,,tiered,5.74793904706841,0.0,0.0,-5.74793904706841,1.1585845666707513,2.1681997371879107,0.0,False,False,False,False,21.10743579887366
2013,NonEvent,QQQ Dec-27 10% OTM,ndx,False,False,2013-11-29,,IPS,5.74793904706841,0.05540905862926192,11.462512214696245,-5.429451155411972,1.1585845666707513,2.1681997371879107,0.0,False,False,False,False,21.10743579887366
2013,NonEvent,QQQ Dec-27 10% OTM,ndx,False,False,2013-12-31,,hold,5.54886512673659,0.0,0.0,-5.54886512673659,1.3356281894666708,1.1169513797634691,0.0,False,False,False,False,20.882331381842327
2013,NonEvent,QQQ Dec-27 10% OTM,ndx,False,False,2013-12-31,,v4_-22,5.54886512673659,0.0,0.0,-5.54886512673659,1.3356281894666708,1.1169513797634691,0.0,False,False,False,False,20.882331381842327
2013,NonEvent,QQQ Dec-27 10% OTM,ndx,False,False,2013-12-31,,peak_-22,5.54886512673659,0.0,0.0,-5.54886512673659,1.3356281894666708,1.1169513797634691,0.0,False,False,False,False,20.882331381842327
2013,NonEvent,QQQ Dec-27 10% OTM,ndx,False,False,2013-12-31,,tiered,5.54886512673659,0.0,0.0,-5.54886512673659,1.3356281894666708,1.1169513797634691,0.0,False,False,False,False,20.882331381842327
2013,NonEvent,QQQ Dec-27 10% OTM,ndx,False,False,2013-12-31,,IPS,5.54886512673659,0.00830961450834916,1.7115334528168098,-5.5027561965745875,1.3356281894666708,1.1169513797634691,0.0,False,False,False,False,20.882331381842327
2013,NonEvent,QQQ Dec-27 90/65 spread,ndx,False,False,2013-01-31,,hold,3.877342877904001,0.0,0.0,-3.877342877904001,0.9587990308865929,0.8212877792378449,0.0,False,False,False,False,23.03696003152082
2013,NonEvent,QQQ Dec-27 90/65 spread,ndx,False,False,2013-01-31,,v4_-22,3.877342877904001,0.0,0.0,-3.877342877904001,0.9587990308865929,0.8212877792378449,0.0,False,False,False,False,23.03696003152082
2013,NonEvent,QQQ Dec-27 90/65 spread,ndx,False,False,2013-01-31,,peak_-22,3.877342877904001,0.0,0.0,-3.877342877904001,0.9587990308865929,0.8212877792378449,0.0,False,False,False,False,23.03696003152082
2013,NonEvent,QQQ Dec-27 90/65 spread,ndx,False,False,2013-01-31,,tiered,3.877342877904001,0.0,0.0,-3.877342877904001,0.9587990308865929,0.8212877792378449,0.0,False,False,False,False,23.03696003152082
2013,NonEvent,QQQ Dec-27 90/65 spread,ndx,False,False,2013-01-31,,IPS,3.877342877904001,0.0074913005642489065,0.8187039681413052,-3.8482965370149724,0.9587990308865929,0.8212877792378449,0.0,False,False,False,False,23.03696003152082
2013,NonEvent,QQQ Dec-27 90/65 spread,ndx,False,False,2013-02-28,,hold,3.990786399146961,0.0,0.0,-3.990786399146961,0.8691588785046727,0.0,0.0,False,False,False,False,23.46263726146142
2013,NonEvent,QQQ Dec-27 90/65 spread,ndx,False,False,2013-02-28,,v4_-22,3.990786399146961,0.0,0.0,-3.990786399146961,0.8691588785046727,0.0,0.0,False,False,False,False,23.46263726146142
2013,NonEvent,QQQ Dec-27 90/65 spread,ndx,False,False,2013-02-28,,peak_-22,3.990786399146961,0.0,0.0,-3.990786399146961,0.8691588785046727,0.0,0.0,False,False,False,False,23.46263726146142
2013,NonEvent,QQQ Dec-27 90/65 spread,ndx,False,False,2013-02-28,,tiered,3.990786399146961,0.0,0.0,-3.990786399146961,0.8691588785046727,0.0,0.0,False,False,False,False,23.46263726146142
2013,NonEvent,QQQ Dec-27 90/65 spread,ndx,False,False,2013-02-28,,IPS,3.990786399146961,0.008973342242037838,1.0117933490026254,-3.954975706972546,0.8691588785046727,0.0,0.0,False,False,False,False,23.46263726146142
2013,NonEvent,QQQ Dec-27 90/65 spread,ndx,False,False,2013-03-28,,hold,3.785045001674504,0.0,0.0,-3.785045001674504,0.998830005603457,0.6898817345597897,0.0,False,False,False,False,22.324365179062234
2013,NonEvent,QQQ Dec-27 90/65 spread,ndx,False,False,2013-03-28,,v4_-22,3.785045001674504,0.0,0.0,-3.785045001674504,0.998830005603457,0.6898817345597897,0.0,False,False,False,False,22.324365179062234
2013,NonEvent,QQQ Dec-27 90/65 spread,ndx,False,False,2013-03-28,,peak_-22,3.785045001674504,0.0,0.0,-3.785045001674504,0.998830005603457,0.6898817345597897,0.0,False,False,False,False,22.324365179062234
2013,NonEvent,QQQ Dec-27 90/65 spread,ndx,False,False,2013-03-28,,tiered,3.785045001674504,0.0,0.0,-3.785045001674504,0.998830005603457,0.6898817345597897,0.0,False,False,False,False,22.324365179062234
2013,NonEvent,QQQ Dec-27 90/65 spread,ndx,False,False,2013-03-28,,IPS,3.785045001674504,0.006030666849942221,0.6627460537414852,-3.762218656257366,0.998830005603457,0.6898817345597897,0.0,False,False,False,False,22.324365179062234
2013,NonEvent,QQQ Dec-27 90/65 spread,ndx,False,False,2013-04-30,,hold,3.7452745470315945,0.0,0.0,-3.7452745470315945,0.9745608071209156,1.8068331143232588,0.0,False,False,False,False,21.91693976208905
2013,NonEvent,QQQ Dec-27 90/65 spread,ndx,False,False,2013-04-30,,v4_-22,3.7452745470315945,0.0,0.0,-3.7452745470315945,0.9745608071209156,1.8068331143232588,0.0,False,False,False,False,21.91693976208905
2013,NonEvent,QQQ Dec-27 90/65 spread,ndx,False,False,2013-04-30,,peak_-22,3.7452745470315945,0.0,0.0,-3.7452745470315945,0.9745608071209156,1.8068331143232588,0.0,False,False,False,False,21.91693976208905
2013,NonEvent,QQQ Dec-27 90/65 spread,ndx,False,False,2013-04-30,,tiered,3.7452745470315945,0.0,0.0,-3.7452745470315945,0.9745608071209156,1.8068331143232588,0.0,False,False,False,False,21.91693976208905
2013,NonEvent,QQQ Dec-27 90/65 spread,ndx,False,False,2013-04-30,,IPS,3.7452745470315945,0.004672008777318116,0.5202749434909373,-3.727776591474397,0.9745608071209156,1.8068331143232588,0.0,False,False,False,False,21.91693976208905
2013,NonEvent,QQQ Dec-27 90/65 spread,ndx,False,False,2013-05-31,,hold,3.85004981125741,0.0,0.0,-3.85004981125741,1.0572844099467278,0.7884362680683311,0.0,False,False,False,False,23.06824473364412
2013,NonEvent,QQQ Dec-27 90/65 spread,ndx,False,False,2013-05-31,,v4_-22,3.85004981125741,0.0,0.0,-3.85004981125741,1.0572844099467278,0.7884362680683311,0.0,False,False,False,False,23.06824473364412
2013,NonEvent,QQQ Dec-27 90/65 spread,ndx,False,False,2013-05-31,,peak_-22,3.85004981125741,0.0,0.0,-3.85004981125741,1.0572844099467278,0.7884362680683311,0.0,False,False,False,False,23.06824473364412
2013,NonEvent,QQQ Dec-27 90/65 spread,ndx,False,False,2013-05-31,,tiered,3.85004981125741,0.0,0.0,-3.85004981125741,1.0572844099467278,0.7884362680683311,0.0,False,False,False,False,23.06824473364412
2013,NonEvent,QQQ Dec-27 90/65 spread,ndx,False,False,2013-05-31,,IPS,3.85004981125741,0.014274349645003653,1.6896308922167125,-3.7950928541008415,1.0572844099467278,0.7884362680683311,0.0,False,False,False,False,23.06824473364412
2013,NonEvent,QQQ Dec-27 90/65 spread,ndx,False,False,2013-06-28,,hold,3.7471631796351854,0.0,0.0,-3.7471631796351854,0.8691588785046727,0.0,0.0,False,False,False,False,23.040132278184775
2013,NonEvent,QQQ Dec-27 90/65 spread,ndx,False,False,2013-06-28,,v4_-22,3.7471631796351854,0.0,0.0,-3.7471631796351854,0.8691588785046727,0.0,0.0,False,False,False,False,23.040132278184775
2013,NonEvent,QQQ Dec-27 90/65 spread,ndx,False,False,2013-06-28,,peak_-22,3.7471631796351854,0.0,0.0,-3.7471631796351854,0.8691588785046727,0.0,0.0,False,False,False,False,23.040132278184775
2013,NonEvent,QQQ Dec-27 90/65 spread,ndx,False,False,2013-06-28,,tiered,3.7471631796351854,0.0,0.0,-3.7471631796351854,0.8691588785046727,0.0,0.0,False,False,False,False,23.040132278184775
2013,NonEvent,QQQ Dec-27 90/65 spread,ndx,False,False,2013-06-28,,IPS,3.7471631796351854,0.004088945900295642,0.4599255941907867,-3.7318412321140775,0.8691588785046727,0.0,0.0,False,False,False,False,23.040132278184775
2013,NonEvent,QQQ Dec-27 90/65 spread,ndx,False,False,2013-07-31,,hold,3.5418009751652333,0.0,0.0,-3.5418009751652333,0.9512514321330175,2.266754270696452,0.0,False,False,False,False,21.867109539170006
2013,NonEvent,QQQ Dec-27 90/65 spread,ndx,False,False,2013-07-31,,v4_-22,3.5418009751652333,0.0,0.0,-3.5418009751652333,0.9512514321330175,2.266754270696452,0.0,False,False,False,False,21.867109539170006
2013,NonEvent,QQQ Dec-27 90/65 spread,ndx,False,False,2013-07-31,,peak_-22,3.5418009751652333,0.0,0.0,-3.5418009751652333,0.9512514321330175,2.266754270696452,0.0,False,False,False,False,21.867109539170006
2013,NonEvent,QQQ Dec-27 90/65 spread,ndx,False,False,2013-07-31,,tiered,3.5418009751652333,0.0,0.0,-3.5418009751652333,0.9512514321330175,2.266754270696452,0.0,False,False,False,False,21.867109539170006
2013,NonEvent,QQQ Dec-27 90/65 spread,ndx,False,False,2013-07-31,,IPS,3.5418009751652333,0.021983189451224114,2.4793879001075223,-3.463940893329646,0.9512514321330175,2.266754270696452,0.0,False,False,False,False,21.867109539170006
2013,NonEvent,QQQ Dec-27 90/65 spread,ndx,False,False,2013-08-30,,hold,3.635398194483411,0.0,0.0,-3.635398194483411,0.9392732958799032,1.281208935611038,0.0,False,False,False,False,22.654613514889295
2013,NonEvent,QQQ Dec-27 90/65 spread,ndx,False,False,2013-08-30,,v4_-22,3.635398194483411,0.0,0.0,-3.635398194483411,0.9392732958799032,1.281208935611038,0.0,False,False,False,False,22.654613514889295
2013,NonEvent,QQQ Dec-27 90/65 spread,ndx,False,False,2013-08-30,,peak_-22,3.635398194483411,0.0,0.0,-3.635398194483411,0.9392732958799032,1.281208935611038,0.0,False,False,False,False,22.654613514889295
2013,NonEvent,QQQ Dec-27 90/65 spread,ndx,False,False,2013-08-30,,tiered,3.635398194483411,0.0,0.0,-3.635398194483411,0.9392732958799032,1.281208935611038,0.0,False,False,False,False,22.654613514889295
2013,NonEvent,QQQ Dec-27 90/65 spread,ndx,False,False,2013-08-30,,IPS,3.635398194483411,0.00875443239980046,1.010709994686266,-3.6035723467434493,0.9392732958799032,1.281208935611038,0.0,False,False,False,False,22.654613514889295
2013,NonEvent,QQQ Dec-27 90/65 spread,ndx,False,False,2013-09-30,,hold,3.664756029425119,0.0,0.0,-3.664756029425119,1.0672148500291327,0.2628120893561104,-2.3665047968126003e-16,False,False,False,False,22.304790562559916
2013,NonEvent,QQQ Dec-27 90/65 spread,ndx,False,False,2013-09-30,,v4_-22,3.664756029425119,0.0,0.0,-3.664756029425119,1.0672148500291327,0.2628120893561104,-2.3665047968126003e-16,False,False,False,False,22.304790562559916
2013,NonEvent,QQQ Dec-27 90/65 spread,ndx,False,False,2013-09-30,,peak_-22,3.664756029425119,0.0,0.0,-3.664756029425119,1.0672148500291327,0.2628120893561104,-2.3665047968126003e-16,False,False,False,False,22.304790562559916
2013,NonEvent,QQQ Dec-27 90/65 spread,ndx,False,False,2013-09-30,,tiered,3.664756029425119,0.0,0.0,-3.664756029425119,1.0672148500291327,0.2628120893561104,-2.3665047968126003e-16,False,False,False,False,22.304790562559916
2013,NonEvent,QQQ Dec-27 90/65 spread,ndx,False,False,2013-09-30,,IPS,3.664756029425119,0.009800945462161158,1.1920731722343247,-3.6288379554485966,1.0672148500291327,0.2628120893561104,-2.3665047968126003e-16,False,False,False,False,22.304790562559916
2013,NonEvent,QQQ Dec-27 90/65 spread,ndx,False,False,2013-10-31,,hold,3.511128903445512,0.0,0.0,-3.511128903445512,1.0172490962873841,3.1208935611038107,0.0,False,False,False,False,21.259416862899602
2013,NonEvent,QQQ Dec-27 90/65 spread,ndx,False,False,2013-10-31,,v4_-22,3.511128903445512,0.0,0.0,-3.511128903445512,1.0172490962873841,3.1208935611038107,0.0,False,False,False,False,21.259416862899602
2013,NonEvent,QQQ Dec-27 90/65 spread,ndx,False,False,2013-10-31,,peak_-22,3.511128903445512,0.0,0.0,-3.511128903445512,1.0172490962873841,3.1208935611038107,0.0,False,False,False,False,21.259416862899602
2013,NonEvent,QQQ Dec-27 90/65 spread,ndx,False,False,2013-10-31,,tiered,3.511128903445512,0.0,0.0,-3.511128903445512,1.0172490962873841,3.1208935611038107,0.0,False,False,False,False,21.259416862899602
2013,NonEvent,QQQ Dec-27 90/65 spread,ndx,False,False,2013-10-31,,IPS,3.511128903445512,0.021156495508393304,2.590055792501582,-3.4368457205703766,1.0172490962873841,3.1208935611038107,0.0,False,False,False,False,21.259416862899602
2013,NonEvent,QQQ Dec-27 90/65 spread,ndx,False,False,2013-11-29,,hold,3.4962315661440284,0.0,0.0,-3.4962315661440284,1.13914663876174,2.1681997371879107,0.0,False,False,False,False,21.10743579887366
2013,NonEvent,QQQ Dec-27 90/65 spread,ndx,False,False,2013-11-29,,v4_-22,3.4962315661440284,0.0,0.0,-3.4962315661440284,1.13914663876174,2.1681997371879107,0.0,False,False,False,False,21.10743579887366
2013,NonEvent,QQQ Dec-27 90/65 spread,ndx,False,False,2013-11-29,,peak_-22,3.4962315661440284,0.0,0.0,-3.4962315661440284,1.13914663876174,2.1681997371879107,0.0,False,False,False,False,21.10743579887366
2013,NonEvent,QQQ Dec-27 90/65 spread,ndx,False,False,2013-11-29,,tiered,3.4962315661440284,0.0,0.0,-3.4962315661440284,1.13914663876174,2.1681997371879107,0.0,False,False,False,False,21.10743579887366
2013,NonEvent,QQQ Dec-27 90/65 spread,ndx,False,False,2013-11-29,,IPS,3.4962315661440284,0.08020678509847196,10.092486662986406,-3.2158100722638205,1.13914663876174,2.1681997371879107,0.0,False,False,False,False,21.10743579887366
2013,NonEvent,QQQ Dec-27 90/65 spread,ndx,False,False,2013-12-31,,hold,3.3708729995465903,0.0,0.0,-3.3708729995465903,1.3068854271449377,1.1169513797634691,0.0,False,False,False,False,20.882331381842327
2013,NonEvent,QQQ Dec-27 90/65 spread,ndx,False,False,2013-12-31,,v4_-22,3.3708729995465903,0.0,0.0,-3.3708729995465903,1.3068854271449377,1.1169513797634691,0.0,False,False,False,False,20.882331381842327
2013,NonEvent,QQQ Dec-27 90/65 spread,ndx,False,False,2013-12-31,,peak_-22,3.3708729995465903,0.0,0.0,-3.3708729995465903,1.3068854271449377,1.1169513797634691,0.0,False,False,False,False,20.882331381842327
2013,NonEvent,QQQ Dec-27 90/65 spread,ndx,False,False,2013-12-31,,tiered,3.3708729995465903,0.0,0.0,-3.3708729995465903,1.3068854271449377,1.1169513797634691,0.0,False,False,False,False,20.882331381842327
2013,NonEvent,QQQ Dec-27 90/65 spread,ndx,False,False,2013-12-31,,IPS,3.3708729995465903,0.012076586562947435,1.5110781837894105,-3.3301643599748636,1.3068854271449377,1.1169513797634691,0.0,False,False,False,False,20.882331381842327
2013,NonEvent,SPX Jun-28 10% OTM,spx,False,False,2013-01-31,,hold,6.026446538513348,0.0,0.0,-6.026446538513348,0.9307624674352769,0.8212877792378449,0.0,False,False,False,False,18.065584863865087
2013,NonEvent,SPX Jun-28 10% OTM,spx,False,False,2013-01-31,,v4_-22,6.026446538513348,0.0,0.0,-6.026446538513348,0.9307624674352769,0.8212877792378449,0.0,False,False,False,False,18.065584863865087
2013,NonEvent,SPX Jun-28 10% OTM,spx,False,False,2013-01-31,,peak_-22,6.026446538513348,0.0,0.0,-6.026446538513348,0.9307624674352769,0.8212877792378449,0.0,False,False,False,False,18.065584863865087
2013,NonEvent,SPX Jun-28 10% OTM,spx,False,False,2013-01-31,,tiered,6.026446538513348,0.0,0.0,-6.026446538513348,0.9307624674352769,0.8212877792378449,0.0,False,False,False,False,18.065584863865087
2013,NonEvent,SPX Jun-28 10% OTM,spx,False,False,2013-01-31,,IPS,6.026446538513348,0.005618352097096434,0.5082159871374129,-5.99258783996565,0.9307624674352769,0.8212877792378449,0.0,False,False,False,False,18.065584863865087
2013,NonEvent,SPX Jun-28 10% OTM,spx,False,False,2013-02-28,,hold,6.152688776905492,5.477956812960577e-15,5.105961678564417e-13,-6.152688776905459,0.8691588785046728,0.0,5.094499836053336e-15,False,False,False,False,18.2482946368909
2013,NonEvent,SPX Jun-28 10% OTM,spx,False,False,2013-02-28,,v4_-22,6.152688776905492,5.477956812960577e-15,5.105961678564417e-13,-6.152688776905459,0.8691588785046728,0.0,5.094499836053336e-15,False,False,False,False,18.2482946368909
2013,NonEvent,SPX Jun-28 10% OTM,spx,False,False,2013-02-28,,peak_-22,6.152688776905492,5.477956812960577e-15,5.105961678564417e-13,-6.152688776905459,0.8691588785046728,0.0,5.094499836053336e-15,False,False,False,False,18.2482946368909
2013,NonEvent,SPX Jun-28 10% OTM,spx,False,False,2013-02-28,,tiered,6.152688776905492,5.477956812960577e-15,5.105961678564417e-13,-6.152688776905459,0.8691588785046728,0.0,5.094499836053336e-15,False,False,False,False,18.2482946368909
2013,NonEvent,SPX Jun-28 10% OTM,spx,False,False,2013-02-28,,IPS,6.152688776905492,0.0035888635701524572,0.33451523048592174,-6.1306076162955705,0.8691588785046728,0.0,5.094499836053336e-15,False,False,False,False,18.2482946368909
2013,NonEvent,SPX Jun-28 10% OTM,spx,False,False,2013-03-28,,hold,5.983849110501146,0.0,0.0,-5.983849110501146,0.9342369734332477,0.6898817345597897,0.0,False,False,False,False,17.83773314996934
2013,NonEvent,SPX Jun-28 10% OTM,spx,False,False,2013-03-28,,v4_-22,5.983849110501146,0.0,0.0,-5.983849110501146,0.9342369734332477,0.6898817345597897,0.0,False,False,False,False,17.83773314996934
2013,NonEvent,SPX Jun-28 10% OTM,spx,False,False,2013-03-28,,peak_-22,5.983849110501146,0.0,0.0,-5.983849110501146,0.9342369734332477,0.6898817345597897,0.0,False,False,False,False,17.83773314996934
2013,NonEvent,SPX Jun-28 10% OTM,spx,False,False,2013-03-28,,tiered,5.983849110501146,0.0,0.0,-5.983849110501146,0.9342369734332477,0.6898817345597897,0.0,False,False,False,False,17.83773314996934
2013,NonEvent,SPX Jun-28 10% OTM,spx,False,False,2013-03-28,,IPS,5.983849110501146,0.0026847392350744575,0.25209596018669167,-5.967784036017418,0.9342369734332477,0.6898817345597897,0.0,False,False,False,False,17.83773314996934
2013,NonEvent,SPX Jun-28 10% OTM,spx,False,False,2013-04-30,,hold,5.918553956438131,0.0,0.0,-5.918553956438131,0.9381453136313438,1.6754270696452036,0.0,False,False,False,False,17.591540729103812
2013,NonEvent,SPX Jun-28 10% OTM,spx,False,False,2013-04-30,,v4_-22,5.918553956438131,0.0,0.0,-5.918553956438131,0.9381453136313438,1.6754270696452036,0.0,False,False,False,False,17.591540729103812
2013,NonEvent,SPX Jun-28 10% OTM,spx,False,False,2013-04-30,,peak_-22,5.918553956438131,0.0,0.0,-5.918553956438131,0.9381453136313438,1.6754270696452036,0.0,False,False,False,False,17.591540729103812
2013,NonEvent,SPX Jun-28 10% OTM,spx,False,False,2013-04-30,,tiered,5.918553956438131,0.0,0.0,-5.918553956438131,0.9381453136313438,1.6754270696452036,0.0,False,False,False,False,17.591540729103812
2013,NonEvent,SPX Jun-28 10% OTM,spx,False,False,2013-04-30,,IPS,5.918553956438131,0.004575070826233448,0.4327328399846696,-5.891476152898542,0.9381453136313438,1.6754270696452036,0.0,False,False,False,False,17.591540729103812
2013,NonEvent,SPX Jun-28 10% OTM,spx,False,False,2013-05-31,,hold,5.8389262651574345,0.0,0.0,-5.8389262651574345,1.0225614315934244,0.657030223390276,0.0,False,False,False,False,17.86260110699378
2013,NonEvent,SPX Jun-28 10% OTM,spx,False,False,2013-05-31,,v4_-22,5.8389262651574345,0.0,0.0,-5.8389262651574345,1.0225614315934244,0.657030223390276,0.0,False,False,False,False,17.86260110699378
2013,NonEvent,SPX Jun-28 10% OTM,spx,False,False,2013-05-31,,peak_-22,5.8389262651574345,0.0,0.0,-5.8389262651574345,1.0225614315934244,0.657030223390276,0.0,False,False,False,False,17.86260110699378
2013,NonEvent,SPX Jun-28 10% OTM,spx,False,False,2013-05-31,,tiered,5.8389262651574345,0.0,0.0,-5.8389262651574345,1.0225614315934244,0.657030223390276,0.0,False,False,False,False,17.86260110699378
2013,NonEvent,SPX Jun-28 10% OTM,spx,False,False,2013-05-31,,IPS,5.8389262651574345,0.017298754634411634,1.6484998410882847,-5.737920112368056,1.0225614315934244,0.657030223390276,0.0,False,False,False,False,17.86260110699378
2013,NonEvent,SPX Jun-28 10% OTM,spx,False,False,2013-06-28,,hold,5.623780882284825,0.0,0.0,-5.623780882284825,0.8691588785046727,0.0,0.0,False,False,False,False,17.794848012914418
2013,NonEvent,SPX Jun-28 10% OTM,spx,False,False,2013-06-28,,v4_-22,5.623780882284825,0.0,0.0,-5.623780882284825,0.8691588785046727,0.0,0.0,False,False,False,False,17.794848012914418
2013,NonEvent,SPX Jun-28 10% OTM,spx,False,False,2013-06-28,,peak_-22,5.623780882284825,0.0,0.0,-5.623780882284825,0.8691588785046727,0.0,0.0,False,False,False,False,17.794848012914418
2013,NonEvent,SPX Jun-28 10% OTM,spx,False,False,2013-06-28,,tiered,5.623780882284825,0.0,0.0,-5.623780882284825,0.8691588785046727,0.0,0.0,False,False,False,False,17.794848012914418
2013,NonEvent,SPX Jun-28 10% OTM,spx,False,False,2013-06-28,,IPS,5.623780882284825,0.00247479351208271,0.2235296869396672,-5.609863185843971,0.8691588785046727,0.0,0.0,False,False,False,False,17.794848012914418
2013,NonEvent,SPX Jun-28 10% OTM,spx,False,False,2013-07-31,,hold,5.341538801611036,0.0,0.0,-5.341538801611036,1.050692641336276,2.266754270696452,0.0,False,False,False,False,17.07753940837795
2013,NonEvent,SPX Jun-28 10% OTM,spx,False,False,2013-07-31,,v4_-22,5.341538801611036,0.0,0.0,-5.341538801611036,1.050692641336276,2.266754270696452,0.0,False,False,False,False,17.07753940837795
2013,NonEvent,SPX Jun-28 10% OTM,spx,False,False,2013-07-31,,peak_-22,5.341538801611036,0.0,0.0,-5.341538801611036,1.050692641336276,2.266754270696452,0.0,False,False,False,False,17.07753940837795
2013,NonEvent,SPX Jun-28 10% OTM,spx,False,False,2013-07-31,,tiered,5.341538801611036,0.0,0.0,-5.341538801611036,1.050692641336276,2.266754270696452,0.0,False,False,False,False,17.07753940837795
2013,NonEvent,SPX Jun-28 10% OTM,spx,False,False,2013-07-31,,IPS,5.341538801611036,0.007072744277319912,0.6368773826089771,-5.303759463619859,1.050692641336276,2.266754270696452,0.0,False,False,False,False,17.07753940837795
2013,NonEvent,SPX Jun-28 10% OTM,spx,False,False,2013-08-30,,hold,5.410008398590655,0.0,0.0,-5.410008398590655,0.9949741809694247,1.281208935611038,0.0,False,False,False,False,17.461693158707796
2013,NonEvent,SPX Jun-28 10% OTM,spx,False,False,2013-08-30,,v4_-22,5.410008398590655,0.0,0.0,-5.410008398590655,0.9949741809694247,1.281208935611038,0.0,False,False,False,False,17.461693158707796
2013,NonEvent,SPX Jun-28 10% OTM,spx,False,False,2013-08-30,,peak_-22,5.410008398590655,0.0,0.0,-5.410008398590655,0.9949741809694247,1.281208935611038,0.0,False,False,False,False,17.461693158707796
2013,NonEvent,SPX Jun-28 10% OTM,spx,False,False,2013-08-30,,tiered,5.410008398590655,0.0,0.0,-5.410008398590655,0.9949741809694247,1.281208935611038,0.0,False,False,False,False,17.461693158707796
2013,NonEvent,SPX Jun-28 10% OTM,spx,False,False,2013-08-30,,IPS,5.410008398590655,0.0023701818438377773,0.2096102891083169,-5.397185694909306,0.9949741809694247,1.281208935611038,0.0,False,False,False,False,17.461693158707796
2013,NonEvent,SPX Jun-28 10% OTM,spx,False,False,2013-09-30,,hold,5.457258759675292,0.0,0.0,-5.457258759675292,1.0756205243251127,0.2628120893561104,0.0,False,False,False,False,17.204238091358036
2013,NonEvent,SPX Jun-28 10% OTM,spx,False,False,2013-09-30,,v4_-22,5.457258759675292,0.0,0.0,-5.457258759675292,1.0756205243251127,0.2628120893561104,0.0,False,False,False,False,17.204238091358036
2013,NonEvent,SPX Jun-28 10% OTM,spx,False,False,2013-09-30,,peak_-22,5.457258759675292,0.0,0.0,-5.457258759675292,1.0756205243251127,0.2628120893561104,0.0,False,False,False,False,17.204238091358036
2013,NonEvent,SPX Jun-28 10% OTM,spx,False,False,2013-09-30,,tiered,5.457258759675292,0.0,0.0,-5.457258759675292,1.0756205243251127,0.2628120893561104,0.0,False,False,False,False,17.204238091358036
2013,NonEvent,SPX Jun-28 10% OTM,spx,False,False,2013-09-30,,IPS,5.457258759675292,0.0039016116390089618,0.35795114673055417,-5.435966655381459,1.0756205243251127,0.2628120893561104,0.0,False,False,False,False,17.204238091358036
2013,NonEvent,SPX Jun-28 10% OTM,spx,False,False,2013-10-31,,hold,5.260237691024843,0.0,0.0,-5.260237691024843,1.1039794153677995,3.1208935611038107,0.0,False,False,False,False,16.556467934394643
2013,NonEvent,SPX Jun-28 10% OTM,spx,False,False,2013-10-31,,v4_-22,5.260237691024843,0.0,0.0,-5.260237691024843,1.1039794153677995,3.1208935611038107,0.0,False,False,False,False,16.556467934394643
2013,NonEvent,SPX Jun-28 10% OTM,spx,False,False,2013-10-31,,peak_-22,5.260237691024843,0.0,0.0,-5.260237691024843,1.1039794153677995,3.1208935611038107,0.0,False,False,False,False,16.556467934394643
2013,NonEvent,SPX Jun-28 10% OTM,spx,False,False,2013-10-31,,tiered,5.260237691024843,0.0,0.0,-5.260237691024843,1.1039794153677995,3.1208935611038107,0.0,False,False,False,False,16.556467934394643
2013,NonEvent,SPX Jun-28 10% OTM,spx,False,False,2013-10-31,,IPS,5.260237691024843,0.014126640563898939,1.3084508190495654,-5.185928203883062,1.1039794153677995,3.1208935611038107,0.0,False,False,False,False,16.556467934394643
2013,NonEvent,SPX Jun-28 10% OTM,spx,False,False,2013-11-29,,hold,5.223880775971571,0.0,0.0,-5.223880775971571,1.210448753010785,2.1681997371879107,0.0,False,False,False,False,16.43468092145145
2013,NonEvent,SPX Jun-28 10% OTM,spx,False,False,2013-11-29,,v4_-22,5.223880775971571,0.0,0.0,-5.223880775971571,1.210448753010785,2.1681997371879107,0.0,False,False,False,False,16.43468092145145
2013,NonEvent,SPX Jun-28 10% OTM,spx,False,False,2013-11-29,,peak_-22,5.223880775971571,0.0,0.0,-5.223880775971571,1.210448753010785,2.1681997371879107,0.0,False,False,False,False,16.43468092145145
2013,NonEvent,SPX Jun-28 10% OTM,spx,False,False,2013-11-29,,tiered,5.223880775971571,0.0,0.0,-5.223880775971571,1.210448753010785,2.1681997371879107,0.0,False,False,False,False,16.43468092145145
2013,NonEvent,SPX Jun-28 10% OTM,spx,False,False,2013-11-29,,IPS,5.223880775971571,0.005525673120232455,0.5212925011118059,-5.195015318384486,1.210448753010785,2.1681997371879107,0.0,False,False,False,False,16.43468092145145
2013,NonEvent,SPX Jun-28 10% OTM,spx,False,False,2013-12-31,,hold,4.987842579909844,7.560807097084801e-14,6.985384639532278e-12,-4.987842579909467,1.3786429891752674,1.1169513797634691,7.031550600288864e-14,False,False,False,False,16.247525711663112
2013,NonEvent,SPX Jun-28 10% OTM,spx,False,False,2013-12-31,,v4_-22,4.987842579909844,7.560807097084801e-14,6.985384639532278e-12,-4.987842579909467,1.3786429891752674,1.1169513797634691,7.031550600288864e-14,False,False,False,False,16.247525711663112
2013,NonEvent,SPX Jun-28 10% OTM,spx,False,False,2013-12-31,,peak_-22,4.987842579909844,7.560807097084801e-14,6.985384639532278e-12,-4.987842579909467,1.3786429891752674,1.1169513797634691,7.031550600288864e-14,False,False,False,False,16.247525711663112
2013,NonEvent,SPX Jun-28 10% OTM,spx,False,False,2013-12-31,,tiered,4.987842579909844,7.560807097084801e-14,6.985384639532278e-12,-4.987842579909467,1.3786429891752674,1.1169513797634691,7.031550600288864e-14,False,False,False,False,16.247525711663112
2013,NonEvent,SPX Jun-28 10% OTM,spx,False,False,2013-12-31,,IPS,4.987842579909844,0.14875151861249553,13.743064197782054,-4.245893421548188,1.3786429891752674,1.1169513797634691,7.031550600288864e-14,False,False,False,False,16.247525711663112
2013,NonEvent,QQQ Jun-28 90/65 spread,ndx,False,False,2013-01-31,,hold,4.269507339518456,0.0,0.0,-4.269507339518456,0.9411823361231049,0.8212877792378449,-6.199907758049794e-16,False,False,False,False,23.408262004457274
2013,NonEvent,QQQ Jun-28 90/65 spread,ndx,False,False,2013-01-31,,v4_-22,4.269507339518456,0.0,0.0,-4.269507339518456,0.9411823361231049,0.8212877792378449,-6.199907758049794e-16,False,False,False,False,23.408262004457274
2013,NonEvent,QQQ Jun-28 90/65 spread,ndx,False,False,2013-01-31,,peak_-22,4.269507339518456,0.0,0.0,-4.269507339518456,0.9411823361231049,0.8212877792378449,-6.199907758049794e-16,False,False,False,False,23.408262004457274
2013,NonEvent,QQQ Jun-28 90/65 spread,ndx,False,False,2013-01-31,,tiered,4.269507339518456,0.0,0.0,-4.269507339518456,0.9411823361231049,0.8212877792378449,-6.199907758049794e-16,False,False,False,False,23.408262004457274
2013,NonEvent,QQQ Jun-28 90/65 spread,ndx,False,False,2013-01-31,,IPS,4.269507339518456,0.008184408163632938,0.9849189870610439,-4.23456394879421,0.9411823361231049,0.8212877792378449,-6.199907758049794e-16,False,False,False,False,23.408262004457274
2013,NonEvent,QQQ Jun-28 90/65 spread,ndx,False,False,2013-02-28,,hold,4.373408182736539,7.990575785601507e-15,9.873637826276044e-13,-4.373408182736505,0.8691588785046728,0.0,7.431235480609401e-15,False,False,False,False,23.72278302795817
2013,NonEvent,QQQ Jun-28 90/65 spread,ndx,False,False,2013-02-28,,v4_-22,4.373408182736539,7.990575785601507e-15,9.873637826276044e-13,-4.373408182736505,0.8691588785046728,0.0,7.431235480609401e-15,False,False,False,False,23.72278302795817
2013,NonEvent,QQQ Jun-28 90/65 spread,ndx,False,False,2013-02-28,,peak_-22,4.373408182736539,7.990575785601507e-15,9.873637826276044e-13,-4.373408182736505,0.8691588785046728,0.0,7.431235480609401e-15,False,False,False,False,23.72278302795817
2013,NonEvent,QQQ Jun-28 90/65 spread,ndx,False,False,2013-02-28,,tiered,4.373408182736539,7.990575785601507e-15,9.873637826276044e-13,-4.373408182736505,0.8691588785046728,0.0,7.431235480609401e-15,False,False,False,False,23.72278302795817
2013,NonEvent,QQQ Jun-28 90/65 spread,ndx,False,False,2013-02-28,,IPS,4.373408182736539,0.004846688975663746,0.5988861489623718,-4.3522116335111924,0.8691588785046728,0.0,7.431235480609401e-15,False,False,False,False,23.72278302795817
2013,NonEvent,QQQ Jun-28 90/65 spread,ndx,False,False,2013-03-28,,hold,4.217736063857598,0.0,0.0,-4.217736063857598,0.9674669806555988,0.6898817345597897,0.0,False,False,False,False,22.867392367276366
2013,NonEvent,QQQ Jun-28 90/65 spread,ndx,False,False,2013-03-28,,v4_-22,4.217736063857598,0.0,0.0,-4.217736063857598,0.9674669806555988,0.6898817345597897,0.0,False,False,False,False,22.867392367276366
2013,NonEvent,QQQ Jun-28 90/65 spread,ndx,False,False,2013-03-28,,peak_-22,4.217736063857598,0.0,0.0,-4.217736063857598,0.9674669806555988,0.6898817345597897,0.0,False,False,False,False,22.867392367276366
2013,NonEvent,QQQ Jun-28 90/65 spread,ndx,False,False,2013-03-28,,tiered,4.217736063857598,0.0,0.0,-4.217736063857598,0.9674669806555988,0.6898817345597897,0.0,False,False,False,False,22.867392367276366
2013,NonEvent,QQQ Jun-28 90/65 spread,ndx,False,False,2013-03-28,,IPS,4.217736063857598,0.0032484165443833167,0.3977973433255693,-4.204035100247921,0.9674669806555988,0.6898817345597897,0.0,False,False,False,False,22.867392367276366
2013,NonEvent,QQQ Jun-28 90/65 spread,ndx,False,False,2013-04-30,,hold,4.17628507738143,0.0,0.0,-4.17628507738143,0.9371715406534313,1.8068331143232588,0.0,False,False,False,False,22.42163040489903
2013,NonEvent,QQQ Jun-28 90/65 spread,ndx,False,False,2013-04-30,,v4_-22,4.17628507738143,0.0,0.0,-4.17628507738143,0.9371715406534313,1.8068331143232588,0.0,False,False,False,False,22.42163040489903
2013,NonEvent,QQQ Jun-28 90/65 spread,ndx,False,False,2013-04-30,,peak_-22,4.17628507738143,0.0,0.0,-4.17628507738143,0.9371715406534313,1.8068331143232588,0.0,False,False,False,False,22.42163040489903
2013,NonEvent,QQQ Jun-28 90/65 spread,ndx,False,False,2013-04-30,,tiered,4.17628507738143,0.0,0.0,-4.17628507738143,0.9371715406534313,1.8068331143232588,0.0,False,False,False,False,22.42163040489903
2013,NonEvent,QQQ Jun-28 90/65 spread,ndx,False,False,2013-04-30,,IPS,4.17628507738143,0.006168666120361888,0.7659968833725407,-4.150522969115614,0.9371715406534313,1.8068331143232588,0.0,False,False,False,False,22.42163040489903
2013,NonEvent,QQQ Jun-28 90/65 spread,ndx,False,False,2013-05-31,,hold,4.184981691652073,0.0,0.0,-4.184981691652073,1.0162025792992262,0.7884362680683311,0.0,False,False,False,False,23.221381439091914
2013,NonEvent,QQQ Jun-28 90/65 spread,ndx,False,False,2013-05-31,,v4_-22,4.184981691652073,0.0,0.0,-4.184981691652073,1.0162025792992262,0.7884362680683311,0.0,False,False,False,False,23.221381439091914
2013,NonEvent,QQQ Jun-28 90/65 spread,ndx,False,False,2013-05-31,,peak_-22,4.184981691652073,0.0,0.0,-4.184981691652073,1.0162025792992262,0.7884362680683311,0.0,False,False,False,False,23.221381439091914
2013,NonEvent,QQQ Jun-28 90/65 spread,ndx,False,False,2013-05-31,,tiered,4.184981691652073,0.0,0.0,-4.184981691652073,1.0162025792992262,0.7884362680683311,0.0,False,False,False,False,23.221381439091914
2013,NonEvent,QQQ Jun-28 90/65 spread,ndx,False,False,2013-05-31,,IPS,4.184981691652073,0.020992167305587624,2.700971514010063,-4.097129855810092,1.0162025792992262,0.7884362680683311,0.0,False,False,False,False,23.221381439091914
2013,NonEvent,QQQ Jun-28 90/65 spread,ndx,False,False,2013-06-28,,hold,4.043075417502549,0.0,0.0,-4.043075417502549,0.8691588785046727,0.0,0.0,False,False,False,False,23.13330241678874
2013,NonEvent,QQQ Jun-28 90/65 spread,ndx,False,False,2013-06-28,,v4_-22,4.043075417502549,0.0,0.0,-4.043075417502549,0.8691588785046727,0.0,0.0,False,False,False,False,23.13330241678874
2013,NonEvent,QQQ Jun-28 90/65 spread,ndx,False,False,2013-06-28,,peak_-22,4.043075417502549,0.0,0.0,-4.043075417502549,0.8691588785046727,0.0,0.0,False,False,False,False,23.13330241678874
2013,NonEvent,QQQ Jun-28 90/65 spread,ndx,False,False,2013-06-28,,tiered,4.043075417502549,0.0,0.0,-4.043075417502549,0.8691588785046727,0.0,0.0,False,False,False,False,23.13330241678874
2013,NonEvent,QQQ Jun-28 90/65 spread,ndx,False,False,2013-06-28,,IPS,4.043075417502549,0.002942838171655647,0.35715096735819674,-4.03117730083304,0.8691588785046727,0.0,0.0,False,False,False,False,23.13330241678874
2013,NonEvent,QQQ Jun-28 90/65 spread,ndx,False,False,2013-07-31,,hold,3.8817153828920175,0.0,0.0,-3.8817153828920175,0.9540113501799642,2.266754270696452,0.0,False,False,False,False,22.200801230891337
2013,NonEvent,QQQ Jun-28 90/65 spread,ndx,False,False,2013-07-31,,v4_-22,3.8817153828920175,0.0,0.0,-3.8817153828920175,0.9540113501799642,2.266754270696452,0.0,False,False,False,False,22.200801230891337
2013,NonEvent,QQQ Jun-28 90/65 spread,ndx,False,False,2013-07-31,,peak_-22,3.8817153828920175,0.0,0.0,-3.8817153828920175,0.9540113501799642,2.266754270696452,0.0,False,False,False,False,22.200801230891337
2013,NonEvent,QQQ Jun-28 90/65 spread,ndx,False,False,2013-07-31,,tiered,3.8817153828920175,0.0,0.0,-3.8817153828920175,0.9540113501799642,2.266754270696452,0.0,False,False,False,False,22.200801230891337
2013,NonEvent,QQQ Jun-28 90/65 spread,ndx,False,False,2013-07-31,,IPS,3.8817153828920175,0.008107857163289206,1.0022115404526162,-3.850242989018986,0.9540113501799642,2.266754270696452,0.0,False,False,False,False,22.200801230891337
2013,NonEvent,QQQ Jun-28 90/65 spread,ndx,False,False,2013-08-30,,hold,3.9089453483768946,0.0,0.0,-3.9089453483768946,0.9514299681164294,1.281208935611038,0.0,False,False,False,False,22.70020110632014
2013,NonEvent,QQQ Jun-28 90/65 spread,ndx,False,False,2013-08-30,,v4_-22,3.9089453483768946,0.0,0.0,-3.9089453483768946,0.9514299681164294,1.281208935611038,0.0,False,False,False,False,22.70020110632014
2013,NonEvent,QQQ Jun-28 90/65 spread,ndx,False,False,2013-08-30,,peak_-22,3.9089453483768946,0.0,0.0,-3.9089453483768946,0.9514299681164294,1.281208935611038,0.0,False,False,False,False,22.70020110632014
2013,NonEvent,QQQ Jun-28 90/65 spread,ndx,False,False,2013-08-30,,tiered,3.9089453483768946,0.0,0.0,-3.9089453483768946,0.9514299681164294,1.281208935611038,0.0,False,False,False,False,22.70020110632014
2013,NonEvent,QQQ Jun-28 90/65 spread,ndx,False,False,2013-08-30,,IPS,3.9089453483768946,0.0031966996972683935,0.3968332173596234,-3.8964496239650996,0.9514299681164294,1.281208935611038,0.0,False,False,False,False,22.70020110632014
2013,NonEvent,QQQ Jun-28 90/65 spread,ndx,False,False,2013-09-30,,hold,3.963968914490754,0.0,0.0,-3.963968914490754,1.042059329689131,0.2628120893561104,-9.667180527077279e-17,False,False,False,False,22.365509518765453
2013,NonEvent,QQQ Jun-28 90/65 spread,ndx,False,False,2013-09-30,,v4_-22,3.963968914490754,0.0,0.0,-3.963968914490754,1.042059329689131,0.2628120893561104,-9.667180527077279e-17,False,False,False,False,22.365509518765453
2013,NonEvent,QQQ Jun-28 90/65 spread,ndx,False,False,2013-09-30,,peak_-22,3.963968914490754,0.0,0.0,-3.963968914490754,1.042059329689131,0.2628120893561104,-9.667180527077279e-17,False,False,False,False,22.365509518765453
2013,NonEvent,QQQ Jun-28 90/65 spread,ndx,False,False,2013-09-30,,tiered,3.963968914490754,0.0,0.0,-3.963968914490754,1.042059329689131,0.2628120893561104,-9.667180527077279e-17,False,False,False,False,22.365509518765453
2013,NonEvent,QQQ Jun-28 90/65 spread,ndx,False,False,2013-09-30,,IPS,3.963968914490754,0.0053487200130715815,0.7036715271529878,-3.9427667546266245,1.042059329689131,0.2628120893561104,-9.667180527077279e-17,False,False,False,False,22.365509518765453
2013,NonEvent,QQQ Jun-28 90/65 spread,ndx,False,False,2013-10-31,,hold,3.864859452331897,0.0,0.0,-3.864859452331897,1.0209845612000106,3.1208935611038107,0.0,False,False,False,False,21.523408314713034
2013,NonEvent,QQQ Jun-28 90/65 spread,ndx,False,False,2013-10-31,,v4_-22,3.864859452331897,0.0,0.0,-3.864859452331897,1.0209845612000106,3.1208935611038107,0.0,False,False,False,False,21.523408314713034
2013,NonEvent,QQQ Jun-28 90/65 spread,ndx,False,False,2013-10-31,,peak_-22,3.864859452331897,0.0,0.0,-3.864859452331897,1.0209845612000106,3.1208935611038107,0.0,False,False,False,False,21.523408314713034
2013,NonEvent,QQQ Jun-28 90/65 spread,ndx,False,False,2013-10-31,,tiered,3.864859452331897,0.0,0.0,-3.864859452331897,1.0209845612000106,3.1208935611038107,0.0,False,False,False,False,21.523408314713034
2013,NonEvent,QQQ Jun-28 90/65 spread,ndx,False,False,2013-10-31,,IPS,3.864859452331897,0.017884613701030623,2.4100823627323957,-3.7957379340181636,1.0209845612000106,3.1208935611038107,0.0,False,False,False,False,21.523408314713034
2013,NonEvent,QQQ Jun-28 90/65 spread,ndx,False,False,2013-11-29,,hold,3.852016010552865,0.0,0.0,-3.852016010552865,1.110294043130783,2.1681997371879107,0.0,False,False,False,False,21.36508519788688
2013,NonEvent,QQQ Jun-28 90/65 spread,ndx,False,False,2013-11-29,,v4_-22,3.852016010552865,0.0,0.0,-3.852016010552865,1.110294043130783,2.1681997371879107,0.0,False,False,False,False,21.36508519788688
2013,NonEvent,QQQ Jun-28 90/65 spread,ndx,False,False,2013-11-29,,peak_-22,3.852016010552865,0.0,0.0,-3.852016010552865,1.110294043130783,2.1681997371879107,0.0,False,False,False,False,21.36508519788688
2013,NonEvent,QQQ Jun-28 90/65 spread,ndx,False,False,2013-11-29,,tiered,3.852016010552865,0.0,0.0,-3.852016010552865,1.110294043130783,2.1681997371879107,0.0,False,False,False,False,21.36508519788688
2013,NonEvent,QQQ Jun-28 90/65 spread,ndx,False,False,2013-11-29,,IPS,3.852016010552865,0.005963439036547676,0.8267453349820412,-3.829044747906128,1.110294043130783,2.1681997371879107,0.0,False,False,False,False,21.36508519788688
2013,NonEvent,QQQ Jun-28 90/65 spread,ndx,False,False,2013-12-31,,hold,3.6974458097566325,7.133163122047048e-16,9.790036696222665e-14,-3.6974458097566307,1.248435277691256,1.1169513797634691,6.633841703503754e-16,False,False,False,False,21.121783425162054
2013,NonEvent,QQQ Jun-28 90/65 spread,ndx,False,False,2013-12-31,,v4_-22,3.6974458097566325,7.133163122047048e-16,9.790036696222665e-14,-3.6974458097566307,1.248435277691256,1.1169513797634691,6.633841703503754e-16,False,False,False,False,21.121783425162054
2013,NonEvent,QQQ Jun-28 90/65 spread,ndx,False,False,2013-12-31,,peak_-22,3.6974458097566325,7.133163122047048e-16,9.790036696222665e-14,-3.6974458097566307,1.248435277691256,1.1169513797634691,6.633841703503754e-16,False,False,False,False,21.121783425162054
2013,NonEvent,QQQ Jun-28 90/65 spread,ndx,False,False,2013-12-31,,tiered,3.6974458097566325,7.133163122047048e-16,9.790036696222665e-14,-3.6974458097566307,1.248435277691256,1.1169513797634691,6.633841703503754e-16,False,False,False,False,21.121783425162054
2013,NonEvent,QQQ Jun-28 90/65 spread,ndx,False,False,2013-12-31,,IPS,3.6974458097566325,0.13889670692637995,19.063125776429928,-3.183882762742694,1.248435277691256,1.1169513797634691,6.633841703503754e-16,False,False,False,False,21.121783425162054
2013,NonEvent,SPX Dec-27 seagull 90/70 -125c,spx,True,False,2013-01-31,,hold,1.623061411076316,0.4896051458919899,-44.305837231357145,-4.574833934348389,1.0040098843489507,0.8212877792378449,0.36631357587973323,False,False,False,False,17.797310075062363
2013,NonEvent,SPX Dec-27 seagull 90/70 -125c,spx,True,False,2013-01-31,,v4_-22,1.623061411076316,0.4896051458919899,-44.305837231357145,-4.574833934348389,1.0040098843489507,0.8212877792378449,0.36631357587973323,False,False,False,False,17.797310075062363
2013,NonEvent,SPX Dec-27 seagull 90/70 -125c,spx,True,False,2013-01-31,,peak_-22,1.623061411076316,0.4896051458919899,-44.305837231357145,-4.574833934348389,1.0040098843489507,0.8212877792378449,0.36631357587973323,False,False,False,False,17.797310075062363
2013,NonEvent,SPX Dec-27 seagull 90/70 -125c,spx,True,False,2013-01-31,,tiered,1.623061411076316,0.4896051458919899,-44.305837231357145,-4.574833934348389,1.0040098843489507,0.8212877792378449,0.36631357587973323,False,False,False,False,17.797310075062363
2013,NonEvent,SPX Dec-27 seagull 90/70 -125c,spx,True,False,2013-01-31,,IPS,1.623061411076316,0.46588242552920023,-47.49746032037222,-4.78746833937274,1.0040098843489507,0.8212877792378449,0.36631357587973323,False,False,False,False,17.797310075062363
2013,NonEvent,SPX Dec-27 seagull 90/70 -125c,spx,True,False,2013-02-28,,hold,1.6411239988364683,0.32419126975772017,-66.46904982083743,-6.02870827280449,0.9759294960374713,0.0,0.3275260972543542,False,False,False,False,18.048182508816478
2013,NonEvent,SPX Dec-27 seagull 90/70 -125c,spx,True,False,2013-02-28,,v4_-22,1.6411239988364683,0.32419126975772017,-66.46904982083743,-6.02870827280449,0.9759294960374713,0.0,0.3275260972543542,False,False,False,False,18.048182508816478
2013,NonEvent,SPX Dec-27 seagull 90/70 -125c,spx,True,False,2013-02-28,,peak_-22,1.6411239988364683,0.32419126975772017,-66.46904982083743,-6.02870827280449,0.9759294960374713,0.0,0.3275260972543542,False,False,False,False,18.048182508816478
2013,NonEvent,SPX Dec-27 seagull 90/70 -125c,spx,True,False,2013-02-28,,tiered,1.6411239988364683,0.32419126975772017,-66.46904982083743,-6.02870827280449,0.9759294960374713,0.0,0.3275260972543542,False,False,False,False,18.048182508816478
2013,NonEvent,SPX Dec-27 seagull 90/70 -125c,spx,True,False,2013-02-28,,IPS,1.6411239988364683,0.5202974101354789,-39.96662184910833,-4.279298035947522,0.9759294960374713,0.0,0.3275260972543542,False,False,False,False,18.048182508816478
2013,NonEvent,SPX Dec-27 seagull 90/70 -125c,spx,True,False,2013-03-28,,hold,1.680244160982706,0.7056103063489338,-15.41741071428578,-2.6627345241277616,1.0307418845777252,0.6898817345597897,0.5482884412343507,False,False,False,False,17.488765673376978
2013,NonEvent,SPX Dec-27 seagull 90/70 -125c,spx,True,False,2013-03-28,,v4_-22,1.680244160982706,0.7056103063489338,-15.41741071428578,-2.6627345241277616,1.0307418845777252,0.6898817345597897,0.5482884412343507,False,False,False,False,17.488765673376978
2013,NonEvent,SPX Dec-27 seagull 90/70 -125c,spx,True,False,2013-03-28,,peak_-22,1.680244160982706,0.7056103063489338,-15.41741071428578,-2.6627345241277616,1.0307418845777252,0.6898817345597897,0.5482884412343507,False,False,False,False,17.488765673376978
2013,NonEvent,SPX Dec-27 seagull 90/70 -125c,spx,True,False,2013-03-28,,tiered,1.680244160982706,0.7056103063489338,-15.41741071428578,-2.6627345241277616,1.0307418845777252,0.6898817345597897,0.5482884412343507,False,False,False,False,17.488765673376978
2013,NonEvent,SPX Dec-27 seagull 90/70 -125c,spx,True,False,2013-03-28,,IPS,1.680244160982706,0.6632866895920512,-21.424598157756,-3.0455487256944807,1.0307418845777252,0.6898817345597897,0.5482884412343507,False,False,False,False,17.488765673376978
2013,NonEvent,SPX Dec-27 seagull 90/70 -125c,spx,True,False,2013-04-30,,hold,1.7567944498694874,0.7703303212218808,-5.409712601680667,-2.0953015413098677,1.0034190667173928,0.0328515111695138,0.5951782945139663,False,False,False,False,17.283474424819577
2013,NonEvent,SPX Dec-27 seagull 90/70 -125c,spx,True,False,2013-04-30,,v4_-22,1.7567944498694874,0.7703303212218808,-5.409712601680667,-2.0953015413098677,1.0034190667173928,0.0328515111695138,0.5951782945139663,False,False,False,False,17.283474424819577
2013,NonEvent,SPX Dec-27 seagull 90/70 -125c,spx,True,False,2013-04-30,,peak_-22,1.7567944498694874,0.7703303212218808,-5.409712601680667,-2.0953015413098677,1.0034190667173928,0.0328515111695138,0.5951782945139663,False,False,False,False,17.283474424819577
2013,NonEvent,SPX Dec-27 seagull 90/70 -125c,spx,True,False,2013-04-30,,tiered,1.7567944498694874,0.7703303212218808,-5.409712601680667,-2.0953015413098677,1.0034190667173928,0.0328515111695138,0.5951782945139663,False,False,False,False,17.283474424819577
2013,NonEvent,SPX Dec-27 seagull 90/70 -125c,spx,True,False,2013-04-30,,IPS,1.7567944498694874,0.6240669554087859,-26.734507100168987,-3.429678188047897,1.0034190667173928,0.0328515111695138,0.5951782945139663,False,False,False,False,17.283474424819577
2013,NonEvent,SPX Dec-27 seagull 90/70 -125c,spx,True,False,2013-05-31,,hold,1.4918497742981747,0.8322645398967117,0.0,-1.4918497742981747,1.0501672528971973,0.7884362680683311,0.6701372979593049,False,False,False,False,17.74480364126471
2013,NonEvent,SPX Dec-27 seagull 90/70 -125c,spx,True,False,2013-05-31,,v4_-22,1.4918497742981747,0.8322645398967117,0.0,-1.4918497742981747,1.0501672528971973,0.7884362680683311,0.6701372979593049,False,False,False,False,17.74480364126471
2013,NonEvent,SPX Dec-27 seagull 90/70 -125c,spx,True,False,2013-05-31,,peak_-22,1.4918497742981747,0.8322645398967117,0.0,-1.4918497742981747,1.0501672528971973,0.7884362680683311,0.6701372979593049,False,False,False,False,17.74480364126471
2013,NonEvent,SPX Dec-27 seagull 90/70 -125c,spx,True,False,2013-05-31,,tiered,1.4918497742981747,0.8322645398967117,0.0,-1.4918497742981747,1.0501672528971973,0.7884362680683311,0.6701372979593049,False,False,False,False,17.74480364126471
2013,NonEvent,SPX Dec-27 seagull 90/70 -125c,spx,True,False,2013-05-31,,IPS,1.4918497742981747,0.7862866486431662,-6.674063545171627,-1.9007800425137933,1.0501672528971973,0.7884362680683311,0.6701372979593049,False,False,False,False,17.74480364126471
2013,NonEvent,SPX Dec-27 seagull 90/70 -125c,spx,True,False,2013-06-28,,hold,1.2617273392348867,0.8561272893623765,0.0,-1.2617273392348867,0.9811755331876006,0.0,0.5333654997151276,False,False,False,False,17.72317867552675
2013,NonEvent,SPX Dec-27 seagull 90/70 -125c,spx,True,False,2013-06-28,,v4_-22,1.2617273392348867,0.8561272893623765,0.0,-1.2617273392348867,0.9811755331876006,0.0,0.5333654997151276,False,False,False,False,17.72317867552675
2013,NonEvent,SPX Dec-27 seagull 90/70 -125c,spx,True,False,2013-06-28,,peak_-22,1.2617273392348867,0.8561272893623765,0.0,-1.2617273392348867,0.9811755331876006,0.0,0.5333654997151276,False,False,False,False,17.72317867552675
2013,NonEvent,SPX Dec-27 seagull 90/70 -125c,spx,True,False,2013-06-28,,tiered,1.2617273392348867,0.8561272893623765,0.0,-1.2617273392348867,0.9811755331876006,0.0,0.5333654997151276,False,False,False,False,17.72317867552675
2013,NonEvent,SPX Dec-27 seagull 90/70 -125c,spx,True,False,2013-06-28,,IPS,1.2617273392348867,0.5933391983372597,-37.013539511332255,-3.5663125340385307,0.9811755331876006,0.0,0.5333654997151276,False,False,False,False,17.72317867552675
2013,NonEvent,SPX Dec-27 seagull 90/70 -125c,spx,True,False,2013-07-31,,hold,1.4023493548854624,0.8435673292021929,-0.17172789182128412,-1.4125361918572066,1.0573778003285617,0.8869908015768725,0.7287099693399015,False,False,False,False,16.820853491669233
2013,NonEvent,SPX Dec-27 seagull 90/70 -125c,spx,True,False,2013-07-31,,v4_-22,1.4023493548854624,0.8435673292021929,-0.17172789182128412,-1.4125361918572066,1.0573778003285617,0.8869908015768725,0.7287099693399015,False,False,False,False,16.820853491669233
2013,NonEvent,SPX Dec-27 seagull 90/70 -125c,spx,True,False,2013-07-31,,peak_-22,1.4023493548854624,0.8435673292021929,-0.17172789182128412,-1.4125361918572066,1.0573778003285617,0.8869908015768725,0.7287099693399015,False,False,False,False,16.820853491669233
2013,NonEvent,SPX Dec-27 seagull 90/70 -125c,spx,True,False,2013-07-31,,tiered,1.4023493548854624,0.8435673292021929,-0.17172789182128412,-1.4125361918572066,1.0573778003285617,0.8869908015768725,0.7287099693399015,False,False,False,False,16.820853491669233
2013,NonEvent,SPX Dec-27 seagull 90/70 -125c,spx,True,False,2013-07-31,,IPS,1.4023493548854624,0.820159047235416,-3.7349520707200794,-1.6239053725957238,1.0573778003285617,0.8869908015768725,0.7287099693399015,False,False,False,False,16.820853491669233
2013,NonEvent,SPX Dec-27 seagull 90/70 -125c,spx,True,False,2013-08-30,,hold,1.2123824353143688,0.5900439044703747,-39.1688636363624,-3.60849921985217,0.9819783468758092,0.0,0.5138310925204449,False,False,False,False,17.42662578068407
2013,NonEvent,SPX Dec-27 seagull 90/70 -125c,spx,True,False,2013-08-30,,v4_-22,1.2123824353143688,0.5900439044703747,-39.1688636363624,-3.60849921985217,0.9819783468758092,0.0,0.5138310925204449,False,False,False,False,17.42662578068407
2013,NonEvent,SPX Dec-27 seagull 90/70 -125c,spx,True,False,2013-08-30,,peak_-22,1.2123824353143688,0.5900439044703747,-39.1688636363624,-3.60849921985217,0.9819783468758092,0.0,0.5138310925204449,False,False,False,False,17.42662578068407
2013,NonEvent,SPX Dec-27 seagull 90/70 -125c,spx,True,False,2013-08-30,,tiered,1.2123824353143688,0.5900439044703747,-39.1688636363624,-3.60849921985217,0.9819783468758092,0.0,0.5138310925204449,False,False,False,False,17.42662578068407
2013,NonEvent,SPX Dec-27 seagull 90/70 -125c,spx,True,False,2013-08-30,,IPS,1.2123824353143688,0.6303485766214184,-33.369535921488996,-3.2537310395533883,0.9819783468758092,0.0,0.5138310925204449,False,False,False,False,17.42662578068407
2013,NonEvent,SPX Dec-27 seagull 90/70 -125c,spx,True,False,2013-09-30,,hold,1.448751211684212,0.8388064973652661,0.0,-1.448751211684212,1.0105696766136885,0.2956636005256242,0.6049527512442383,False,False,False,False,17.157531201969164
2013,NonEvent,SPX Dec-27 seagull 90/70 -125c,spx,True,False,2013-09-30,,v4_-22,1.448751211684212,0.8388064973652661,0.0,-1.448751211684212,1.0105696766136885,0.2956636005256242,0.6049527512442383,False,False,False,False,17.157531201969164
2013,NonEvent,SPX Dec-27 seagull 90/70 -125c,spx,True,False,2013-09-30,,peak_-22,1.448751211684212,0.8388064973652661,0.0,-1.448751211684212,1.0105696766136885,0.2956636005256242,0.6049527512442383,False,False,False,False,17.157531201969164
2013,NonEvent,SPX Dec-27 seagull 90/70 -125c,spx,True,False,2013-09-30,,tiered,1.448751211684212,0.8388064973652661,0.0,-1.448751211684212,1.0105696766136885,0.2956636005256242,0.6049527512442383,False,False,False,False,17.157531201969164
2013,NonEvent,SPX Dec-27 seagull 90/70 -125c,spx,True,False,2013-09-30,,IPS,1.448751211684212,0.6700279684981145,-25.501671685504615,-2.9656740045131835,1.0105696766136885,0.2956636005256242,0.6049527512442383,False,False,False,False,17.157531201969164
2013,NonEvent,SPX Dec-27 seagull 90/70 -125c,spx,True,False,2013-10-31,,hold,1.612229788310595,0.8254375402736277,-1.5994612891771852e-11,-1.612229788311503,1.0156796350400692,3.1208935611038107,0.7359390354000082,False,False,False,False,16.353397586845848
2013,NonEvent,SPX Dec-27 seagull 90/70 -125c,spx,True,False,2013-10-31,,v4_-22,1.612229788310595,0.8254375402736277,-1.5994612891771852e-11,-1.612229788311503,1.0156796350400692,3.1208935611038107,0.7359390354000082,False,False,False,False,16.353397586845848
2013,NonEvent,SPX Dec-27 seagull 90/70 -125c,spx,True,False,2013-10-31,,peak_-22,1.612229788310595,0.8254375402736277,-1.5994612891771852e-11,-1.612229788311503,1.0156796350400692,3.1208935611038107,0.7359390354000082,False,False,False,False,16.353397586845848
2013,NonEvent,SPX Dec-27 seagull 90/70 -125c,spx,True,False,2013-10-31,,tiered,1.612229788310595,0.8254375402736277,-1.5994612891771852e-11,-1.612229788311503,1.0156796350400692,3.1208935611038107,0.7359390354000082,False,False,False,False,16.353397586845848
2013,NonEvent,SPX Dec-27 seagull 90/70 -125c,spx,True,False,2013-10-31,,IPS,1.612229788310595,0.758045795805083,-10.959630848815404,-2.2346487098183134,1.0156796350400692,3.1208935611038107,0.7359390354000082,False,False,False,False,16.353397586845848
2013,NonEvent,SPX Dec-27 seagull 90/70 -125c,spx,True,False,2013-11-29,,hold,1.635577646189961,0.8235443495388376,0.0,-1.635577646189961,1.0723815775587588,2.1681997371879107,0.7704036180310123,False,False,False,False,16.23648907605666
2013,NonEvent,SPX Dec-27 seagull 90/70 -125c,spx,True,False,2013-11-29,,v4_-22,1.635577646189961,0.8235443495388376,0.0,-1.635577646189961,1.0723815775587588,2.1681997371879107,0.7704036180310123,False,False,False,False,16.23648907605666
2013,NonEvent,SPX Dec-27 seagull 90/70 -125c,spx,True,False,2013-11-29,,peak_-22,1.635577646189961,0.8235443495388376,0.0,-1.635577646189961,1.0723815775587588,2.1681997371879107,0.7704036180310123,False,False,False,False,16.23648907605666
2013,NonEvent,SPX Dec-27 seagull 90/70 -125c,spx,True,False,2013-11-29,,tiered,1.635577646189961,0.8235443495388376,0.0,-1.635577646189961,1.0723815775587588,2.1681997371879107,0.7704036180310123,False,False,False,False,16.23648907605666
2013,NonEvent,SPX Dec-27 seagull 90/70 -125c,spx,True,False,2013-11-29,,IPS,1.635577646189961,0.8329191730969202,1.5692846625865844,-1.5486818635471165,1.0723815775587588,2.1681997371879107,0.7704036180310123,False,False,False,False,16.23648907605666
2013,NonEvent,SPX Dec-27 seagull 90/70 -125c,spx,True,False,2013-12-31,,hold,1.4698166616921153,0.8405264859613655,0.0,-1.4698166616921153,1.1475627064154528,1.1169513797634691,0.8239019661360499,False,False,False,False,16.063331832186403
2013,NonEvent,SPX Dec-27 seagull 90/70 -125c,spx,True,False,2013-12-31,,v4_-22,1.4698166616921153,0.8405264859613655,0.0,-1.4698166616921153,1.1475627064154528,1.1169513797634691,0.8239019661360499,False,False,False,False,16.063331832186403
2013,NonEvent,SPX Dec-27 seagull 90/70 -125c,spx,True,False,2013-12-31,,peak_-22,1.4698166616921153,0.8405264859613655,0.0,-1.4698166616921153,1.1475627064154528,1.1169513797634691,0.8239019661360499,False,False,False,False,16.063331832186403
2013,NonEvent,SPX Dec-27 seagull 90/70 -125c,spx,True,False,2013-12-31,,tiered,1.4698166616921153,0.8405264859613655,0.0,-1.4698166616921153,1.1475627064154528,1.1169513797634691,0.8239019661360499,False,False,False,False,16.063331832186403
2013,NonEvent,SPX Dec-27 seagull 90/70 -125c,spx,True,False,2013-12-31,,IPS,1.4698166616921153,1.0143570836534026,29.67633426506354,0.13232467406447349,1.1475627064154528,1.1169513797634691,0.8239019661360499,False,False,False,False,16.063331832186403
2013,NonEvent,QQQ Dec-27 seagull 90/65 -135c,ndx,True,False,2013-01-31,,hold,2.2919952760478814,-0.7574513373182858,-48.933234116569565,-4.028070163017543,1.0232184858784514,0.8212877792378449,-2.692195603570155,False,False,False,False,23.03696003152082
2013,NonEvent,QQQ Dec-27 seagull 90/65 -135c,ndx,True,False,2013-01-31,,v4_-22,2.2919952760478814,-0.7574513373182858,-48.933234116569565,-4.028070163017543,1.0232184858784514,0.8212877792378449,-2.692195603570155,False,False,False,False,23.03696003152082
2013,NonEvent,QQQ Dec-27 seagull 90/65 -135c,ndx,True,False,2013-01-31,,peak_-22,2.2919952760478814,-0.7574513373182858,-48.933234116569565,-4.028070163017543,1.0232184858784514,0.8212877792378449,-2.692195603570155,False,False,False,False,23.03696003152082
2013,NonEvent,QQQ Dec-27 seagull 90/65 -135c,ndx,True,False,2013-01-31,,tiered,2.2919952760478814,-0.7574513373182858,-48.933234116569565,-4.028070163017543,1.0232184858784514,0.8212877792378449,-2.692195603570155,False,False,False,False,23.03696003152082
2013,NonEvent,QQQ Dec-27 seagull 90/65 -135c,ndx,True,False,2013-01-31,,IPS,2.2919952760478814,-1.424872416839413,-92.05029039396493,-5.557796124414744,1.0232184858784514,0.8212877792378449,-2.692195603570155,False,False,False,False,23.03696003152082
2013,NonEvent,QQQ Dec-27 seagull 90/65 -135c,ndx,True,False,2013-02-28,,hold,2.324366458476892,-2.3334541984784125,-153.2438256828891,-7.748169129812193,0.9531909576385494,1.609724047306176,-2.9567704354792803,False,False,False,False,23.46263726146142
2013,NonEvent,QQQ Dec-27 seagull 90/65 -135c,ndx,True,False,2013-02-28,,v4_-22,2.324366458476892,-2.3334541984784125,-153.2438256828891,-7.748169129812193,0.9531909576385494,1.609724047306176,-2.9567704354792803,False,False,False,False,23.46263726146142
2013,NonEvent,QQQ Dec-27 seagull 90/65 -135c,ndx,True,False,2013-02-28,,peak_-22,2.324366458476892,-2.3334541984784125,-153.2438256828891,-7.748169129812193,0.9531909576385494,1.609724047306176,-2.9567704354792803,False,False,False,False,23.46263726146142
2013,NonEvent,QQQ Dec-27 seagull 90/65 -135c,ndx,True,False,2013-02-28,,tiered,2.324366458476892,-2.3334541984784125,-153.2438256828891,-7.748169129812193,0.9531909576385494,1.609724047306176,-2.9567704354792803,False,False,False,False,23.46263726146142
2013,NonEvent,QQQ Dec-27 seagull 90/65 -135c,ndx,True,False,2013-02-28,,IPS,2.324366458476892,-0.9383818956585734,-61.62590709346284,-4.505509861987642,0.9531909576385494,1.609724047306176,-2.9567704354792803,False,False,False,False,23.46263726146142
2013,NonEvent,QQQ Dec-27 seagull 90/65 -135c,ndx,True,False,2013-03-28,,hold,2.421010736277258,-2.5094201934455818,-176.39280620154977,-8.496343966439966,1.1555599070437215,0.6898817345597897,-2.557400381939785,False,False,False,False,22.324365179062234
2013,NonEvent,QQQ Dec-27 seagull 90/65 -135c,ndx,True,False,2013-03-28,,v4_-22,2.421010736277258,-2.5094201934455818,-176.39280620154977,-8.496343966439966,1.1555599070437215,0.6898817345597897,-2.557400381939785,False,False,False,False,22.324365179062234
2013,NonEvent,QQQ Dec-27 seagull 90/65 -135c,ndx,True,False,2013-03-28,,peak_-22,2.421010736277258,-2.5094201934455818,-176.39280620154977,-8.496343966439966,1.1555599070437215,0.6898817345597897,-2.557400381939785,False,False,False,False,22.324365179062234
2013,NonEvent,QQQ Dec-27 seagull 90/65 -135c,ndx,True,False,2013-03-28,,tiered,2.421010736277258,-2.5094201934455818,-176.39280620154977,-8.496343966439966,1.1555599070437215,0.6898817345597897,-2.557400381939785,False,False,False,False,22.324365179062234
2013,NonEvent,QQQ Dec-27 seagull 90/65 -135c,ndx,True,False,2013-03-28,,IPS,2.421010736277258,-1.0792978632011048,-75.86628150783143,-5.034002450728237,1.1555599070437215,0.6898817345597897,-2.557400381939785,False,False,False,False,22.324365179062234
2013,NonEvent,QQQ Dec-27 seagull 90/65 -135c,ndx,True,False,2013-04-30,,hold,2.527746039673263,-2.724681713456313,-204.78343204270686,-9.415049450232619,0.91484052132348,0.0328515111695138,-2.5339539935143716,False,False,False,False,21.91693976208905
2013,NonEvent,QQQ Dec-27 seagull 90/65 -135c,ndx,True,False,2013-04-30,,v4_-22,2.527746039673263,-2.724681713456313,-204.78343204270686,-9.415049450232619,0.91484052132348,0.0328515111695138,-2.5339539935143716,False,False,False,False,21.91693976208905
2013,NonEvent,QQQ Dec-27 seagull 90/65 -135c,ndx,True,False,2013-04-30,,peak_-22,2.527746039673263,-2.724681713456313,-204.78343204270686,-9.415049450232619,0.91484052132348,0.0328515111695138,-2.5339539935143716,False,False,False,False,21.91693976208905
2013,NonEvent,QQQ Dec-27 seagull 90/65 -135c,ndx,True,False,2013-04-30,,tiered,2.527746039673263,-2.724681713456313,-204.78343204270686,-9.415049450232619,0.91484052132348,0.0328515111695138,-2.5339539935143716,False,False,False,False,21.91693976208905
2013,NonEvent,QQQ Dec-27 seagull 90/65 -135c,ndx,True,False,2013-04-30,,IPS,2.527746039673263,-1.4840695468139802,-111.5406814989454,-6.279096959231996,0.91484052132348,0.0328515111695138,-2.5339539935143716,False,False,False,False,21.91693976208905
2013,NonEvent,QQQ Dec-27 seagull 90/65 -135c,ndx,True,False,2013-05-31,,hold,2.1909841700862542,-0.6907579629504248,-46.53013390847718,-3.7044239322716623,1.2711400069167007,0.7884362680683311,-1.8525632659735751,False,False,False,False,23.06824473364412
2013,NonEvent,QQQ Dec-27 seagull 90/65 -135c,ndx,True,False,2013-05-31,,v4_-22,2.1909841700862542,-0.6907579629504248,-46.53013390847718,-3.7044239322716623,1.2711400069167007,0.7884362680683311,-1.8525632659735751,False,False,False,False,23.06824473364412
2013,NonEvent,QQQ Dec-27 seagull 90/65 -135c,ndx,True,False,2013-05-31,,peak_-22,2.1909841700862542,-0.6907579629504248,-46.53013390847718,-3.7044239322716623,1.2711400069167007,0.7884362680683311,-1.8525632659735751,False,False,False,False,23.06824473364412
2013,NonEvent,QQQ Dec-27 seagull 90/65 -135c,ndx,True,False,2013-05-31,,tiered,2.1909841700862542,-0.6907579629504248,-46.53013390847718,-3.7044239322716623,1.2711400069167007,0.7884362680683311,-1.8525632659735751,False,False,False,False,23.06824473364412
2013,NonEvent,QQQ Dec-27 seagull 90/65 -135c,ndx,True,False,2013-05-31,,IPS,2.1909841700862542,-1.0296474707876504,-69.35806355331539,-4.4469254793513455,1.2711400069167007,0.7884362680683311,-1.8525632659735751,False,False,False,False,23.06824473364412
2013,NonEvent,QQQ Dec-27 seagull 90/65 -135c,ndx,True,False,2013-06-28,,hold,1.9687873487289045,-3.1766181478654794,-187.73162103025743,-8.222872969989105,0.8691588785046728,0.0,-3.892135780991307,False,False,False,False,23.040132278184775
2013,NonEvent,QQQ Dec-27 seagull 90/65 -135c,ndx,True,False,2013-06-28,,v4_-22,1.9687873487289045,-3.1766181478654794,-187.73162103025743,-8.222872969989105,0.8691588785046728,0.0,-3.892135780991307,False,False,False,False,23.040132278184775
2013,NonEvent,QQQ Dec-27 seagull 90/65 -135c,ndx,True,False,2013-06-28,,peak_-22,1.9687873487289045,-3.1766181478654794,-187.73162103025743,-8.222872969989105,0.8691588785046728,0.0,-3.892135780991307,False,False,False,False,23.040132278184775
2013,NonEvent,QQQ Dec-27 seagull 90/65 -135c,ndx,True,False,2013-06-28,,tiered,1.9687873487289045,-3.1766181478654794,-187.73162103025743,-8.222872969989105,0.8691588785046728,0.0,-3.892135780991307,False,False,False,False,23.040132278184775
2013,NonEvent,QQQ Dec-27 seagull 90/65 -135c,ndx,True,False,2013-06-28,,IPS,1.9687873487289045,-3.8247612025500057,-226.03554698282736,-9.498928816218509,0.8691588785046728,0.0,-3.892135780991307,False,False,False,False,23.040132278184775
2013,NonEvent,QQQ Dec-27 seagull 90/65 -135c,ndx,True,False,2013-07-31,,hold,2.11793671617427,-2.770020046328244,-186.82092276863568,-7.984663876831611,0.9570663824700486,0.8869908015768725,-2.576118643085267,False,False,False,False,21.867109539170006
2013,NonEvent,QQQ Dec-27 seagull 90/65 -135c,ndx,True,False,2013-07-31,,v4_-22,2.11793671617427,-2.770020046328244,-186.82092276863568,-7.984663876831611,0.9570663824700486,0.8869908015768725,-2.576118643085267,False,False,False,False,21.867109539170006
2013,NonEvent,QQQ Dec-27 seagull 90/65 -135c,ndx,True,False,2013-07-31,,peak_-22,2.11793671617427,-2.770020046328244,-186.82092276863568,-7.984663876831611,0.9570663824700486,0.8869908015768725,-2.576118643085267,False,False,False,False,21.867109539170006
2013,NonEvent,QQQ Dec-27 seagull 90/65 -135c,ndx,True,False,2013-07-31,,tiered,2.11793671617427,-2.770020046328244,-186.82092276863568,-7.984663876831611,0.9570663824700486,0.8869908015768725,-2.576118643085267,False,False,False,False,21.867109539170006
2013,NonEvent,QQQ Dec-27 seagull 90/65 -135c,ndx,True,False,2013-07-31,,IPS,2.11793671617427,-1.0210974763902652,-68.86678420570152,-4.280556552214103,0.9570663824700486,0.8869908015768725,-2.576118643085267,False,False,False,False,21.867109539170006
2013,NonEvent,QQQ Dec-27 seagull 90/65 -135c,ndx,True,False,2013-08-30,,hold,1.9169236367517086,-2.461181651046411,-149.8287170542635,-6.63482091798217,0.8691588785046729,0.0,-3.7089473592185325,False,False,False,False,22.654613514889295
2013,NonEvent,QQQ Dec-27 seagull 90/65 -135c,ndx,True,False,2013-08-30,,v4_-22,1.9169236367517086,-2.461181651046411,-149.8287170542635,-6.63482091798217,0.8691588785046729,0.0,-3.7089473592185325,False,False,False,False,22.654613514889295
2013,NonEvent,QQQ Dec-27 seagull 90/65 -135c,ndx,True,False,2013-08-30,,peak_-22,1.9169236367517086,-2.461181651046411,-149.8287170542635,-6.63482091798217,0.8691588785046729,0.0,-3.7089473592185325,False,False,False,False,22.654613514889295
2013,NonEvent,QQQ Dec-27 seagull 90/65 -135c,ndx,True,False,2013-08-30,,tiered,1.9169236367517086,-2.461181651046411,-149.8287170542635,-6.63482091798217,0.8691588785046729,0.0,-3.7089473592185325,False,False,False,False,22.654613514889295
2013,NonEvent,QQQ Dec-27 seagull 90/65 -135c,ndx,True,False,2013-08-30,,IPS,1.9169236367517086,-2.1936962863091978,-133.54507987846668,-6.122071899832254,0.8691588785046729,0.0,-3.7089473592185325,False,False,False,False,22.654613514889295
2013,NonEvent,QQQ Dec-27 seagull 90/65 -135c,ndx,True,False,2013-09-30,,hold,2.170153757563384,0.0,0.0,-2.170153757563384,1.0908548393672792,0.2956636005256242,-1.9148548782865706,False,False,False,False,22.304790562559916
2013,NonEvent,QQQ Dec-27 seagull 90/65 -135c,ndx,True,False,2013-09-30,,v4_-22,2.170153757563384,0.0,0.0,-2.170153757563384,1.0908548393672792,0.2956636005256242,-1.9148548782865706,False,False,False,False,22.304790562559916
2013,NonEvent,QQQ Dec-27 seagull 90/65 -135c,ndx,True,False,2013-09-30,,peak_-22,2.170153757563384,0.0,0.0,-2.170153757563384,1.0908548393672792,0.2956636005256242,-1.9148548782865706,False,False,False,False,22.304790562559916
2013,NonEvent,QQQ Dec-27 seagull 90/65 -135c,ndx,True,False,2013-09-30,,tiered,2.170153757563384,0.0,0.0,-2.170153757563384,1.0908548393672792,0.2956636005256242,-1.9148548782865706,False,False,False,False,22.304790562559916
2013,NonEvent,QQQ Dec-27 seagull 90/65 -135c,ndx,True,False,2013-09-30,,IPS,2.170153757563384,-1.5638794509083844,-112.63766838012133,-5.5640126243283765,1.0908548393672792,0.2956636005256242,-1.9148548782865706,False,False,False,False,22.304790562559916
2013,NonEvent,QQQ Dec-27 seagull 90/65 -135c,ndx,True,False,2013-10-31,,hold,2.364302061263028,-0.0016830825799709626,-0.13874808610759004,-2.368281376876129,1.0486437504970745,0.22996057818659657,-0.943904474429623,False,False,False,False,21.259416862899602
2013,NonEvent,QQQ Dec-27 seagull 90/65 -135c,ndx,True,False,2013-10-31,,v4_-22,2.364302061263028,-0.0016830825799709626,-0.13874808610759004,-2.368281376876129,1.0486437504970745,0.22996057818659657,-0.943904474429623,False,False,False,False,21.259416862899602
2013,NonEvent,QQQ Dec-27 seagull 90/65 -135c,ndx,True,False,2013-10-31,,peak_-22,2.364302061263028,-0.0016830825799709626,-0.13874808610759004,-2.368281376876129,1.0486437504970745,0.22996057818659657,-0.943904474429623,False,False,False,False,21.259416862899602
2013,NonEvent,QQQ Dec-27 seagull 90/65 -135c,ndx,True,False,2013-10-31,,tiered,2.364302061263028,-0.0016830825799709626,-0.13874808610759004,-2.368281376876129,1.0486437504970745,0.22996057818659657,-0.943904474429623,False,False,False,False,21.259416862899602
2013,NonEvent,QQQ Dec-27 seagull 90/65 -135c,ndx,True,False,2013-10-31,,IPS,2.364302061263028,-0.5500754751679637,-45.346509020129766,-3.6648466410528844,1.0486437504970745,0.22996057818659657,-0.943904474429623,False,False,False,False,21.259416862899602
2013,NonEvent,QQQ Dec-27 seagull 90/65 -135c,ndx,True,False,2013-11-29,,hold,2.4016711169232345,-9.392486788328824e-13,-8.118840659497838e-11,-2.401671116925491,1.0790008131388407,4.369250985545335,-0.6629377437547563,False,False,False,False,21.10743579887366
2013,NonEvent,QQQ Dec-27 seagull 90/65 -135c,ndx,True,False,2013-11-29,,v4_-22,2.4016711169232345,-9.392486788328824e-13,-8.118840659497838e-11,-2.401671116925491,1.0790008131388407,4.369250985545335,-0.6629377437547563,False,False,False,False,21.10743579887366
2013,NonEvent,QQQ Dec-27 seagull 90/65 -135c,ndx,True,False,2013-11-29,,peak_-22,2.4016711169232345,-9.392486788328824e-13,-8.118840659497838e-11,-2.401671116925491,1.0790008131388407,4.369250985545335,-0.6629377437547563,False,False,False,False,21.10743579887366
2013,NonEvent,QQQ Dec-27 seagull 90/65 -135c,ndx,True,False,2013-11-29,,tiered,2.4016711169232345,-9.392486788328824e-13,-8.118840659497838e-11,-2.401671116925491,1.0790008131388407,4.369250985545335,-0.6629377437547563,False,False,False,False,21.10743579887366
2013,NonEvent,QQQ Dec-27 seagull 90/65 -135c,ndx,True,False,2013-11-29,,IPS,2.4016711169232345,-0.105006404637906,-9.076453969200312,-2.653861966034048,1.0790008131388407,4.369250985545335,-0.6629377437547563,False,False,False,False,21.10743579887366
2013,NonEvent,QQQ Dec-27 seagull 90/65 -135c,ndx,True,False,2013-12-31,,hold,2.2437687649436473,0.0,0.0,-2.2437687649436473,1.4023018659221833,3.3180026281208934,-0.43308169980844013,False,False,False,False,20.882331381842327
2013,NonEvent,QQQ Dec-27 seagull 90/65 -135c,ndx,True,False,2013-12-31,,v4_-22,2.2437687649436473,0.0,0.0,-2.2437687649436473,1.4023018659221833,3.3180026281208934,-0.43308169980844013,False,False,False,False,20.882331381842327
2013,NonEvent,QQQ Dec-27 seagull 90/65 -135c,ndx,True,False,2013-12-31,,peak_-22,2.2437687649436473,0.0,0.0,-2.2437687649436473,1.4023018659221833,3.3180026281208934,-0.43308169980844013,False,False,False,False,20.882331381842327
2013,NonEvent,QQQ Dec-27 seagull 90/65 -135c,ndx,True,False,2013-12-31,,tiered,2.2437687649436473,0.0,0.0,-2.2437687649436473,1.4023018659221833,3.3180026281208934,-0.43308169980844013,False,False,False,False,20.882331381842327
2013,NonEvent,QQQ Dec-27 seagull 90/65 -135c,ndx,True,False,2013-12-31,,IPS,2.2437687649436473,-0.1640165124493984,-13.660481814777867,-2.6117838925125985,1.4023018659221833,3.3180026281208934,-0.43308169980844013,False,False,False,False,20.882331381842327
2013,NonEvent,SPX Mar-27 seagull 90/75 -115c,spx,True,False,2013-01-31,,hold,0.7993494362311242,0.9586882348758946,-5.685577469258871e-13,-0.7993494362311621,1.005910914613055,0.8212877792378449,0.8720625534383075,False,False,False,False,16.818040620765714
2013,NonEvent,SPX Mar-27 seagull 90/75 -115c,spx,True,False,2013-01-31,,v4_-22,0.7993494362311242,0.9586882348758946,-5.685577469258871e-13,-0.7993494362311621,1.005910914613055,0.8212877792378449,0.8720625534383075,False,False,False,False,16.818040620765714
2013,NonEvent,SPX Mar-27 seagull 90/75 -115c,spx,True,False,2013-01-31,,peak_-22,0.7993494362311242,0.9586882348758946,-5.685577469258871e-13,-0.7993494362311621,1.005910914613055,0.8212877792378449,0.8720625534383075,False,False,False,False,16.818040620765714
2013,NonEvent,SPX Mar-27 seagull 90/75 -115c,spx,True,False,2013-01-31,,tiered,0.7993494362311242,0.9586882348758946,-5.685577469258871e-13,-0.7993494362311621,1.005910914613055,0.8212877792378449,0.8720625534383075,False,False,False,False,16.818040620765714
2013,NonEvent,SPX Mar-27 seagull 90/75 -115c,spx,True,False,2013-01-31,,IPS,0.7993494362311242,0.925531585909575,-9.629674663814274,-1.4409039323637214,1.005910914613055,0.8212877792378449,0.8720625534383075,False,False,False,False,16.818040620765714
2013,NonEvent,SPX Mar-27 seagull 90/75 -115c,spx,True,False,2013-02-28,,hold,0.7915554582086821,0.9589344260804181,-0.00019108546209889443,-0.7915680716516418,0.9946270198719966,0.0,0.8725414937172566,False,False,False,False,17.324725276886653
2013,NonEvent,SPX Mar-27 seagull 90/75 -115c,spx,True,False,2013-02-28,,v4_-22,0.7915554582086821,0.9589344260804181,-0.00019108546209889443,-0.7915680716516418,0.9946270198719966,0.0,0.8725414937172566,False,False,False,False,17.324725276886653
2013,NonEvent,SPX Mar-27 seagull 90/75 -115c,spx,True,False,2013-02-28,,peak_-22,0.7915554582086821,0.9589344260804181,-0.00019108546209889443,-0.7915680716516418,0.9946270198719966,0.0,0.8725414937172566,False,False,False,False,17.324725276886653
2013,NonEvent,SPX Mar-27 seagull 90/75 -115c,spx,True,False,2013-02-28,,tiered,0.7915554582086821,0.9589344260804181,-0.00019108546209889443,-0.7915680716516418,0.9946270198719966,0.0,0.8725414937172566,False,False,False,False,17.324725276886653
2013,NonEvent,SPX Mar-27 seagull 90/75 -115c,spx,True,False,2013-02-28,,IPS,0.7915554582086821,0.9017738421342536,-16.691908659755594,-1.8933788803195712,0.9946270198719966,0.0,0.8725414937172566,False,False,False,False,17.324725276886653
2013,NonEvent,SPX Mar-27 seagull 90/75 -115c,spx,True,False,2013-03-28,,hold,0.8315604181656929,0.9572170713529091,0.0,-0.8315604181656929,1.016638080366475,0.6898817345597897,0.9237231052502048,False,False,False,False,16.199468467100733
2013,NonEvent,SPX Mar-27 seagull 90/75 -115c,spx,True,False,2013-03-28,,v4_-22,0.8315604181656929,0.9572170713529091,0.0,-0.8315604181656929,1.016638080366475,0.6898817345597897,0.9237231052502048,False,False,False,False,16.199468467100733
2013,NonEvent,SPX Mar-27 seagull 90/75 -115c,spx,True,False,2013-03-28,,peak_-22,0.8315604181656929,0.9572170713529091,0.0,-0.8315604181656929,1.016638080366475,0.6898817345597897,0.9237231052502048,False,False,False,False,16.199468467100733
2013,NonEvent,SPX Mar-27 seagull 90/75 -115c,spx,True,False,2013-03-28,,tiered,0.8315604181656929,0.9572170713529091,0.0,-0.8315604181656929,1.016638080366475,0.6898817345597897,0.9237231052502048,False,False,False,False,16.199468467100733
2013,NonEvent,SPX Mar-27 seagull 90/75 -115c,spx,True,False,2013-03-28,,IPS,0.8315604181656929,0.9580553059992689,0.2556654537032028,-0.8152678740344169,1.016638080366475,0.6898817345597897,0.9237231052502048,False,False,False,False,16.199468467100733
2013,NonEvent,SPX Mar-27 seagull 90/75 -115c,spx,True,False,2013-04-30,,hold,0.8560041211354636,0.9559296137648166,-0.018894828659394847,-0.8571864452187743,1.0073111254020062,1.8068331143232588,0.9320447870792987,False,False,False,False,16.19355914678735
2013,NonEvent,SPX Mar-27 seagull 90/75 -115c,spx,True,False,2013-04-30,,v4_-22,0.8560041211354636,0.9559296137648166,-0.018894828659394847,-0.8571864452187743,1.0073111254020062,1.8068331143232588,0.9320447870792987,False,False,False,False,16.19355914678735
2013,NonEvent,SPX Mar-27 seagull 90/75 -115c,spx,True,False,2013-04-30,,peak_-22,0.8560041211354636,0.9559296137648166,-0.018894828659394847,-0.8571864452187743,1.0073111254020062,1.8068331143232588,0.9320447870792987,False,False,False,False,16.19355914678735
2013,NonEvent,SPX Mar-27 seagull 90/75 -115c,spx,True,False,2013-04-30,,tiered,0.8560041211354636,0.9559296137648166,-0.018894828659394847,-0.8571864452187743,1.0073111254020062,1.8068331143232588,0.9320447870792987,False,False,False,False,16.19355914678735
2013,NonEvent,SPX Mar-27 seagull 90/75 -115c,spx,True,False,2013-04-30,,IPS,0.8560041211354636,0.96442701866524,2.622426102931212,-0.6919085585828825,1.0073111254020062,1.8068331143232588,0.9320447870792987,False,False,False,False,16.19355914678735
2013,NonEvent,SPX Mar-27 seagull 90/75 -115c,spx,True,False,2013-05-31,,hold,0.7140812919132907,0.962848849389642,0.0,-0.7140812919132907,1.0361282239695535,0.7884362680683311,0.9431606262543966,False,False,False,False,17.323389979284492
2013,NonEvent,SPX Mar-27 seagull 90/75 -115c,spx,True,False,2013-05-31,,v4_-22,0.7140812919132907,0.962848849389642,0.0,-0.7140812919132907,1.0361282239695535,0.7884362680683311,0.9431606262543966,False,False,False,False,17.323389979284492
2013,NonEvent,SPX Mar-27 seagull 90/75 -115c,spx,True,False,2013-05-31,,peak_-22,0.7140812919132907,0.962848849389642,0.0,-0.7140812919132907,1.0361282239695535,0.7884362680683311,0.9431606262543966,False,False,False,False,17.323389979284492
2013,NonEvent,SPX Mar-27 seagull 90/75 -115c,spx,True,False,2013-05-31,,tiered,0.7140812919132907,0.962848849389642,0.0,-0.7140812919132907,1.0361282239695535,0.7884362680683311,0.9431606262543966,False,False,False,False,17.323389979284492
2013,NonEvent,SPX Mar-27 seagull 90/75 -115c,spx,True,False,2013-05-31,,IPS,0.7140812919132907,0.9960112652132721,10.403096497543356,-0.07666736676553929,1.0361282239695535,0.7884362680683311,0.9431606262543966,False,False,False,False,17.323389979284492
2013,NonEvent,SPX Mar-27 seagull 90/75 -115c,spx,True,False,2013-06-28,,hold,0.6075704211674939,0.9682554004091634,0.0,-0.6075704211674939,0.9958465009881149,0.0,0.8655504665256679,False,False,False,False,17.468325454242283
2013,NonEvent,SPX Mar-27 seagull 90/75 -115c,spx,True,False,2013-06-28,,v4_-22,0.6075704211674939,0.9682554004091634,0.0,-0.6075704211674939,0.9958465009881149,0.0,0.8655504665256679,False,False,False,False,17.468325454242283
2013,NonEvent,SPX Mar-27 seagull 90/75 -115c,spx,True,False,2013-06-28,,peak_-22,0.6075704211674939,0.9682554004091634,0.0,-0.6075704211674939,0.9958465009881149,0.0,0.8655504665256679,False,False,False,False,17.468325454242283
2013,NonEvent,SPX Mar-27 seagull 90/75 -115c,spx,True,False,2013-06-28,,tiered,0.6075704211674939,0.9682554004091634,0.0,-0.6075704211674939,0.9958465009881149,0.0,0.8655504665256679,False,False,False,False,17.468325454242283
2013,NonEvent,SPX Mar-27 seagull 90/75 -115c,spx,True,False,2013-06-28,,IPS,0.6075704211674939,0.9008636117709167,-20.715794883432164,-1.89740421759029,0.9958465009881149,0.0,0.8655504665256679,False,False,False,False,17.468325454242283
2013,NonEvent,SPX Mar-27 seagull 90/75 -115c,spx,True,False,2013-07-31,,hold,0.7205717011723867,0.9629129382738112,0.0,-0.7205717011723867,1.0288428059583827,0.8869908015768725,0.930982358477219,False,False,False,False,15.883460182567912
2013,NonEvent,SPX Mar-27 seagull 90/75 -115c,spx,True,False,2013-07-31,,v4_-22,0.7205717011723867,0.9629129382738112,0.0,-0.7205717011723867,1.0288428059583827,0.8869908015768725,0.930982358477219,False,False,False,False,15.883460182567912
2013,NonEvent,SPX Mar-27 seagull 90/75 -115c,spx,True,False,2013-07-31,,peak_-22,0.7205717011723867,0.9629129382738112,0.0,-0.7205717011723867,1.0288428059583827,0.8869908015768725,0.930982358477219,False,False,False,False,15.883460182567912
2013,NonEvent,SPX Mar-27 seagull 90/75 -115c,spx,True,False,2013-07-31,,tiered,0.7205717011723867,0.9629129382738112,0.0,-0.7205717011723867,1.0288428059583827,0.8869908015768725,0.930982358477219,False,False,False,False,15.883460182567912
2013,NonEvent,SPX Mar-27 seagull 90/75 -115c,spx,True,False,2013-07-31,,IPS,0.7205717011723867,0.9508184014830503,-3.9613708148376894,-0.9555587976038228,1.0288428059583827,0.8869908015768725,0.930982358477219,False,False,False,False,15.883460182567912
2013,NonEvent,SPX Mar-27 seagull 90/75 -115c,spx,True,False,2013-08-30,,hold,0.5941577946487744,0.9658369533360726,-0.9904103543609608,-0.654745175883425,0.9959436974191519,0.0,0.8415709504981055,False,False,False,False,17.302507677440367
2013,NonEvent,SPX Mar-27 seagull 90/75 -115c,spx,True,False,2013-08-30,,v4_-22,0.5941577946487744,0.9658369533360726,-0.9904103543609608,-0.654745175883425,0.9959436974191519,0.0,0.8415709504981055,False,False,False,False,17.302507677440367
2013,NonEvent,SPX Mar-27 seagull 90/75 -115c,spx,True,False,2013-08-30,,peak_-22,0.5941577946487744,0.9658369533360726,-0.9904103543609608,-0.654745175883425,0.9959436974191519,0.0,0.8415709504981055,False,False,False,False,17.302507677440367
2013,NonEvent,SPX Mar-27 seagull 90/75 -115c,spx,True,False,2013-08-30,,tiered,0.5941577946487744,0.9658369533360726,-0.9904103543609608,-0.654745175883425,0.9959436974191519,0.0,0.8415709504981055,False,False,False,False,17.302507677440367
2013,NonEvent,SPX Mar-27 seagull 90/75 -115c,spx,True,False,2013-08-30,,IPS,0.5941577946487744,0.951526651052503,-5.473707368677201,-0.9290064699000977,0.9959436974191519,0.0,0.8415709504981055,False,False,False,False,17.302507677440367
2013,NonEvent,SPX Mar-27 seagull 90/75 -115c,spx,True,False,2013-09-30,,hold,0.7002247756323436,0.9636606638608858,0.0,-0.7002247756323436,1.0122407906992785,0.2956636005256242,0.8816815803379562,False,False,False,False,16.991947295228297
2013,NonEvent,SPX Mar-27 seagull 90/75 -115c,spx,True,False,2013-09-30,,v4_-22,0.7002247756323436,0.9636606638608858,0.0,-0.7002247756323436,1.0122407906992785,0.2956636005256242,0.8816815803379562,False,False,False,False,16.991947295228297
2013,NonEvent,SPX Mar-27 seagull 90/75 -115c,spx,True,False,2013-09-30,,peak_-22,0.7002247756323436,0.9636606638608858,0.0,-0.7002247756323436,1.0122407906992785,0.2956636005256242,0.8816815803379562,False,False,False,False,16.991947295228297
2013,NonEvent,SPX Mar-27 seagull 90/75 -115c,spx,True,False,2013-09-30,,tiered,0.7002247756323436,0.9636606638608858,0.0,-0.7002247756323436,1.0122407906992785,0.2956636005256242,0.8816815803379562,False,False,False,False,16.991947295228297
2013,NonEvent,SPX Mar-27 seagull 90/75 -115c,spx,True,False,2013-09-30,,IPS,0.7002247756323436,0.9099530705831571,-17.398081004301943,-1.7351195053732016,1.0122407906992785,0.2956636005256242,0.8816815803379562,False,False,False,False,16.991947295228297
2013,NonEvent,SPX Mar-27 seagull 90/75 -115c,spx,True,False,2013-10-31,,hold,0.795772619360658,0.9591994565769129,0.0,-0.795772619360658,1.013475772613959,3.1208935611038107,0.9438213731246414,False,False,False,False,15.616899390502262
2013,NonEvent,SPX Mar-27 seagull 90/75 -115c,spx,True,False,2013-10-31,,v4_-22,0.795772619360658,0.9591994565769129,0.0,-0.795772619360658,1.013475772613959,3.1208935611038107,0.9438213731246414,False,False,False,False,15.616899390502262
2013,NonEvent,SPX Mar-27 seagull 90/75 -115c,spx,True,False,2013-10-31,,peak_-22,0.795772619360658,0.9591994565769129,0.0,-0.795772619360658,1.013475772613959,3.1208935611038107,0.9438213731246414,False,False,False,False,15.616899390502262
2013,NonEvent,SPX Mar-27 seagull 90/75 -115c,spx,True,False,2013-10-31,,tiered,0.795772619360658,0.9591994565769129,0.0,-0.795772619360658,1.013475772613959,3.1208935611038107,0.9438213731246414,False,False,False,False,15.616899390502262
2013,NonEvent,SPX Mar-27 seagull 90/75 -115c,spx,True,False,2013-10-31,,IPS,0.795772619360658,0.964383134628404,1.7802221667615732,-0.694670312506989,1.013475772613959,3.1208935611038107,0.9438213731246414,False,False,False,False,15.616899390502262
2013,NonEvent,SPX Mar-27 seagull 90/75 -115c,spx,True,False,2013-11-29,,hold,0.804943660091274,0.9587657764440417,0.0,-0.804943660091274,1.0401817984927881,2.1681997371879107,0.9587415115482439,False,False,False,False,15.518049241153175
2013,NonEvent,SPX Mar-27 seagull 90/75 -115c,spx,True,False,2013-11-29,,v4_-22,0.804943660091274,0.9587657764440417,0.0,-0.804943660091274,1.0401817984927881,2.1681997371879107,0.9587415115482439,False,False,False,False,15.518049241153175
2013,NonEvent,SPX Mar-27 seagull 90/75 -115c,spx,True,False,2013-11-29,,peak_-22,0.804943660091274,0.9587657764440417,0.0,-0.804943660091274,1.0401817984927881,2.1681997371879107,0.9587415115482439,False,False,False,False,15.518049241153175
2013,NonEvent,SPX Mar-27 seagull 90/75 -115c,spx,True,False,2013-11-29,,tiered,0.804943660091274,0.9587657764440417,0.0,-0.804943660091274,1.0401817984927881,2.1681997371879107,0.9587415115482439,False,False,False,False,15.518049241153175
2013,NonEvent,SPX Mar-27 seagull 90/75 -115c,spx,True,False,2013-11-29,,IPS,0.804943660091274,0.9992604908488113,14.276082019230506,-0.01443614433580781,1.0401817984927881,2.1681997371879107,0.9587415115482439,False,False,False,False,15.518049241153175
2013,NonEvent,SPX Mar-27 seagull 90/75 -115c,spx,True,False,2013-12-31,,hold,0.7386004602492087,0.9621254198187825,0.0,-0.7386004602492087,1.0716803630173997,1.1169513797634691,0.9621254198187823,False,False,False,False,15.396818839569049
2013,NonEvent,SPX Mar-27 seagull 90/75 -115c,spx,True,False,2013-12-31,,v4_-22,0.7386004602492087,0.9621254198187825,0.0,-0.7386004602492087,1.0716803630173997,1.1169513797634691,0.9621254198187823,False,False,False,False,15.396818839569049
2013,NonEvent,SPX Mar-27 seagull 90/75 -115c,spx,True,False,2013-12-31,,peak_-22,0.7386004602492087,0.9621254198187825,0.0,-0.7386004602492087,1.0716803630173997,1.1169513797634691,0.9621254198187823,False,False,False,False,15.396818839569049
2013,NonEvent,SPX Mar-27 seagull 90/75 -115c,spx,True,False,2013-12-31,,tiered,0.7386004602492087,0.9621254198187825,0.0,-0.7386004602492087,1.0716803630173997,1.1169513797634691,0.9621254198187823,False,False,False,False,15.396818839569049
2013,NonEvent,SPX Mar-27 seagull 90/75 -115c,spx,True,False,2013-12-31,,IPS,0.7386004602492087,1.040617459749539,28.352854626022534,0.7920899537796232,1.0716803630173997,1.1169513797634691,0.9621254198187823,False,False,False,False,15.396818839569049
2017,NonEvent,SPX Mar-27 10% OTM,spx,False,False,2017-01-31,,hold,1.5404123630741842,0.0,0.0,-1.5404123630741842,0.8691588785046728,0.0,0.0,False,False,False,False,13.222653319044941
2017,NonEvent,SPX Mar-27 10% OTM,spx,False,False,2017-01-31,,v4_-22,1.5404123630741842,0.0,0.0,-1.5404123630741842,0.8691588785046728,0.0,0.0,False,False,False,False,13.222653319044941
2017,NonEvent,SPX Mar-27 10% OTM,spx,False,False,2017-01-31,,peak_-22,1.5404123630741842,0.0,0.0,-1.5404123630741842,0.8691588785046728,0.0,0.0,False,False,False,False,13.222653319044941
2017,NonEvent,SPX Mar-27 10% OTM,spx,False,False,2017-01-31,,tiered,1.5404123630741842,0.0,0.0,-1.5404123630741842,0.8691588785046728,0.0,0.0,False,False,False,False,13.222653319044941
2017,NonEvent,SPX Mar-27 10% OTM,spx,False,False,2017-01-31,,IPS,1.5404123630741842,0.020501122759364696,0.7202860010202913,-1.5088321801187572,0.8691588785046728,0.0,0.0,False,False,False,False,13.222653319044941
2017,NonEvent,SPX Mar-27 10% OTM,spx,False,False,2017-02-28,,hold,1.6161053327034893,0.0,0.0,-1.6161053327034893,1.0225141035557943,1.445466491458607,0.0,False,False,False,False,13.566678020946977
2017,NonEvent,SPX Mar-27 10% OTM,spx,False,False,2017-02-28,,v4_-22,1.6161053327034893,0.0,0.0,-1.6161053327034893,1.0225141035557943,1.445466491458607,0.0,False,False,False,False,13.566678020946977
2017,NonEvent,SPX Mar-27 10% OTM,spx,False,False,2017-02-28,,peak_-22,1.6161053327034893,0.0,0.0,-1.6161053327034893,1.0225141035557943,1.445466491458607,0.0,False,False,False,False,13.566678020946977
2017,NonEvent,SPX Mar-27 10% OTM,spx,False,False,2017-02-28,,tiered,1.6161053327034893,0.0,0.0,-1.6161053327034893,1.0225141035557943,1.445466491458607,0.0,False,False,False,False,13.566678020946977
2017,NonEvent,SPX Mar-27 10% OTM,spx,False,False,2017-02-28,,IPS,1.6161053327034893,0.025177331474509325,0.9615945955941895,-1.5754161130442912,1.0225141035557943,1.445466491458607,0.0,False,False,False,False,13.566678020946977
2017,NonEvent,SPX Mar-27 10% OTM,spx,False,False,2017-03-31,,hold,1.5616873584988546,0.0,0.0,-1.5616873584988546,1.2452883307711775,0.42706964520367935,0.0,False,False,False,False,13.266583707229755
2017,NonEvent,SPX Mar-27 10% OTM,spx,False,False,2017-03-31,,v4_-22,1.5616873584988546,0.0,0.0,-1.5616873584988546,1.2452883307711775,0.42706964520367935,0.0,False,False,False,False,13.266583707229755
2017,NonEvent,SPX Mar-27 10% OTM,spx,False,False,2017-03-31,,peak_-22,1.5616873584988546,0.0,0.0,-1.5616873584988546,1.2452883307711775,0.42706964520367935,0.0,False,False,False,False,13.266583707229755
2017,NonEvent,SPX Mar-27 10% OTM,spx,False,False,2017-03-31,,tiered,1.5616873584988546,0.0,0.0,-1.5616873584988546,1.2452883307711775,0.42706964520367935,0.0,False,False,False,False,13.266583707229755
2017,NonEvent,SPX Mar-27 10% OTM,spx,False,False,2017-03-31,,IPS,1.5616873584988546,0.056723763430606804,2.0938307871799284,-1.4731025742227963,1.2452883307711775,0.42706964520367935,0.0,False,False,False,False,13.266583707229755
2017,NonEvent,SPX Mar-27 10% OTM,spx,False,False,2017-04-28,,hold,1.434682471295821,0.0,0.0,-1.434682471295821,1.2458940939117147,0.6241787122207622,0.0,False,False,False,False,12.613715424505395
2017,NonEvent,SPX Mar-27 10% OTM,spx,False,False,2017-04-28,,v4_-22,1.434682471295821,0.0,0.0,-1.434682471295821,1.2458940939117147,0.6241787122207622,0.0,False,False,False,False,12.613715424505395
2017,NonEvent,SPX Mar-27 10% OTM,spx,False,False,2017-04-28,,peak_-22,1.434682471295821,0.0,0.0,-1.434682471295821,1.2458940939117147,0.6241787122207622,0.0,False,False,False,False,12.613715424505395
2017,NonEvent,SPX Mar-27 10% OTM,spx,False,False,2017-04-28,,tiered,1.434682471295821,0.0,0.0,-1.434682471295821,1.2458940939117147,0.6241787122207622,0.0,False,False,False,False,12.613715424505395
2017,NonEvent,SPX Mar-27 10% OTM,spx,False,False,2017-04-28,,IPS,1.434682471295821,0.02236667122475149,0.7650691543046482,-1.4025934001484337,1.2458940939117147,0.6241787122207622,0.0,False,False,False,False,12.613715424505395
2017,NonEvent,SPX Mar-27 10% OTM,spx,False,False,2017-05-31,,hold,1.4145623908703855,0.0,0.0,-1.4145623908703855,0.8691588785046728,0.0,0.0,False,False,False,False,12.45867100663009
2017,NonEvent,SPX Mar-27 10% OTM,spx,False,False,2017-05-31,,v4_-22,1.4145623908703855,0.0,0.0,-1.4145623908703855,0.8691588785046728,0.0,0.0,False,False,False,False,12.45867100663009
2017,NonEvent,SPX Mar-27 10% OTM,spx,False,False,2017-05-31,,peak_-22,1.4145623908703855,0.0,0.0,-1.4145623908703855,0.8691588785046728,0.0,0.0,False,False,False,False,12.45867100663009
2017,NonEvent,SPX Mar-27 10% OTM,spx,False,False,2017-05-31,,tiered,1.4145623908703855,0.0,0.0,-1.4145623908703855,0.8691588785046728,0.0,0.0,False,False,False,False,12.45867100663009
2017,NonEvent,SPX Mar-27 10% OTM,spx,False,False,2017-05-31,,IPS,1.4145623908703855,0.02117803728856571,0.7235236087089976,-1.38460473580953,0.8691588785046728,0.0,0.0,False,False,False,False,12.45867100663009
2017,NonEvent,SPX Mar-27 10% OTM,spx,False,False,2017-06-30,,hold,1.4721204000385189,0.0,0.0,-1.4721204000385189,1.0162427052915455,1.3469119579500657,0.0,False,False,False,False,12.769780745895495
2017,NonEvent,SPX Mar-27 10% OTM,spx,False,False,2017-06-30,,v4_-22,1.4721204000385189,0.0,0.0,-1.4721204000385189,1.0162427052915455,1.3469119579500657,0.0,False,False,False,False,12.769780745895495
2017,NonEvent,SPX Mar-27 10% OTM,spx,False,False,2017-06-30,,peak_-22,1.4721204000385189,0.0,0.0,-1.4721204000385189,1.0162427052915455,1.3469119579500657,0.0,False,False,False,False,12.769780745895495
2017,NonEvent,SPX Mar-27 10% OTM,spx,False,False,2017-06-30,,tiered,1.4721204000385189,0.0,0.0,-1.4721204000385189,1.0162427052915455,1.3469119579500657,0.0,False,False,False,False,12.769780745895495
2017,NonEvent,SPX Mar-27 10% OTM,spx,False,False,2017-06-30,,IPS,1.4721204000385189,0.014836590099435339,0.5291764820933392,-1.4502791530861305,1.0162427052915455,1.3469119579500657,0.0,False,False,False,False,12.769780745895495
2017,NonEvent,SPX Mar-27 10% OTM,spx,False,False,2017-07-31,,hold,1.3781851935419738,0.0,0.0,-1.3781851935419738,1.4282080707125835,0.328515111695138,-4.1010601298602317e-16,False,False,False,False,12.375887314722082
2017,NonEvent,SPX Mar-27 10% OTM,spx,False,False,2017-07-31,,v4_-22,1.3781851935419738,0.0,0.0,-1.3781851935419738,1.4282080707125835,0.328515111695138,-4.1010601298602317e-16,False,False,False,False,12.375887314722082
2017,NonEvent,SPX Mar-27 10% OTM,spx,False,False,2017-07-31,,peak_-22,1.3781851935419738,0.0,0.0,-1.3781851935419738,1.4282080707125835,0.328515111695138,-4.1010601298602317e-16,False,False,False,False,12.375887314722082
2017,NonEvent,SPX Mar-27 10% OTM,spx,False,False,2017-07-31,,tiered,1.3781851935419738,0.0,0.0,-1.3781851935419738,1.4282080707125835,0.328515111695138,-4.1010601298602317e-16,False,False,False,False,12.375887314722082
2017,NonEvent,SPX Mar-27 10% OTM,spx,False,False,2017-07-31,,IPS,1.3781851935419738,0.009988718541656203,0.33993369934979784,-1.364418889545405,1.4282080707125835,0.328515111695138,-4.1010601298602317e-16,False,False,False,False,12.375887314722082
2017,NonEvent,SPX Mar-27 10% OTM,spx,False,False,2017-08-31,,hold,1.2388855009728774,4.2924127588922956e-11,1.3143958812882413e-09,-1.2388855009196993,1.0785118270497027,0.2628120893561104,3.9919438657698344e-11,False,False,False,False,11.639325340335725
2017,NonEvent,SPX Mar-27 10% OTM,spx,False,False,2017-08-31,,v4_-22,1.2388855009728774,4.2924127588922956e-11,1.3143958812882413e-09,-1.2388855009196993,1.0785118270497027,0.2628120893561104,3.9919438657698344e-11,False,False,False,False,11.639325340335725
2017,NonEvent,SPX Mar-27 10% OTM,spx,False,False,2017-08-31,,peak_-22,1.2388855009728774,4.2924127588922956e-11,1.3143958812882413e-09,-1.2388855009196993,1.0785118270497027,0.2628120893561104,3.9919438657698344e-11,False,False,False,False,11.639325340335725
2017,NonEvent,SPX Mar-27 10% OTM,spx,False,False,2017-08-31,,tiered,1.2388855009728774,4.2924127588922956e-11,1.3143958812882413e-09,-1.2388855009196993,1.0785118270497027,0.2628120893561104,3.9919438657698344e-11,False,False,False,False,11.639325340335725
2017,NonEvent,SPX Mar-27 10% OTM,spx,False,False,2017-08-31,,IPS,1.2388855009728774,0.5795586010669039,17.746882254727442,-0.5208787531469662,1.0785118270497027,0.2628120893561104,3.9919438657698344e-11,False,False,False,False,11.639325340335725
2017,NonEvent,SPX Mar-27 10% OTM,spx,False,False,2017-09-29,,hold,1.3036667588383841,0.0,0.0,-1.3036667588383841,1.8384062328263628,4.23784494086728,0.0,False,False,False,False,12.02868787027812
2017,NonEvent,SPX Mar-27 10% OTM,spx,False,False,2017-09-29,,v4_-22,1.3036667588383841,0.0,0.0,-1.3036667588383841,1.8384062328263628,4.23784494086728,0.0,False,False,False,False,12.02868787027812
2017,NonEvent,SPX Mar-27 10% OTM,spx,False,False,2017-09-29,,peak_-22,1.3036667588383841,0.0,0.0,-1.3036667588383841,1.8384062328263628,4.23784494086728,0.0,False,False,False,False,12.02868787027812
2017,NonEvent,SPX Mar-27 10% OTM,spx,False,False,2017-09-29,,tiered,1.3036667588383841,0.0,0.0,-1.3036667588383841,1.8384062328263628,4.23784494086728,0.0,False,False,False,False,12.02868787027812
2017,NonEvent,SPX Mar-27 10% OTM,spx,False,False,2017-09-29,,IPS,1.3036667588383841,0.14464834684504682,4.752372546156151,-1.1150935173355716,1.8384062328263628,4.23784494086728,0.0,False,False,False,False,12.02868787027812
2017,NonEvent,SPX Mar-27 10% OTM,spx,False,False,2017-10-31,,hold,1.3323846553622676,0.0,0.0,-1.3323846553622676,2.6845981708979756,3.1865965834428382,0.0,False,False,False,False,12.198403698328466
2017,NonEvent,SPX Mar-27 10% OTM,spx,False,False,2017-10-31,,v4_-22,1.3323846553622676,0.0,0.0,-1.3323846553622676,2.6845981708979756,3.1865965834428382,0.0,False,False,False,False,12.198403698328466
2017,NonEvent,SPX Mar-27 10% OTM,spx,False,False,2017-10-31,,peak_-22,1.3323846553622676,0.0,0.0,-1.3323846553622676,2.6845981708979756,3.1865965834428382,0.0,False,False,False,False,12.198403698328466
2017,NonEvent,SPX Mar-27 10% OTM,spx,False,False,2017-10-31,,tiered,1.3323846553622676,0.0,0.0,-1.3323846553622676,2.6845981708979756,3.1865965834428382,0.0,False,False,False,False,12.198403698328466
2017,NonEvent,SPX Mar-27 10% OTM,spx,False,False,2017-10-31,,IPS,1.3323846553622676,1.327785906824421,45.54834668476408,0.43673691249686464,2.6845981708979756,3.1865965834428382,0.0,False,False,False,False,12.198403698328466
2017,NonEvent,SPX Mar-27 10% OTM,spx,False,False,2017-11-30,,hold,1.4063252070165175,0.0,0.0,-1.4063252070165175,3.383635254430659,2.2010512483574245,0.0,False,False,False,False,12.586785634198625
2017,NonEvent,SPX Mar-27 10% OTM,spx,False,False,2017-11-30,,v4_-22,1.4063252070165175,0.0,0.0,-1.4063252070165175,3.383635254430659,2.2010512483574245,0.0,False,False,False,False,12.586785634198625
2017,NonEvent,SPX Mar-27 10% OTM,spx,False,False,2017-11-30,,peak_-22,1.4063252070165175,0.0,0.0,-1.4063252070165175,3.383635254430659,2.2010512483574245,0.0,False,False,False,False,12.586785634198625
2017,NonEvent,SPX Mar-27 10% OTM,spx,False,False,2017-11-30,,tiered,1.4063252070165175,0.0,0.0,-1.4063252070165175,3.383635254430659,2.2010512483574245,0.0,False,False,False,False,12.586785634198625
2017,NonEvent,SPX Mar-27 10% OTM,spx,False,False,2017-11-30,,IPS,1.4063252070165175,2.2977302672111946,85.47080475625589,1.825030786687384,3.383635254430659,2.2010512483574245,0.0,False,False,False,False,12.586785634198625
2017,NonEvent,SPX Mar-27 10% OTM,spx,False,False,2017-12-29,,hold,1.354568290612234,0.0,0.0,-1.354568290612234,4.1839166247836586,1.2483574244415243,0.0,False,False,False,False,12.34213695365624
2017,NonEvent,SPX Mar-27 10% OTM,spx,False,False,2017-12-29,,v4_-22,1.354568290612234,0.0,0.0,-1.354568290612234,4.1839166247836586,1.2483574244415243,0.0,False,False,False,False,12.34213695365624
2017,NonEvent,SPX Mar-27 10% OTM,spx,False,False,2017-12-29,,peak_-22,1.354568290612234,0.0,0.0,-1.354568290612234,4.1839166247836586,1.2483574244415243,0.0,False,False,False,False,12.34213695365624
2017,NonEvent,SPX Mar-27 10% OTM,spx,False,False,2017-12-29,,tiered,1.354568290612234,0.0,0.0,-1.354568290612234,4.1839166247836586,1.2483574244415243,0.0,False,False,False,False,12.34213695365624
2017,NonEvent,SPX Mar-27 10% OTM,spx,False,False,2017-12-29,,IPS,1.354568290612234,2.862726423198515,104.04595213423485,2.523190146950253,4.1839166247836586,1.2483574244415243,0.0,False,False,False,False,12.34213695365624
2017,NonEvent,SPX Mar-27 90/75 spread,spx,False,False,2017-01-31,,hold,1.0796792883818342,0.0,0.0,-1.0796792883818342,0.8691588785046729,0.0,0.0,False,False,False,False,13.222653319044941
2017,NonEvent,SPX Mar-27 90/75 spread,spx,False,False,2017-01-31,,v4_-22,1.0796792883818342,0.0,0.0,-1.0796792883818342,0.8691588785046729,0.0,0.0,False,False,False,False,13.222653319044941
2017,NonEvent,SPX Mar-27 90/75 spread,spx,False,False,2017-01-31,,peak_-22,1.0796792883818342,0.0,0.0,-1.0796792883818342,0.8691588785046729,0.0,0.0,False,False,False,False,13.222653319044941
2017,NonEvent,SPX Mar-27 90/75 spread,spx,False,False,2017-01-31,,tiered,1.0796792883818342,0.0,0.0,-1.0796792883818342,0.8691588785046729,0.0,0.0,False,False,False,False,13.222653319044941
2017,NonEvent,SPX Mar-27 90/75 spread,spx,False,False,2017-01-31,,IPS,1.0796792883818342,0.026387354166924996,0.6498018582567321,-1.0511894086126092,0.8691588785046729,0.0,0.0,False,False,False,False,13.222653319044941
2017,NonEvent,SPX Mar-27 90/75 spread,spx,False,False,2017-02-28,,hold,1.1256821035156959,0.0,0.0,-1.1256821035156959,1.0656302183185034,1.445466491458607,0.0,False,False,False,False,13.566678020946977
2017,NonEvent,SPX Mar-27 90/75 spread,spx,False,False,2017-02-28,,v4_-22,1.1256821035156959,0.0,0.0,-1.1256821035156959,1.0656302183185034,1.445466491458607,0.0,False,False,False,False,13.566678020946977
2017,NonEvent,SPX Mar-27 90/75 spread,spx,False,False,2017-02-28,,peak_-22,1.1256821035156959,0.0,0.0,-1.1256821035156959,1.0656302183185034,1.445466491458607,0.0,False,False,False,False,13.566678020946977
2017,NonEvent,SPX Mar-27 90/75 spread,spx,False,False,2017-02-28,,tiered,1.1256821035156959,0.0,0.0,-1.1256821035156959,1.0656302183185034,1.445466491458607,0.0,False,False,False,False,13.566678020946977
2017,NonEvent,SPX Mar-27 90/75 spread,spx,False,False,2017-02-28,,IPS,1.1256821035156959,0.03303887470072614,0.8789287311687803,-1.088490833544791,1.0656302183185034,1.445466491458607,0.0,False,False,False,False,13.566678020946977
2017,NonEvent,SPX Mar-27 90/75 spread,spx,False,False,2017-03-31,,hold,1.090137971015936,0.0,0.0,-1.090137971015936,1.2306148355272926,0.42706964520367935,0.0,False,False,False,False,13.266583707229755
2017,NonEvent,SPX Mar-27 90/75 spread,spx,False,False,2017-03-31,,v4_-22,1.090137971015936,0.0,0.0,-1.090137971015936,1.2306148355272926,0.42706964520367935,0.0,False,False,False,False,13.266583707229755
2017,NonEvent,SPX Mar-27 90/75 spread,spx,False,False,2017-03-31,,peak_-22,1.090137971015936,0.0,0.0,-1.090137971015936,1.2306148355272926,0.42706964520367935,0.0,False,False,False,False,13.266583707229755
2017,NonEvent,SPX Mar-27 90/75 spread,spx,False,False,2017-03-31,,tiered,1.090137971015936,0.0,0.0,-1.090137971015936,1.2306148355272926,0.42706964520367935,0.0,False,False,False,False,13.266583707229755
2017,NonEvent,SPX Mar-27 90/75 spread,spx,False,False,2017-03-31,,IPS,1.090137971015936,0.07384625581867686,1.9027967317241714,-1.0096353635306399,1.2306148355272926,0.42706964520367935,0.0,False,False,False,False,13.266583707229755
2017,NonEvent,SPX Mar-27 90/75 spread,spx,False,False,2017-04-28,,hold,1.0146571989302566,0.0,0.0,-1.0146571989302566,1.2301399589125257,0.6241787122207622,0.0,False,False,False,False,12.613715424505395
2017,NonEvent,SPX Mar-27 90/75 spread,spx,False,False,2017-04-28,,v4_-22,1.0146571989302566,0.0,0.0,-1.0146571989302566,1.2301399589125257,0.6241787122207622,0.0,False,False,False,False,12.613715424505395
2017,NonEvent,SPX Mar-27 90/75 spread,spx,False,False,2017-04-28,,peak_-22,1.0146571989302566,0.0,0.0,-1.0146571989302566,1.2301399589125257,0.6241787122207622,0.0,False,False,False,False,12.613715424505395
2017,NonEvent,SPX Mar-27 90/75 spread,spx,False,False,2017-04-28,,tiered,1.0146571989302566,0.0,0.0,-1.0146571989302566,1.2301399589125257,0.6241787122207622,0.0,False,False,False,False,12.613715424505395
2017,NonEvent,SPX Mar-27 90/75 spread,spx,False,False,2017-04-28,,IPS,1.0146571989302566,0.028391951082868024,0.6868440265697309,-0.9858491013723488,1.2301399589125257,0.6241787122207622,0.0,False,False,False,False,12.613715424505395
2017,NonEvent,SPX Mar-27 90/75 spread,spx,False,False,2017-05-31,,hold,1.004562274041067,0.0,0.0,-1.004562274041067,0.8824236720171003,2.3324572930354797,0.0,False,False,False,False,12.45867100663009
2017,NonEvent,SPX Mar-27 90/75 spread,spx,False,False,2017-05-31,,v4_-22,1.004562274041067,0.0,0.0,-1.004562274041067,0.8824236720171003,2.3324572930354797,0.0,False,False,False,False,12.45867100663009
2017,NonEvent,SPX Mar-27 90/75 spread,spx,False,False,2017-05-31,,peak_-22,1.004562274041067,0.0,0.0,-1.004562274041067,0.8824236720171003,2.3324572930354797,0.0,False,False,False,False,12.45867100663009
2017,NonEvent,SPX Mar-27 90/75 spread,spx,False,False,2017-05-31,,tiered,1.004562274041067,0.0,0.0,-1.004562274041067,0.8824236720171003,2.3324572930354797,0.0,False,False,False,False,12.45867100663009
2017,NonEvent,SPX Mar-27 90/75 spread,spx,False,False,2017-05-31,,IPS,1.004562274041067,0.026629399739522875,0.6460752915799386,-0.9778113836823833,0.8824236720171003,2.3324572930354797,0.0,False,False,False,False,12.45867100663009
2017,NonEvent,SPX Mar-27 90/75 spread,spx,False,False,2017-06-30,,hold,1.0386480119770587,0.0,0.0,-1.0386480119770587,1.0166933495007355,1.3469119579500657,0.0,False,False,False,False,12.769780745895495
2017,NonEvent,SPX Mar-27 90/75 spread,spx,False,False,2017-06-30,,v4_-22,1.0386480119770587,0.0,0.0,-1.0386480119770587,1.0166933495007355,1.3469119579500657,0.0,False,False,False,False,12.769780745895495
2017,NonEvent,SPX Mar-27 90/75 spread,spx,False,False,2017-06-30,,peak_-22,1.0386480119770587,0.0,0.0,-1.0386480119770587,1.0166933495007355,1.3469119579500657,0.0,False,False,False,False,12.769780745895495
2017,NonEvent,SPX Mar-27 90/75 spread,spx,False,False,2017-06-30,,tiered,1.0386480119770587,0.0,0.0,-1.0386480119770587,1.0166933495007355,1.3469119579500657,0.0,False,False,False,False,12.769780745895495
2017,NonEvent,SPX Mar-27 90/75 spread,spx,False,False,2017-06-30,,IPS,1.0386480119770587,0.01849162145808965,0.46533583044198396,-1.0194417261113817,1.0166933495007355,1.3469119579500657,0.0,False,False,False,False,12.769780745895495
2017,NonEvent,SPX Mar-27 90/75 spread,spx,False,False,2017-07-31,,hold,0.9826353589540665,0.0,0.0,-0.9826353589540665,1.3775534619372083,0.328515111695138,-5.751900028119078e-16,False,False,False,False,12.375887314722082
2017,NonEvent,SPX Mar-27 90/75 spread,spx,False,False,2017-07-31,,v4_-22,0.9826353589540665,0.0,0.0,-0.9826353589540665,1.3775534619372083,0.328515111695138,-5.751900028119078e-16,False,False,False,False,12.375887314722082
2017,NonEvent,SPX Mar-27 90/75 spread,spx,False,False,2017-07-31,,peak_-22,0.9826353589540665,0.0,0.0,-0.9826353589540665,1.3775534619372083,0.328515111695138,-5.751900028119078e-16,False,False,False,False,12.375887314722082
2017,NonEvent,SPX Mar-27 90/75 spread,spx,False,False,2017-07-31,,tiered,0.9826353589540665,0.0,0.0,-0.9826353589540665,1.3775534619372083,0.328515111695138,-5.751900028119078e-16,False,False,False,False,12.375887314722082
2017,NonEvent,SPX Mar-27 90/75 spread,spx,False,False,2017-07-31,,IPS,0.9826353589540665,0.012121735363245267,0.29412642949075246,-0.9707241131742578,1.3775534619372083,0.328515111695138,-5.751900028119078e-16,False,False,False,False,12.375887314722082
2017,NonEvent,SPX Mar-27 90/75 spread,spx,False,False,2017-08-31,,hold,0.8962378693444253,5.933478279680919e-11,1.3143958812882413e-09,-0.8962378692912472,1.0660612165838954,0.2628120893561104,5.5181348001032534e-11,False,False,False,False,11.639325340335725
2017,NonEvent,SPX Mar-27 90/75 spread,spx,False,False,2017-08-31,,v4_-22,0.8962378693444253,5.933478279680919e-11,1.3143958812882413e-09,-0.8962378692912472,1.0660612165838954,0.2628120893561104,5.5181348001032534e-11,False,False,False,False,11.639325340335725
2017,NonEvent,SPX Mar-27 90/75 spread,spx,False,False,2017-08-31,,peak_-22,0.8962378693444253,5.933478279680919e-11,1.3143958812882413e-09,-0.8962378692912472,1.0660612165838954,0.2628120893561104,5.5181348001032534e-11,False,False,False,False,11.639325340335725
2017,NonEvent,SPX Mar-27 90/75 spread,spx,False,False,2017-08-31,,tiered,0.8962378693444253,5.933478279680919e-11,1.3143958812882413e-09,-0.8962378692912472,1.0660612165838954,0.2628120893561104,5.5181348001032534e-11,False,False,False,False,11.639325340335725
2017,NonEvent,SPX Mar-27 90/75 spread,spx,False,False,2017-08-31,,IPS,0.8962378693444253,0.6213986736390822,13.76534671182968,-0.33931684606868245,1.0660612165838954,0.2628120893561104,5.5181348001032534e-11,False,False,False,False,11.639325340335725
2017,NonEvent,SPX Mar-27 90/75 spread,spx,False,False,2017-09-29,,hold,0.935088843558758,0.0,0.0,-0.935088843558758,1.6359075709627524,4.23784494086728,0.0,False,False,False,False,12.02868787027812
2017,NonEvent,SPX Mar-27 90/75 spread,spx,False,False,2017-09-29,,v4_-22,0.935088843558758,0.0,0.0,-0.935088843558758,1.6359075709627524,4.23784494086728,0.0,False,False,False,False,12.02868787027812
2017,NonEvent,SPX Mar-27 90/75 spread,spx,False,False,2017-09-29,,peak_-22,0.935088843558758,0.0,0.0,-0.935088843558758,1.6359075709627524,4.23784494086728,0.0,False,False,False,False,12.02868787027812
2017,NonEvent,SPX Mar-27 90/75 spread,spx,False,False,2017-09-29,,tiered,0.935088843558758,0.0,0.0,-0.935088843558758,1.6359075709627524,4.23784494086728,0.0,False,False,False,False,12.02868787027812
2017,NonEvent,SPX Mar-27 90/75 spread,spx,False,False,2017-09-29,,IPS,0.935088843558758,0.17387437365982103,4.097499091327099,-0.7725008565686925,1.6359075709627524,4.23784494086728,0.0,False,False,False,False,12.02868787027812
2017,NonEvent,SPX Mar-27 90/75 spread,spx,False,False,2017-10-31,,hold,0.9520802257450628,0.0,0.0,-0.9520802257450628,2.176140706696431,3.1865965834428382,0.0,False,False,False,False,12.198403698328466
2017,NonEvent,SPX Mar-27 90/75 spread,spx,False,False,2017-10-31,,v4_-22,0.9520802257450628,0.0,0.0,-0.9520802257450628,2.176140706696431,3.1865965834428382,0.0,False,False,False,False,12.198403698328466
2017,NonEvent,SPX Mar-27 90/75 spread,spx,False,False,2017-10-31,,peak_-22,0.9520802257450628,0.0,0.0,-0.9520802257450628,2.176140706696431,3.1865965834428382,0.0,False,False,False,False,12.198403698328466
2017,NonEvent,SPX Mar-27 90/75 spread,spx,False,False,2017-10-31,,tiered,0.9520802257450628,0.0,0.0,-0.9520802257450628,2.176140706696431,3.1865965834428382,0.0,False,False,False,False,12.198403698328466
2017,NonEvent,SPX Mar-27 90/75 spread,spx,False,False,2017-10-31,,IPS,0.9520802257450628,1.2710068753227064,31.155619082892823,0.25802028703570634,2.176140706696431,3.1865965834428382,0.0,False,False,False,False,12.198403698328466
2017,NonEvent,SPX Mar-27 90/75 spread,spx,False,False,2017-11-30,,hold,0.9971057334278098,0.0,0.0,-0.9971057334278098,2.5857245230605126,2.2010512483574245,0.0,False,False,False,False,12.586785634198625
2017,NonEvent,SPX Mar-27 90/75 spread,spx,False,False,2017-11-30,,v4_-22,0.9971057334278098,0.0,0.0,-0.9971057334278098,2.5857245230605126,2.2010512483574245,0.0,False,False,False,False,12.586785634198625
2017,NonEvent,SPX Mar-27 90/75 spread,spx,False,False,2017-11-30,,peak_-22,0.9971057334278098,0.0,0.0,-0.9971057334278098,2.5857245230605126,2.2010512483574245,0.0,False,False,False,False,12.586785634198625
2017,NonEvent,SPX Mar-27 90/75 spread,spx,False,False,2017-11-30,,tiered,0.9971057334278098,0.0,0.0,-0.9971057334278098,2.5857245230605126,2.2010512483574245,0.0,False,False,False,False,12.586785634198625
2017,NonEvent,SPX Mar-27 90/75 spread,spx,False,False,2017-11-30,,IPS,0.9971057334278098,1.12585518399705,29.693181452630853,0.12549092554507052,2.5857245230605126,2.2010512483574245,0.0,False,False,False,False,12.586785634198625
2017,NonEvent,SPX Mar-27 90/75 spread,spx,False,False,2017-12-29,,hold,0.9645435193960489,0.0,0.0,-0.9645435193960489,3.007598621371866,1.2483574244415243,0.0,False,False,False,False,12.34213695365624
2017,NonEvent,SPX Mar-27 90/75 spread,spx,False,False,2017-12-29,,v4_-22,0.9645435193960489,0.0,0.0,-0.9645435193960489,3.007598621371866,1.2483574244415243,0.0,False,False,False,False,12.34213695365624
2017,NonEvent,SPX Mar-27 90/75 spread,spx,False,False,2017-12-29,,peak_-22,0.9645435193960489,0.0,0.0,-0.9645435193960489,3.007598621371866,1.2483574244415243,0.0,False,False,False,False,12.34213695365624
2017,NonEvent,SPX Mar-27 90/75 spread,spx,False,False,2017-12-29,,tiered,0.9645435193960489,0.0,0.0,-0.9645435193960489,3.007598621371866,1.2483574244415243,0.0,False,False,False,False,12.34213695365624
2017,NonEvent,SPX Mar-27 90/75 spread,spx,False,False,2017-12-29,,IPS,0.9645435193960489,1.9775285443626767,51.17867356091405,0.942868822489673,3.007598621371866,1.2483574244415243,0.0,False,False,False,False,12.34213695365624
2017,NonEvent,[B] QQQ Jun-27 p 11% OTM,ndx,False,True,2017-01-31,,hold,3.0472622523344612,0.0,0.0,-3.0472622523344612,0.8691588785046729,0.0,-5.943501262755944e-16,False,False,False,False,17.490594460706998
2017,NonEvent,[B] QQQ Jun-27 p 11% OTM,ndx,False,True,2017-01-31,,v4_-22,3.0472622523344612,0.0,0.0,-3.0472622523344612,0.8691588785046729,0.0,-5.943501262755944e-16,False,False,False,False,17.490594460706998
2017,NonEvent,[B] QQQ Jun-27 p 11% OTM,ndx,False,True,2017-01-31,,peak_-22,3.0472622523344612,0.0,0.0,-3.0472622523344612,0.8691588785046729,0.0,-5.943501262755944e-16,False,False,False,False,17.490594460706998
2017,NonEvent,[B] QQQ Jun-27 p 11% OTM,ndx,False,True,2017-01-31,,tiered,3.0472622523344612,0.0,0.0,-3.0472622523344612,0.8691588785046729,0.0,-5.943501262755944e-16,False,False,False,False,17.490594460706998
2017,NonEvent,[B] QQQ Jun-27 p 11% OTM,ndx,False,True,2017-01-31,,IPS,3.0472622523344612,0.011389221245936904,1.8547338331239114,-3.0125563083482323,0.8691588785046729,0.0,-5.943501262755944e-16,False,False,False,False,17.490594460706998
2017,NonEvent,[B] QQQ Jun-27 p 11% OTM,ndx,False,True,2017-02-28,,hold,3.139734789009189,0.0,0.0,-3.139734789009189,0.9592752663964726,1.445466491458607,0.0,False,False,False,False,17.7991126174283
2017,NonEvent,[B] QQQ Jun-27 p 11% OTM,ndx,False,True,2017-02-28,,v4_-22,3.139734789009189,0.0,0.0,-3.139734789009189,0.9592752663964726,1.445466491458607,0.0,False,False,False,False,17.7991126174283
2017,NonEvent,[B] QQQ Jun-27 p 11% OTM,ndx,False,True,2017-02-28,,peak_-22,3.139734789009189,0.0,0.0,-3.139734789009189,0.9592752663964726,1.445466491458607,0.0,False,False,False,False,17.7991126174283
2017,NonEvent,[B] QQQ Jun-27 p 11% OTM,ndx,False,True,2017-02-28,,tiered,3.139734789009189,0.0,0.0,-3.139734789009189,0.9592752663964726,1.445466491458607,0.0,False,False,False,False,17.7991126174283
2017,NonEvent,[B] QQQ Jun-27 p 11% OTM,ndx,False,True,2017-02-28,,IPS,3.139734789009189,0.014454885069641342,2.5232288778741254,-3.0943502834849066,0.9592752663964726,1.445466491458607,0.0,False,False,False,False,17.7991126174283
2017,NonEvent,[B] QQQ Jun-27 p 11% OTM,ndx,False,True,2017-03-31,,hold,3.0652258728396173,0.0,0.0,-3.0652258728396173,1.1627133922115676,0.42706964520367935,0.0,False,False,False,False,17.464763370171347
2017,NonEvent,[B] QQQ Jun-27 p 11% OTM,ndx,False,True,2017-03-31,,v4_-22,3.0652258728396173,0.0,0.0,-3.0652258728396173,1.1627133922115676,0.42706964520367935,0.0,False,False,False,False,17.464763370171347
2017,NonEvent,[B] QQQ Jun-27 p 11% OTM,ndx,False,True,2017-03-31,,peak_-22,3.0652258728396173,0.0,0.0,-3.0652258728396173,1.1627133922115676,0.42706964520367935,0.0,False,False,False,False,17.464763370171347
2017,NonEvent,[B] QQQ Jun-27 p 11% OTM,ndx,False,True,2017-03-31,,tiered,3.0652258728396173,0.0,0.0,-3.0652258728396173,1.1627133922115676,0.42706964520367935,0.0,False,False,False,False,17.464763370171347
2017,NonEvent,[B] QQQ Jun-27 p 11% OTM,ndx,False,True,2017-03-31,,IPS,3.0652258728396173,0.020820790436629922,3.614811559676451,-3.0014054473002876,1.1627133922115676,0.42706964520367935,0.0,False,False,False,False,17.464763370171347
2017,NonEvent,[B] QQQ Jun-27 p 11% OTM,ndx,False,True,2017-04-28,,hold,2.9062412198199725,0.0,0.0,-2.9062412198199725,1.1052849598461227,0.6241787122207622,0.0,False,False,False,False,16.81855921660761
2017,NonEvent,[B] QQQ Jun-27 p 11% OTM,ndx,False,True,2017-04-28,,v4_-22,2.9062412198199725,0.0,0.0,-2.9062412198199725,1.1052849598461227,0.6241787122207622,0.0,False,False,False,False,16.81855921660761
2017,NonEvent,[B] QQQ Jun-27 p 11% OTM,ndx,False,True,2017-04-28,,peak_-22,2.9062412198199725,0.0,0.0,-2.9062412198199725,1.1052849598461227,0.6241787122207622,0.0,False,False,False,False,16.81855921660761
2017,NonEvent,[B] QQQ Jun-27 p 11% OTM,ndx,False,True,2017-04-28,,tiered,2.9062412198199725,0.0,0.0,-2.9062412198199725,1.1052849598461227,0.6241787122207622,0.0,False,False,False,False,16.81855921660761
2017,NonEvent,[B] QQQ Jun-27 p 11% OTM,ndx,False,True,2017-04-28,,IPS,2.9062412198199725,0.011453138871043695,1.9329161696053552,-2.872955635536623,1.1052849598461227,0.6241787122207622,0.0,False,False,False,False,16.81855921660761
2017,NonEvent,[B] QQQ Jun-27 p 11% OTM,ndx,False,True,2017-05-31,,hold,2.8647079190874436,6.131716123646178e-12,1.0594655891065468e-09,-2.8647079190698777,1.0161421159876565,2.3324572930354797,5.702495994990945e-12,False,False,False,False,16.66171639959448
2017,NonEvent,[B] QQQ Jun-27 p 11% OTM,ndx,False,True,2017-05-31,,v4_-22,2.8647079190874436,6.131716123646178e-12,1.0594655891065468e-09,-2.8647079190698777,1.0161421159876565,2.3324572930354797,5.702495994990945e-12,False,False,False,False,16.66171639959448
2017,NonEvent,[B] QQQ Jun-27 p 11% OTM,ndx,False,True,2017-05-31,,peak_-22,2.8647079190874436,6.131716123646178e-12,1.0594655891065468e-09,-2.8647079190698777,1.0161421159876565,2.3324572930354797,5.702495994990945e-12,False,False,False,False,16.66171639959448
2017,NonEvent,[B] QQQ Jun-27 p 11% OTM,ndx,False,True,2017-05-31,,tiered,2.8647079190874436,6.131716123646178e-12,1.0594655891065468e-09,-2.8647079190698777,1.0161421159876565,2.3324572930354797,5.702495994990945e-12,False,False,False,False,16.66171639959448
2017,NonEvent,[B] QQQ Jun-27 p 11% OTM,ndx,False,True,2017-05-31,,IPS,2.8647079190874436,0.036039819072046377,6.227122615349287,-2.7614643639892735,1.0161421159876565,2.3324572930354797,5.702495994990945e-12,False,False,False,False,16.66171639959448
2017,NonEvent,[B] QQQ Jun-27 p 11% OTM,ndx,False,True,2017-06-30,,hold,2.938743578141145,0.0,0.0,-2.938743578141145,0.9806275954158902,1.3469119579500657,0.0,False,False,False,False,16.968451513503002
2017,NonEvent,[B] QQQ Jun-27 p 11% OTM,ndx,False,True,2017-06-30,,v4_-22,2.938743578141145,0.0,0.0,-2.938743578141145,0.9806275954158902,1.3469119579500657,0.0,False,False,False,False,16.968451513503002
2017,NonEvent,[B] QQQ Jun-27 p 11% OTM,ndx,False,True,2017-06-30,,peak_-22,2.938743578141145,0.0,0.0,-2.938743578141145,0.9806275954158902,1.3469119579500657,0.0,False,False,False,False,16.968451513503002
2017,NonEvent,[B] QQQ Jun-27 p 11% OTM,ndx,False,True,2017-06-30,,tiered,2.938743578141145,0.0,0.0,-2.938743578141145,0.9806275954158902,1.3469119579500657,0.0,False,False,False,False,16.968451513503002
2017,NonEvent,[B] QQQ Jun-27 p 11% OTM,ndx,False,True,2017-06-30,,IPS,2.938743578141145,0.11707163948418649,20.21109603474541,-2.594700049424537,0.9806275954158902,1.3469119579500657,0.0,False,False,False,False,16.968451513503002
2017,NonEvent,[B] QQQ Jun-27 p 11% OTM,ndx,False,True,2017-07-31,,hold,2.7958349826865567,0.0,0.0,-2.7958349826865567,1.5066299659230984,6.2089356110381075,0.0,False,False,False,False,16.42398130194051
2017,NonEvent,[B] QQQ Jun-27 p 11% OTM,ndx,False,True,2017-07-31,,v4_-22,2.7958349826865567,0.0,0.0,-2.7958349826865567,1.5066299659230984,6.2089356110381075,0.0,False,False,False,False,16.42398130194051
2017,NonEvent,[B] QQQ Jun-27 p 11% OTM,ndx,False,True,2017-07-31,,peak_-22,2.7958349826865567,0.0,0.0,-2.7958349826865567,1.5066299659230984,6.2089356110381075,0.0,False,False,False,False,16.42398130194051
2017,NonEvent,[B] QQQ Jun-27 p 11% OTM,ndx,False,True,2017-07-31,,tiered,2.7958349826865567,0.0,0.0,-2.7958349826865567,1.5066299659230984,6.2089356110381075,0.0,False,False,False,False,16.42398130194051
2017,NonEvent,[B] QQQ Jun-27 p 11% OTM,ndx,False,True,2017-07-31,,IPS,2.7958349826865567,0.3160691341351233,53.94575417370937,-1.9121578405241293,1.5066299659230984,6.2089356110381075,0.0,False,False,False,False,16.42398130194051
2017,NonEvent,[B] QQQ Jun-27 p 11% OTM,ndx,False,True,2017-08-31,,hold,2.4625231796201534,0.0,0.0,-2.4625231796201534,2.197224828718384,5.19053876478318,0.0,False,False,False,False,15.17774909081185
2017,NonEvent,[B] QQQ Jun-27 p 11% OTM,ndx,False,True,2017-08-31,,v4_-22,2.4625231796201534,0.0,0.0,-2.4625231796201534,2.197224828718384,5.19053876478318,0.0,False,False,False,False,15.17774909081185
2017,NonEvent,[B] QQQ Jun-27 p 11% OTM,ndx,False,True,2017-08-31,,peak_-22,2.4625231796201534,0.0,0.0,-2.4625231796201534,2.197224828718384,5.19053876478318,0.0,False,False,False,False,15.17774909081185
2017,NonEvent,[B] QQQ Jun-27 p 11% OTM,ndx,False,True,2017-08-31,,tiered,2.4625231796201534,0.0,0.0,-2.4625231796201534,2.197224828718384,5.19053876478318,0.0,False,False,False,False,15.17774909081185
2017,NonEvent,[B] QQQ Jun-27 p 11% OTM,ndx,False,True,2017-08-31,,IPS,2.4625231796201534,1.1077632673933304,169.56051007103682,0.2653695438676808,2.197224828718384,5.19053876478318,0.0,False,False,False,False,15.17774909081185
2017,NonEvent,[B] QQQ Jun-27 p 11% OTM,ndx,False,True,2017-09-29,,hold,2.7211157665995103,0.0,0.0,-2.7211157665995103,2.2821808959858543,4.23784494086728,0.0,False,False,False,False,16.209722198719287
2017,NonEvent,[B] QQQ Jun-27 p 11% OTM,ndx,False,True,2017-09-29,,v4_-22,2.7211157665995103,0.0,0.0,-2.7211157665995103,2.2821808959858543,4.23784494086728,0.0,False,False,False,False,16.209722198719287
2017,NonEvent,[B] QQQ Jun-27 p 11% OTM,ndx,False,True,2017-09-29,,peak_-22,2.7211157665995103,0.0,0.0,-2.7211157665995103,2.2821808959858543,4.23784494086728,0.0,False,False,False,False,16.209722198719287
2017,NonEvent,[B] QQQ Jun-27 p 11% OTM,ndx,False,True,2017-09-29,,tiered,2.7211157665995103,0.0,0.0,-2.7211157665995103,2.2821808959858543,4.23784494086728,0.0,False,False,False,False,16.209722198719287
2017,NonEvent,[B] QQQ Jun-27 p 11% OTM,ndx,False,True,2017-09-29,,IPS,2.7211157665995103,1.147074464390551,193.40853020197238,0.4002066439173064,2.2821808959858543,4.23784494086728,0.0,False,False,False,False,16.209722198719287
2017,NonEvent,[B] QQQ Jun-27 p 11% OTM,ndx,False,True,2017-10-31,,hold,2.753387311108242,0.0,0.0,-2.753387311108242,2.799894366169185,3.1865965834428382,0.0,False,False,False,False,16.329495674243393
2017,NonEvent,[B] QQQ Jun-27 p 11% OTM,ndx,False,True,2017-10-31,,v4_-22,2.753387311108242,0.0,0.0,-2.753387311108242,2.799894366169185,3.1865965834428382,0.0,False,False,False,False,16.329495674243393
2017,NonEvent,[B] QQQ Jun-27 p 11% OTM,ndx,False,True,2017-10-31,,peak_-22,2.753387311108242,0.0,0.0,-2.753387311108242,2.799894366169185,3.1865965834428382,0.0,False,False,False,False,16.329495674243393
2017,NonEvent,[B] QQQ Jun-27 p 11% OTM,ndx,False,True,2017-10-31,,tiered,2.753387311108242,0.0,0.0,-2.753387311108242,2.799894366169185,3.1865965834428382,0.0,False,False,False,False,16.329495674243393
2017,NonEvent,[B] QQQ Jun-27 p 11% OTM,ndx,False,True,2017-10-31,,IPS,2.753387311108242,1.9126466668477784,340.62193496546047,2.5128697520239034,2.799894366169185,3.1865965834428382,0.0,False,False,False,False,16.329495674243393
2017,NonEvent,[B] QQQ Jun-27 p 11% OTM,ndx,False,True,2017-11-30,,hold,2.8430925466615498,0.0,0.0,-2.8430925466615498,3.051447652369452,2.2010512483574245,0.0,False,False,False,False,16.68000953682651
2017,NonEvent,[B] QQQ Jun-27 p 11% OTM,ndx,False,True,2017-11-30,,v4_-22,2.8430925466615498,0.0,0.0,-2.8430925466615498,3.051447652369452,2.2010512483574245,0.0,False,False,False,False,16.68000953682651
2017,NonEvent,[B] QQQ Jun-27 p 11% OTM,ndx,False,True,2017-11-30,,peak_-22,2.8430925466615498,0.0,0.0,-2.8430925466615498,3.051447652369452,2.2010512483574245,0.0,False,False,False,False,16.68000953682651
2017,NonEvent,[B] QQQ Jun-27 p 11% OTM,ndx,False,True,2017-11-30,,tiered,2.8430925466615498,0.0,0.0,-2.8430925466615498,3.051447652369452,2.2010512483574245,0.0,False,False,False,False,16.68000953682651
2017,NonEvent,[B] QQQ Jun-27 p 11% OTM,ndx,False,True,2017-11-30,,IPS,2.8430925466615498,2.0943564285156793,391.2874212679299,3.111356605304081,3.051447652369452,2.2010512483574245,0.0,False,False,False,False,16.68000953682651
2017,NonEvent,[B] QQQ Jun-27 p 11% OTM,ndx,False,True,2017-12-29,,hold,2.7596064586186593,0.0,0.0,-2.7596064586186593,3.3964684135142322,1.2483574244415243,0.0,False,False,False,False,16.382416524569802
2017,NonEvent,[B] QQQ Jun-27 p 11% OTM,ndx,False,True,2017-12-29,,v4_-22,2.7596064586186593,0.0,0.0,-2.7596064586186593,3.3964684135142322,1.2483574244415243,0.0,False,False,False,False,16.382416524569802
2017,NonEvent,[B] QQQ Jun-27 p 11% OTM,ndx,False,True,2017-12-29,,peak_-22,2.7596064586186593,0.0,0.0,-2.7596064586186593,3.3964684135142322,1.2483574244415243,0.0,False,False,False,False,16.382416524569802
2017,NonEvent,[B] QQQ Jun-27 p 11% OTM,ndx,False,True,2017-12-29,,tiered,2.7596064586186593,0.0,0.0,-2.7596064586186593,3.3964684135142322,1.2483574244415243,0.0,False,False,False,False,16.382416524569802
2017,NonEvent,[B] QQQ Jun-27 p 11% OTM,ndx,False,True,2017-12-29,,IPS,2.7596064586186593,2.3251585600024884,423.3239679274602,3.656916120876669,3.3964684135142322,1.2483574244415243,0.0,False,False,False,False,16.382416524569802
2017,NonEvent,SPX Dec-27 10% OTM,spx,False,False,2017-01-31,,hold,3.406772175552125,0.0,0.0,-3.406772175552125,0.8767961537227679,2.3653088042049935,0.0,False,False,False,False,13.718091253241365
2017,NonEvent,SPX Dec-27 10% OTM,spx,False,False,2017-01-31,,v4_-22,3.406772175552125,0.0,0.0,-3.406772175552125,0.8767961537227679,2.3653088042049935,0.0,False,False,False,False,13.718091253241365
2017,NonEvent,SPX Dec-27 10% OTM,spx,False,False,2017-01-31,,peak_-22,3.406772175552125,0.0,0.0,-3.406772175552125,0.8767961537227679,2.3653088042049935,0.0,False,False,False,False,13.718091253241365
2017,NonEvent,SPX Dec-27 10% OTM,spx,False,False,2017-01-31,,tiered,3.406772175552125,0.0,0.0,-3.406772175552125,0.8767961537227679,2.3653088042049935,0.0,False,False,False,False,13.718091253241365
2017,NonEvent,SPX Dec-27 10% OTM,spx,False,False,2017-01-31,,IPS,3.406772175552125,0.04813890470282261,3.7404997379749747,-3.242773894448994,0.8767961537227679,2.3653088042049935,0.0,False,False,False,False,13.718091253241365
2017,NonEvent,SPX Dec-27 10% OTM,spx,False,False,2017-02-28,,hold,3.4540630842180744,0.0,0.0,-3.4540630842180744,1.039161468498088,1.445466491458607,0.0,False,False,False,False,13.835135578037008
2017,NonEvent,SPX Dec-27 10% OTM,spx,False,False,2017-02-28,,v4_-22,3.4540630842180744,0.0,0.0,-3.4540630842180744,1.039161468498088,1.445466491458607,0.0,False,False,False,False,13.835135578037008
2017,NonEvent,SPX Dec-27 10% OTM,spx,False,False,2017-02-28,,peak_-22,3.4540630842180744,0.0,0.0,-3.4540630842180744,1.039161468498088,1.445466491458607,0.0,False,False,False,False,13.835135578037008
2017,NonEvent,SPX Dec-27 10% OTM,spx,False,False,2017-02-28,,tiered,3.4540630842180744,0.0,0.0,-3.4540630842180744,1.039161468498088,1.445466491458607,0.0,False,False,False,False,13.835135578037008
2017,NonEvent,SPX Dec-27 10% OTM,spx,False,False,2017-02-28,,IPS,3.4540630842180744,0.024115386494916107,1.968507821352296,-3.370767017964334,1.039161468498088,1.445466491458607,0.0,False,False,False,False,13.835135578037008
2017,NonEvent,SPX Dec-27 10% OTM,spx,False,False,2017-03-31,,hold,3.3748689575531263,0.0,0.0,-3.3748689575531263,1.1590201613561382,10.21681997371879,0.0,False,False,False,False,13.633558110613967
2017,NonEvent,SPX Dec-27 10% OTM,spx,False,False,2017-03-31,,v4_-22,3.3748689575531263,0.0,0.0,-3.3748689575531263,1.1590201613561382,10.21681997371879,0.0,False,False,False,False,13.633558110613967
2017,NonEvent,SPX Dec-27 10% OTM,spx,False,False,2017-03-31,,peak_-22,3.3748689575531263,0.0,0.0,-3.3748689575531263,1.1590201613561382,10.21681997371879,0.0,False,False,False,False,13.633558110613967
2017,NonEvent,SPX Dec-27 10% OTM,spx,False,False,2017-03-31,,tiered,3.3748689575531263,0.0,0.0,-3.3748689575531263,1.1590201613561382,10.21681997371879,0.0,False,False,False,False,13.633558110613967
2017,NonEvent,SPX Dec-27 10% OTM,spx,False,False,2017-03-31,,IPS,3.3748689575531263,0.012026542316439886,0.9593567761304738,-3.3342809532226743,1.1590201613561382,10.21681997371879,0.0,False,False,False,False,13.633558110613967
2017,NonEvent,SPX Dec-27 10% OTM,spx,False,False,2017-04-28,,hold,3.291990335124876,0.0,0.0,-3.291990335124876,1.386248139596068,9.296977660972404,0.0,False,False,False,False,13.31007810659324
2017,NonEvent,SPX Dec-27 10% OTM,spx,False,False,2017-04-28,,v4_-22,3.291990335124876,0.0,0.0,-3.291990335124876,1.386248139596068,9.296977660972404,0.0,False,False,False,False,13.31007810659324
2017,NonEvent,SPX Dec-27 10% OTM,spx,False,False,2017-04-28,,peak_-22,3.291990335124876,0.0,0.0,-3.291990335124876,1.386248139596068,9.296977660972404,0.0,False,False,False,False,13.31007810659324
2017,NonEvent,SPX Dec-27 10% OTM,spx,False,False,2017-04-28,,tiered,3.291990335124876,0.0,0.0,-3.291990335124876,1.386248139596068,9.296977660972404,0.0,False,False,False,False,13.31007810659324
2017,NonEvent,SPX Dec-27 10% OTM,spx,False,False,2017-04-28,,IPS,3.291990335124876,0.026209892326539534,2.057156511911671,-3.2057076229012442,1.386248139596068,9.296977660972404,0.0,False,False,False,False,13.31007810659324
2017,NonEvent,SPX Dec-27 10% OTM,spx,False,False,2017-05-31,,hold,3.3055401132868254,0.0,0.0,-3.3055401132868254,1.611412941039523,8.21287779237845,-9.904602209752028e-16,False,False,False,False,13.241586735132154
2017,NonEvent,SPX Dec-27 10% OTM,spx,False,False,2017-05-31,,v4_-22,3.3055401132868254,0.0,0.0,-3.3055401132868254,1.611412941039523,8.21287779237845,-9.904602209752028e-16,False,False,False,False,13.241586735132154
2017,NonEvent,SPX Dec-27 10% OTM,spx,False,False,2017-05-31,,peak_-22,3.3055401132868254,0.0,0.0,-3.3055401132868254,1.611412941039523,8.21287779237845,-9.904602209752028e-16,False,False,False,False,13.241586735132154
2017,NonEvent,SPX Dec-27 10% OTM,spx,False,False,2017-05-31,,tiered,3.3055401132868254,0.0,0.0,-3.3055401132868254,1.611412941039523,8.21287779237845,-9.904602209752028e-16,False,False,False,False,13.241586735132154
2017,NonEvent,SPX Dec-27 10% OTM,spx,False,False,2017-05-31,,IPS,3.3055401132868254,0.010317355990945994,0.8236747227534594,-3.2714356791956933,1.611412941039523,8.21287779237845,-9.904602209752028e-16,False,False,False,False,13.241586735132154
2017,NonEvent,SPX Dec-27 10% OTM,spx,False,False,2017-06-30,,hold,3.3371252509149136,0.0,0.0,-3.3371252509149136,1.7616813174803554,7.227332457293035,0.0,False,False,False,False,13.394759165253154
2017,NonEvent,SPX Dec-27 10% OTM,spx,False,False,2017-06-30,,v4_-22,3.3371252509149136,0.0,0.0,-3.3371252509149136,1.7616813174803554,7.227332457293035,0.0,False,False,False,False,13.394759165253154
2017,NonEvent,SPX Dec-27 10% OTM,spx,False,False,2017-06-30,,peak_-22,3.3371252509149136,0.0,0.0,-3.3371252509149136,1.7616813174803554,7.227332457293035,0.0,False,False,False,False,13.394759165253154
2017,NonEvent,SPX Dec-27 10% OTM,spx,False,False,2017-06-30,,tiered,3.3371252509149136,0.0,0.0,-3.3371252509149136,1.7616813174803554,7.227332457293035,0.0,False,False,False,False,13.394759165253154
2017,NonEvent,SPX Dec-27 10% OTM,spx,False,False,2017-06-30,,IPS,3.3371252509149136,0.007199220704489687,0.5820778864869905,-3.313100549715052,1.7616813174803554,7.227332457293035,0.0,False,False,False,False,13.394759165253154
2017,NonEvent,SPX Dec-27 10% OTM,spx,False,False,2017-07-31,,hold,3.2736849114471926,0.0,0.0,-3.2736849114471926,2.022423549205804,6.2089356110381075,0.0,False,False,False,False,13.18075701424152
2017,NonEvent,SPX Dec-27 10% OTM,spx,False,False,2017-07-31,,v4_-22,3.2736849114471926,0.0,0.0,-3.2736849114471926,2.022423549205804,6.2089356110381075,0.0,False,False,False,False,13.18075701424152
2017,NonEvent,SPX Dec-27 10% OTM,spx,False,False,2017-07-31,,peak_-22,3.2736849114471926,0.0,0.0,-3.2736849114471926,2.022423549205804,6.2089356110381075,0.0,False,False,False,False,13.18075701424152
2017,NonEvent,SPX Dec-27 10% OTM,spx,False,False,2017-07-31,,tiered,3.2736849114471926,0.0,0.0,-3.2736849114471926,2.022423549205804,6.2089356110381075,0.0,False,False,False,False,13.18075701424152
2017,NonEvent,SPX Dec-27 10% OTM,spx,False,False,2017-07-31,,IPS,3.2736849114471926,0.8903018800244884,71.96992200202867,-0.35911708017795607,2.022423549205804,6.2089356110381075,0.0,False,False,False,False,13.18075701424152
2017,NonEvent,SPX Dec-27 10% OTM,spx,False,False,2017-08-31,,hold,3.02423240263725,0.0,0.0,-3.02423240263725,2.3456821034540716,5.19053876478318,0.0,False,False,False,False,12.40744308295198
2017,NonEvent,SPX Dec-27 10% OTM,spx,False,False,2017-08-31,,v4_-22,3.02423240263725,0.0,0.0,-3.02423240263725,2.3456821034540716,5.19053876478318,0.0,False,False,False,False,12.40744308295198
2017,NonEvent,SPX Dec-27 10% OTM,spx,False,False,2017-08-31,,peak_-22,3.02423240263725,0.0,0.0,-3.02423240263725,2.3456821034540716,5.19053876478318,0.0,False,False,False,False,12.40744308295198
2017,NonEvent,SPX Dec-27 10% OTM,spx,False,False,2017-08-31,,tiered,3.02423240263725,0.0,0.0,-3.02423240263725,2.3456821034540716,5.19053876478318,0.0,False,False,False,False,12.40744308295198
2017,NonEvent,SPX Dec-27 10% OTM,spx,False,False,2017-08-31,,IPS,3.02423240263725,1.0240916064061425,76.55040822279695,0.07285861672503927,2.3456821034540716,5.19053876478318,0.0,False,False,False,False,12.40744308295198
2017,NonEvent,SPX Dec-27 10% OTM,spx,False,False,2017-09-29,,hold,3.183645977211439,0.0,0.0,-3.183645977211439,2.438690341995396,4.23784494086728,0.0,False,False,False,False,12.961022301279243
2017,NonEvent,SPX Dec-27 10% OTM,spx,False,False,2017-09-29,,v4_-22,3.183645977211439,0.0,0.0,-3.183645977211439,2.438690341995396,4.23784494086728,0.0,False,False,False,False,12.961022301279243
2017,NonEvent,SPX Dec-27 10% OTM,spx,False,False,2017-09-29,,peak_-22,3.183645977211439,0.0,0.0,-3.183645977211439,2.438690341995396,4.23784494086728,0.0,False,False,False,False,12.961022301279243
2017,NonEvent,SPX Dec-27 10% OTM,spx,False,False,2017-09-29,,tiered,3.183645977211439,0.0,0.0,-3.183645977211439,2.438690341995396,4.23784494086728,0.0,False,False,False,False,12.961022301279243
2017,NonEvent,SPX Dec-27 10% OTM,spx,False,False,2017-09-29,,IPS,3.183645977211439,1.0815757117367288,86.77849340630043,0.2597081865087969,2.438690341995396,4.23784494086728,0.0,False,False,False,False,12.961022301279243
2017,NonEvent,SPX Dec-27 10% OTM,spx,False,False,2017-10-31,,hold,3.154286300120479,0.0,0.0,-3.154286300120479,2.682687905326166,3.1865965834428382,0.0,False,False,False,False,12.96919138497141
2017,NonEvent,SPX Dec-27 10% OTM,spx,False,False,2017-10-31,,v4_-22,3.154286300120479,0.0,0.0,-3.154286300120479,2.682687905326166,3.1865965834428382,0.0,False,False,False,False,12.96919138497141
2017,NonEvent,SPX Dec-27 10% OTM,spx,False,False,2017-10-31,,peak_-22,3.154286300120479,0.0,0.0,-3.154286300120479,2.682687905326166,3.1865965834428382,0.0,False,False,False,False,12.96919138497141
2017,NonEvent,SPX Dec-27 10% OTM,spx,False,False,2017-10-31,,tiered,3.154286300120479,0.0,0.0,-3.154286300120479,2.682687905326166,3.1865965834428382,0.0,False,False,False,False,12.96919138497141
2017,NonEvent,SPX Dec-27 10% OTM,spx,False,False,2017-10-31,,IPS,3.154286300120479,1.2122064528231251,98.44476841108276,0.6693599069371464,2.682687905326166,3.1865965834428382,0.0,False,False,False,False,12.96919138497141
2017,NonEvent,SPX Dec-27 10% OTM,spx,False,False,2017-11-30,,hold,3.1839601167764124,0.0,0.0,-3.1839601167764124,2.9006938971944347,2.2010512483574245,0.0,False,False,False,False,13.108089706738982
2017,NonEvent,SPX Dec-27 10% OTM,spx,False,False,2017-11-30,,v4_-22,3.1839601167764124,0.0,0.0,-3.1839601167764124,2.9006938971944347,2.2010512483574245,0.0,False,False,False,False,13.108089706738982
2017,NonEvent,SPX Dec-27 10% OTM,spx,False,False,2017-11-30,,peak_-22,3.1839601167764124,0.0,0.0,-3.1839601167764124,2.9006938971944347,2.2010512483574245,0.0,False,False,False,False,13.108089706738982
2017,NonEvent,SPX Dec-27 10% OTM,spx,False,False,2017-11-30,,tiered,3.1839601167764124,0.0,0.0,-3.1839601167764124,2.9006938971944347,2.2010512483574245,0.0,False,False,False,False,13.108089706738982
2017,NonEvent,SPX Dec-27 10% OTM,spx,False,False,2017-11-30,,IPS,3.1839601167764124,1.8648940868913897,157.05608875092184,2.7537882778979377,2.9006938971944347,2.2010512483574245,0.0,False,False,False,False,13.108089706738982
2017,NonEvent,SPX Dec-27 10% OTM,spx,False,False,2017-12-29,,hold,3.095625037395753,0.0,0.0,-3.095625037395753,3.165519387848953,1.2483574244415243,0.0,False,False,False,False,12.86096824451876
2017,NonEvent,SPX Dec-27 10% OTM,spx,False,False,2017-12-29,,v4_-22,3.095625037395753,0.0,0.0,-3.095625037395753,3.165519387848953,1.2483574244415243,0.0,False,False,False,False,12.86096824451876
2017,NonEvent,SPX Dec-27 10% OTM,spx,False,False,2017-12-29,,peak_-22,3.095625037395753,0.0,0.0,-3.095625037395753,3.165519387848953,1.2483574244415243,0.0,False,False,False,False,12.86096824451876
2017,NonEvent,SPX Dec-27 10% OTM,spx,False,False,2017-12-29,,tiered,3.095625037395753,1.061541982181843,88.17185186932596,0.19051090089307654,3.165519387848953,1.2483574244415243,0.0,False,False,False,False,12.86096824451876
2017,NonEvent,SPX Dec-27 10% OTM,spx,False,False,2017-12-29,,IPS,3.095625037395753,2.046025554463649,169.94321952131838,3.238102896153447,3.165519387848953,1.2483574244415243,0.0,False,False,False,False,12.86096824451876
2017,NonEvent,SPX Dec-27 90/70 spread,spx,False,False,2017-01-31,,hold,2.106868401087585,0.0,0.0,-2.106868401087585,0.8756464986339645,2.3653088042049935,0.0,False,False,False,False,13.718091253241365
2017,NonEvent,SPX Dec-27 90/70 spread,spx,False,False,2017-01-31,,v4_-22,2.106868401087585,0.0,0.0,-2.106868401087585,0.8756464986339645,2.3653088042049935,0.0,False,False,False,False,13.718091253241365
2017,NonEvent,SPX Dec-27 90/70 spread,spx,False,False,2017-01-31,,peak_-22,2.106868401087585,0.0,0.0,-2.106868401087585,0.8756464986339645,2.3653088042049935,0.0,False,False,False,False,13.718091253241365
2017,NonEvent,SPX Dec-27 90/70 spread,spx,False,False,2017-01-31,,tiered,2.106868401087585,0.0,0.0,-2.106868401087585,0.8756464986339645,2.3653088042049935,0.0,False,False,False,False,13.718091253241365
2017,NonEvent,SPX Dec-27 90/70 spread,spx,False,False,2017-01-31,,IPS,2.106868401087585,0.06720294863142698,3.229357094636623,-1.9652806321561191,0.8756464986339645,2.3653088042049935,0.0,False,False,False,False,13.718091253241365
2017,NonEvent,SPX Dec-27 90/70 spread,spx,False,False,2017-02-28,,hold,2.13202315998578,0.0,0.0,-2.13202315998578,1.0559636267351225,1.445466491458607,0.0,False,False,False,False,13.835135578037008
2017,NonEvent,SPX Dec-27 90/70 spread,spx,False,False,2017-02-28,,v4_-22,2.13202315998578,0.0,0.0,-2.13202315998578,1.0559636267351225,1.445466491458607,0.0,False,False,False,False,13.835135578037008
2017,NonEvent,SPX Dec-27 90/70 spread,spx,False,False,2017-02-28,,peak_-22,2.13202315998578,0.0,0.0,-2.13202315998578,1.0559636267351225,1.445466491458607,0.0,False,False,False,False,13.835135578037008
2017,NonEvent,SPX Dec-27 90/70 spread,spx,False,False,2017-02-28,,tiered,2.13202315998578,0.0,0.0,-2.13202315998578,1.0559636267351225,1.445466491458607,0.0,False,False,False,False,13.835135578037008
2017,NonEvent,SPX Dec-27 90/70 spread,spx,False,False,2017-02-28,,IPS,2.13202315998578,0.03472472914056041,1.7496188044775605,-2.057989233233872,1.0559636267351225,1.445466491458607,0.0,False,False,False,False,13.835135578037008
2017,NonEvent,SPX Dec-27 90/70 spread,spx,False,False,2017-03-31,,hold,2.0852631163681257,0.0,0.0,-2.0852631163681257,1.109424931761511,0.42706964520367935,0.0,False,False,False,False,13.633558110613967
2017,NonEvent,SPX Dec-27 90/70 spread,spx,False,False,2017-03-31,,v4_-22,2.0852631163681257,0.0,0.0,-2.0852631163681257,1.109424931761511,0.42706964520367935,0.0,False,False,False,False,13.633558110613967
2017,NonEvent,SPX Dec-27 90/70 spread,spx,False,False,2017-03-31,,peak_-22,2.0852631163681257,0.0,0.0,-2.0852631163681257,1.109424931761511,0.42706964520367935,0.0,False,False,False,False,13.633558110613967
2017,NonEvent,SPX Dec-27 90/70 spread,spx,False,False,2017-03-31,,tiered,2.0852631163681257,0.0,0.0,-2.0852631163681257,1.109424931761511,0.42706964520367935,0.0,False,False,False,False,13.633558110613967
2017,NonEvent,SPX Dec-27 90/70 spread,spx,False,False,2017-03-31,,IPS,2.0852631163681257,0.017102101241683446,0.8429324714070893,-2.0496007354364494,1.109424931761511,0.42706964520367935,0.0,False,False,False,False,13.633558110613967
2017,NonEvent,SPX Dec-27 90/70 spread,spx,False,False,2017-04-28,,hold,2.0511825323603152,0.0,0.0,-2.0511825323603152,1.242915404060541,9.296977660972404,0.0,False,False,False,False,13.31007810659324
2017,NonEvent,SPX Dec-27 90/70 spread,spx,False,False,2017-04-28,,v4_-22,2.0511825323603152,0.0,0.0,-2.0511825323603152,1.242915404060541,9.296977660972404,0.0,False,False,False,False,13.31007810659324
2017,NonEvent,SPX Dec-27 90/70 spread,spx,False,False,2017-04-28,,peak_-22,2.0511825323603152,0.0,0.0,-2.0511825323603152,1.242915404060541,9.296977660972404,0.0,False,False,False,False,13.31007810659324
2017,NonEvent,SPX Dec-27 90/70 spread,spx,False,False,2017-04-28,,tiered,2.0511825323603152,0.0,0.0,-2.0511825323603152,1.242915404060541,9.296977660972404,0.0,False,False,False,False,13.31007810659324
2017,NonEvent,SPX Dec-27 90/70 spread,spx,False,False,2017-04-28,,IPS,2.0511825323603152,0.03705275621963589,1.812042481416977,-1.9751805660267931,1.242915404060541,9.296977660972404,0.0,False,False,False,False,13.31007810659324
2017,NonEvent,SPX Dec-27 90/70 spread,spx,False,False,2017-05-31,,hold,2.06812404137198,0.0,0.0,-2.06812404137198,1.3797986965505376,8.21287779237845,-1.5830800887922134e-15,False,False,False,False,13.241586735132154
2017,NonEvent,SPX Dec-27 90/70 spread,spx,False,False,2017-05-31,,v4_-22,2.06812404137198,0.0,0.0,-2.06812404137198,1.3797986965505376,8.21287779237845,-1.5830800887922134e-15,False,False,False,False,13.241586735132154
2017,NonEvent,SPX Dec-27 90/70 spread,spx,False,False,2017-05-31,,peak_-22,2.06812404137198,0.0,0.0,-2.06812404137198,1.3797986965505376,8.21287779237845,-1.5830800887922134e-15,False,False,False,False,13.241586735132154
2017,NonEvent,SPX Dec-27 90/70 spread,spx,False,False,2017-05-31,,tiered,2.06812404137198,0.0,0.0,-2.06812404137198,1.3797986965505376,8.21287779237845,-1.5830800887922134e-15,False,False,False,False,13.241586735132154
2017,NonEvent,SPX Dec-27 90/70 spread,spx,False,False,2017-05-31,,IPS,2.06812404137198,0.0143969536993452,0.7191046251261323,-2.0383493553038448,1.3797986965505376,8.21287779237845,-1.5830800887922134e-15,False,False,False,False,13.241586735132154
2017,NonEvent,SPX Dec-27 90/70 spread,spx,False,False,2017-06-30,,hold,2.0781938780579594,0.0,0.0,-2.0781938780579594,1.4603359422168083,7.227332457293035,0.0,False,False,False,False,13.394759165253154
2017,NonEvent,SPX Dec-27 90/70 spread,spx,False,False,2017-06-30,,v4_-22,2.0781938780579594,0.0,0.0,-2.0781938780579594,1.4603359422168083,7.227332457293035,0.0,False,False,False,False,13.394759165253154
2017,NonEvent,SPX Dec-27 90/70 spread,spx,False,False,2017-06-30,,peak_-22,2.0781938780579594,0.0,0.0,-2.0781938780579594,1.4603359422168083,7.227332457293035,0.0,False,False,False,False,13.394759165253154
2017,NonEvent,SPX Dec-27 90/70 spread,spx,False,False,2017-06-30,,tiered,2.0781938780579594,0.0,0.0,-2.0781938780579594,1.4603359422168083,7.227332457293035,0.0,False,False,False,False,13.394759165253154
2017,NonEvent,SPX Dec-27 90/70 spread,spx,False,False,2017-06-30,,IPS,2.0781938780579594,0.009872766898373284,0.49710490665459794,-2.0576763543302663,1.4603359422168083,7.227332457293035,0.0,False,False,False,False,13.394759165253154
2017,NonEvent,SPX Dec-27 90/70 spread,spx,False,False,2017-07-31,,hold,2.0488329827730296,0.0,0.0,-2.0488329827730296,1.6245188079535797,6.2089356110381075,0.0,False,False,False,False,13.18075701424152
2017,NonEvent,SPX Dec-27 90/70 spread,spx,False,False,2017-07-31,,v4_-22,2.0488329827730296,0.0,0.0,-2.0488329827730296,1.6245188079535797,6.2089356110381075,0.0,False,False,False,False,13.18075701424152
2017,NonEvent,SPX Dec-27 90/70 spread,spx,False,False,2017-07-31,,peak_-22,2.0488329827730296,0.0,0.0,-2.0488329827730296,1.6245188079535797,6.2089356110381075,0.0,False,False,False,False,13.18075701424152
2017,NonEvent,SPX Dec-27 90/70 spread,spx,False,False,2017-07-31,,tiered,2.0488329827730296,0.0,0.0,-2.0488329827730296,1.6245188079535797,6.2089356110381075,0.0,False,False,False,False,13.18075701424152
2017,NonEvent,SPX Dec-27 90/70 spread,spx,False,False,2017-07-31,,IPS,2.0488329827730296,0.009004578652686682,0.4555612937529902,-2.0303841050334315,1.6245188079535797,6.2089356110381075,0.0,False,False,False,False,13.18075701424152
2017,NonEvent,SPX Dec-27 90/70 spread,spx,False,False,2017-08-31,,hold,1.9246594542914521,0.0,0.0,-1.9246594542914521,1.794824391133448,5.19053876478318,0.0,False,False,False,False,12.40744308295198
2017,NonEvent,SPX Dec-27 90/70 spread,spx,False,False,2017-08-31,,v4_-22,1.9246594542914521,0.0,0.0,-1.9246594542914521,1.794824391133448,5.19053876478318,0.0,False,False,False,False,12.40744308295198
2017,NonEvent,SPX Dec-27 90/70 spread,spx,False,False,2017-08-31,,peak_-22,1.9246594542914521,0.0,0.0,-1.9246594542914521,1.794824391133448,5.19053876478318,0.0,False,False,False,False,12.40744308295198
2017,NonEvent,SPX Dec-27 90/70 spread,spx,False,False,2017-08-31,,tiered,1.9246594542914521,0.0,0.0,-1.9246594542914521,1.794824391133448,5.19053876478318,0.0,False,False,False,False,12.40744308295198
2017,NonEvent,SPX Dec-27 90/70 spread,spx,False,False,2017-08-31,,IPS,1.9246594542914521,0.10173769149871564,4.839821209907501,-1.7288490444906621,1.794824391133448,5.19053876478318,0.0,False,False,False,False,12.40744308295198
2017,NonEvent,SPX Dec-27 90/70 spread,spx,False,False,2017-09-29,,hold,1.999160495192666,0.0,0.0,-1.999160495192666,1.8572086658390945,4.23784494086728,0.0,False,False,False,False,12.961022301279243
2017,NonEvent,SPX Dec-27 90/70 spread,spx,False,False,2017-09-29,,v4_-22,1.999160495192666,0.0,0.0,-1.999160495192666,1.8572086658390945,4.23784494086728,0.0,False,False,False,False,12.961022301279243
2017,NonEvent,SPX Dec-27 90/70 spread,spx,False,False,2017-09-29,,peak_-22,1.999160495192666,0.0,0.0,-1.999160495192666,1.8572086658390945,4.23784494086728,0.0,False,False,False,False,12.961022301279243
2017,NonEvent,SPX Dec-27 90/70 spread,spx,False,False,2017-09-29,,tiered,1.999160495192666,0.0,0.0,-1.999160495192666,1.8572086658390945,4.23784494086728,0.0,False,False,False,False,12.961022301279243
2017,NonEvent,SPX Dec-27 90/70 spread,spx,False,False,2017-09-29,,IPS,1.999160495192666,0.08763383176465238,4.415194851321393,-1.8239664006864127,1.8572086658390945,4.23784494086728,0.0,False,False,False,False,12.961022301279243
2017,NonEvent,SPX Dec-27 90/70 spread,spx,False,False,2017-10-31,,hold,1.9799573832110489,0.0,0.0,-1.9799573832110489,2.0116825536405174,3.1865965834428382,0.0,False,False,False,False,12.96919138497141
2017,NonEvent,SPX Dec-27 90/70 spread,spx,False,False,2017-10-31,,v4_-22,1.9799573832110489,0.0,0.0,-1.9799573832110489,2.0116825536405174,3.1865965834428382,0.0,False,False,False,False,12.96919138497141
2017,NonEvent,SPX Dec-27 90/70 spread,spx,False,False,2017-10-31,,peak_-22,1.9799573832110489,0.0,0.0,-1.9799573832110489,2.0116825536405174,3.1865965834428382,0.0,False,False,False,False,12.96919138497141
2017,NonEvent,SPX Dec-27 90/70 spread,spx,False,False,2017-10-31,,tiered,1.9799573832110489,0.0,0.0,-1.9799573832110489,2.0116825536405174,3.1865965834428382,0.0,False,False,False,False,12.96919138497141
2017,NonEvent,SPX Dec-27 90/70 spread,spx,False,False,2017-10-31,,IPS,1.9799573832110489,1.1192654606615096,57.05633679718601,0.23614052939882274,2.0116825536405174,3.1865965834428382,0.0,False,False,False,False,12.96919138497141
2017,NonEvent,SPX Dec-27 90/70 spread,spx,False,False,2017-11-30,,hold,1.9900993599936943,0.0,0.0,-1.9900993599936943,2.2703851604683853,12.81208935611038,0.0,False,False,False,False,13.108089706738982
2017,NonEvent,SPX Dec-27 90/70 spread,spx,False,False,2017-11-30,,v4_-22,1.9900993599936943,0.0,0.0,-1.9900993599936943,2.2703851604683853,12.81208935611038,0.0,False,False,False,False,13.108089706738982
2017,NonEvent,SPX Dec-27 90/70 spread,spx,False,False,2017-11-30,,peak_-22,1.9900993599936943,0.0,0.0,-1.9900993599936943,2.2703851604683853,12.81208935611038,0.0,False,False,False,False,13.108089706738982
2017,NonEvent,SPX Dec-27 90/70 spread,spx,False,False,2017-11-30,,tiered,1.9900993599936943,0.0,0.0,-1.9900993599936943,2.2703851604683853,12.81208935611038,0.0,False,False,False,False,13.108089706738982
2017,NonEvent,SPX Dec-27 90/70 spread,spx,False,False,2017-11-30,,IPS,1.9900993599936943,1.2518518965200696,65.89624968195754,0.5012102980777885,2.2703851604683853,12.81208935611038,0.0,False,False,False,False,13.108089706738982
2017,NonEvent,SPX Dec-27 90/70 spread,spx,False,False,2017-12-29,,hold,1.941448023980945,0.0,0.0,-1.941448023980945,2.6242056138963266,11.85939553219448,0.0,False,False,False,False,12.86096824451876
2017,NonEvent,SPX Dec-27 90/70 spread,spx,False,False,2017-12-29,,v4_-22,1.941448023980945,0.0,0.0,-1.941448023980945,2.6242056138963266,11.85939553219448,0.0,False,False,False,False,12.86096824451876
2017,NonEvent,SPX Dec-27 90/70 spread,spx,False,False,2017-12-29,,peak_-22,1.941448023980945,0.0,0.0,-1.941448023980945,2.6242056138963266,11.85939553219448,0.0,False,False,False,False,12.86096824451876
2017,NonEvent,SPX Dec-27 90/70 spread,spx,False,False,2017-12-29,,tiered,1.941448023980945,1.3121028069481633,68.34992936666696,0.605931377828418,2.6242056138963266,11.85939553219448,0.0,False,False,False,False,12.86096824451876
2017,NonEvent,SPX Dec-27 90/70 spread,spx,False,False,2017-12-29,,IPS,1.941448023980945,1.3672134512872347,71.22074758912645,0.7129258293808248,2.6242056138963266,11.85939553219448,0.0,False,False,False,False,12.86096824451876
2017,NonEvent,QQQ Dec-27 10% OTM,ndx,False,False,2017-01-31,,hold,4.709512703742692,0.0,0.0,-4.709512703742692,0.8691588785046729,0.0,0.0,False,False,False,False,17.833518629213778
2017,NonEvent,QQQ Dec-27 10% OTM,ndx,False,False,2017-01-31,,v4_-22,4.709512703742692,0.0,0.0,-4.709512703742692,0.8691588785046729,0.0,0.0,False,False,False,False,17.833518629213778
2017,NonEvent,QQQ Dec-27 10% OTM,ndx,False,False,2017-01-31,,peak_-22,4.709512703742692,0.0,0.0,-4.709512703742692,0.8691588785046729,0.0,0.0,False,False,False,False,17.833518629213778
2017,NonEvent,QQQ Dec-27 10% OTM,ndx,False,False,2017-01-31,,tiered,4.709512703742692,0.0,0.0,-4.709512703742692,0.8691588785046729,0.0,0.0,False,False,False,False,17.833518629213778
2017,NonEvent,QQQ Dec-27 10% OTM,ndx,False,False,2017-01-31,,IPS,4.709512703742692,0.083390447154841,20.98794937872406,-4.316784333496184,0.8691588785046729,0.0,0.0,False,False,False,False,17.833518629213778
2017,NonEvent,QQQ Dec-27 10% OTM,ndx,False,False,2017-02-28,,hold,4.775533423664147,0.0,0.0,-4.775533423664147,0.9779192116603385,1.445466491458607,0.0,False,False,False,False,17.98567625144811
2017,NonEvent,QQQ Dec-27 10% OTM,ndx,False,False,2017-02-28,,v4_-22,4.775533423664147,0.0,0.0,-4.775533423664147,0.9779192116603385,1.445466491458607,0.0,False,False,False,False,17.98567625144811
2017,NonEvent,QQQ Dec-27 10% OTM,ndx,False,False,2017-02-28,,peak_-22,4.775533423664147,0.0,0.0,-4.775533423664147,0.9779192116603385,1.445466491458607,0.0,False,False,False,False,17.98567625144811
2017,NonEvent,QQQ Dec-27 10% OTM,ndx,False,False,2017-02-28,,tiered,4.775533423664147,0.0,0.0,-4.775533423664147,0.9779192116603385,1.445466491458607,0.0,False,False,False,False,17.98567625144811
2017,NonEvent,QQQ Dec-27 10% OTM,ndx,False,False,2017-02-28,,IPS,4.775533423664147,0.02320349190432758,6.160617914051218,-4.66472437252931,0.9779192116603385,1.445466491458607,0.0,False,False,False,False,17.98567625144811
2017,NonEvent,QQQ Dec-27 10% OTM,ndx,False,False,2017-03-31,,hold,4.6764689113812805,0.0,0.0,-4.6764689113812805,1.144807822122928,10.21681997371879,0.0,False,False,False,False,17.718581937616275
2017,NonEvent,QQQ Dec-27 10% OTM,ndx,False,False,2017-03-31,,v4_-22,4.6764689113812805,0.0,0.0,-4.6764689113812805,1.144807822122928,10.21681997371879,0.0,False,False,False,False,17.718581937616275
2017,NonEvent,QQQ Dec-27 10% OTM,ndx,False,False,2017-03-31,,peak_-22,4.6764689113812805,0.0,0.0,-4.6764689113812805,1.144807822122928,10.21681997371879,0.0,False,False,False,False,17.718581937616275
2017,NonEvent,QQQ Dec-27 10% OTM,ndx,False,False,2017-03-31,,tiered,4.6764689113812805,0.0,0.0,-4.6764689113812805,1.144807822122928,10.21681997371879,0.0,False,False,False,False,17.718581937616275
2017,NonEvent,QQQ Dec-27 10% OTM,ndx,False,False,2017-03-31,,IPS,4.6764689113812805,0.009316411117474867,2.467701717223366,-4.632901004424763,1.144807822122928,10.21681997371879,0.0,False,False,False,False,17.718581937616275
2017,NonEvent,QQQ Dec-27 10% OTM,ndx,False,False,2017-04-28,,hold,4.560541842682199,0.0,0.0,-4.560541842682199,1.3990496297929471,9.296977660972404,0.0,False,False,False,False,17.297933476442633
2017,NonEvent,QQQ Dec-27 10% OTM,ndx,False,False,2017-04-28,,v4_-22,4.560541842682199,0.0,0.0,-4.560541842682199,1.3990496297929471,9.296977660972404,0.0,False,False,False,False,17.297933476442633
2017,NonEvent,QQQ Dec-27 10% OTM,ndx,False,False,2017-04-28,,peak_-22,4.560541842682199,0.0,0.0,-4.560541842682199,1.3990496297929471,9.296977660972404,0.0,False,False,False,False,17.297933476442633
2017,NonEvent,QQQ Dec-27 10% OTM,ndx,False,False,2017-04-28,,tiered,4.560541842682199,0.0,0.0,-4.560541842682199,1.3990496297929471,9.296977660972404,0.0,False,False,False,False,17.297933476442633
2017,NonEvent,QQQ Dec-27 10% OTM,ndx,False,False,2017-04-28,,IPS,4.560541842682199,0.021790399320976372,5.770832487418786,-4.461165814810133,1.3990496297929471,9.296977660972404,0.0,False,False,False,False,17.297933476442633
2017,NonEvent,QQQ Dec-27 10% OTM,ndx,False,False,2017-05-31,,hold,4.562432352561387,0.0,0.0,-4.562432352561387,1.6810725195812366,8.21287779237845,0.0,False,False,False,False,17.198462521071107
2017,NonEvent,QQQ Dec-27 10% OTM,ndx,False,False,2017-05-31,,v4_-22,4.562432352561387,0.0,0.0,-4.562432352561387,1.6810725195812366,8.21287779237845,0.0,False,False,False,False,17.198462521071107
2017,NonEvent,QQQ Dec-27 10% OTM,ndx,False,False,2017-05-31,,peak_-22,4.562432352561387,0.0,0.0,-4.562432352561387,1.6810725195812366,8.21287779237845,0.0,False,False,False,False,17.198462521071107
2017,NonEvent,QQQ Dec-27 10% OTM,ndx,False,False,2017-05-31,,tiered,4.562432352561387,0.0,0.0,-4.562432352561387,1.6810725195812366,8.21287779237845,0.0,False,False,False,False,17.198462521071107
2017,NonEvent,QQQ Dec-27 10% OTM,ndx,False,False,2017-05-31,,IPS,4.562432352561387,0.011501140930532637,3.1649133917327577,-4.509959175088556,1.6810725195812366,8.21287779237845,0.0,False,False,False,False,17.198462521071107
2017,NonEvent,QQQ Dec-27 10% OTM,ndx,False,False,2017-06-30,,hold,4.614376319081296,0.0,0.0,-4.614376319081296,1.7338760371334816,7.227332457293035,0.0,False,False,False,False,17.39776523186975
2017,NonEvent,QQQ Dec-27 10% OTM,ndx,False,False,2017-06-30,,v4_-22,4.614376319081296,0.0,0.0,-4.614376319081296,1.7338760371334816,7.227332457293035,0.0,False,False,False,False,17.39776523186975
2017,NonEvent,QQQ Dec-27 10% OTM,ndx,False,False,2017-06-30,,peak_-22,4.614376319081296,0.0,0.0,-4.614376319081296,1.7338760371334816,7.227332457293035,0.0,False,False,False,False,17.39776523186975
2017,NonEvent,QQQ Dec-27 10% OTM,ndx,False,False,2017-06-30,,tiered,4.614376319081296,0.0,0.0,-4.614376319081296,1.7338760371334816,7.227332457293035,0.0,False,False,False,False,17.39776523186975
2017,NonEvent,QQQ Dec-27 10% OTM,ndx,False,False,2017-06-30,,IPS,4.614376319081296,0.006059206056896012,1.642499341375283,-4.58641686213992,1.7338760371334816,7.227332457293035,0.0,False,False,False,False,17.39776523186975
2017,NonEvent,QQQ Dec-27 10% OTM,ndx,False,False,2017-07-31,,hold,4.486632067489816,0.0,0.0,-4.486632067489816,2.039413548070716,6.2089356110381075,0.0,False,False,False,False,17.01093838736772
2017,NonEvent,QQQ Dec-27 10% OTM,ndx,False,False,2017-07-31,,v4_-22,4.486632067489816,0.0,0.0,-4.486632067489816,2.039413548070716,6.2089356110381075,0.0,False,False,False,False,17.01093838736772
2017,NonEvent,QQQ Dec-27 10% OTM,ndx,False,False,2017-07-31,,peak_-22,4.486632067489816,0.0,0.0,-4.486632067489816,2.039413548070716,6.2089356110381075,0.0,False,False,False,False,17.01093838736772
2017,NonEvent,QQQ Dec-27 10% OTM,ndx,False,False,2017-07-31,,tiered,4.486632067489816,0.0,0.0,-4.486632067489816,2.039413548070716,6.2089356110381075,0.0,False,False,False,False,17.01093838736772
2017,NonEvent,QQQ Dec-27 10% OTM,ndx,False,False,2017-07-31,,IPS,4.486632067489816,0.9969901649318961,273.07062091726635,-0.01350402253441044,2.039413548070716,6.2089356110381075,0.0,False,False,False,False,17.01093838736772
2017,NonEvent,QQQ Dec-27 10% OTM,ndx,False,False,2017-08-31,,hold,4.03460824160147,0.0,0.0,-4.03460824160147,2.477562088944899,5.19053876478318,0.0,False,False,False,False,15.72654325267078
2017,NonEvent,QQQ Dec-27 10% OTM,ndx,False,False,2017-08-31,,v4_-22,4.03460824160147,0.0,0.0,-4.03460824160147,2.477562088944899,5.19053876478318,0.0,False,False,False,False,15.72654325267078
2017,NonEvent,QQQ Dec-27 10% OTM,ndx,False,False,2017-08-31,,peak_-22,4.03460824160147,0.09905778897374963,24.842049818018843,-3.6349488698131602,2.477562088944899,5.19053876478318,0.0,False,False,False,False,15.72654325267078
2017,NonEvent,QQQ Dec-27 10% OTM,ndx,False,False,2017-08-31,,tiered,4.03460824160147,0.0,0.0,-4.03460824160147,2.477562088944899,5.19053876478318,0.0,False,False,False,False,15.72654325267078
2017,NonEvent,QQQ Dec-27 10% OTM,ndx,False,False,2017-08-31,,IPS,4.03460824160147,1.2213373936078062,306.2911527800673,0.8930096724246438,2.477562088944899,5.19053876478318,0.0,False,False,False,False,15.72654325267078
2017,NonEvent,QQQ Dec-27 10% OTM,ndx,False,False,2017-09-29,,hold,4.413850534762545,0.0,0.0,-4.413850534762545,2.372569233589022,4.23784494086728,0.0,False,False,False,False,16.84932899166301
2017,NonEvent,QQQ Dec-27 10% OTM,ndx,False,False,2017-09-29,,v4_-22,4.413850534762545,0.0,0.0,-4.413850534762545,2.372569233589022,4.23784494086728,0.0,False,False,False,False,16.84932899166301
2017,NonEvent,QQQ Dec-27 10% OTM,ndx,False,False,2017-09-29,,peak_-22,4.413850534762545,0.5615088041886893,153.57169824129798,-1.9354345991204218,2.372569233589022,4.23784494086728,0.0,False,False,False,False,16.84932899166301
2017,NonEvent,QQQ Dec-27 10% OTM,ndx,False,False,2017-09-29,,tiered,4.413850534762545,0.0,0.0,-4.413850534762545,2.372569233589022,4.23784494086728,0.0,False,False,False,False,16.84932899166301
2017,NonEvent,QQQ Dec-27 10% OTM,ndx,False,False,2017-09-29,,IPS,4.413850534762545,1.1575266631710024,316.58156398740664,0.6952991464766881,2.372569233589022,4.23784494086728,0.0,False,False,False,False,16.84932899166301
2017,NonEvent,QQQ Dec-27 10% OTM,ndx,False,False,2017-10-31,,hold,4.3830514843190445,0.0,0.0,-4.3830514843190445,2.642833630434624,3.1865965834428382,0.0,False,False,False,False,16.859948800462835
2017,NonEvent,QQQ Dec-27 10% OTM,ndx,False,False,2017-10-31,,v4_-22,4.3830514843190445,0.0,0.0,-4.3830514843190445,2.642833630434624,3.1865965834428382,0.0,False,False,False,False,16.859948800462835
2017,NonEvent,QQQ Dec-27 10% OTM,ndx,False,False,2017-10-31,,peak_-22,4.3830514843190445,1.0795465766594712,306.0472726729069,0.3486567408997941,2.642833630434624,3.1865965834428382,0.0,False,False,False,False,16.859948800462835
2017,NonEvent,QQQ Dec-27 10% OTM,ndx,False,False,2017-10-31,,tiered,4.3830514843190445,0.0,0.0,-4.3830514843190445,2.642833630434624,3.1865965834428382,0.0,False,False,False,False,16.859948800462835
2017,NonEvent,QQQ Dec-27 10% OTM,ndx,False,False,2017-10-31,,IPS,4.3830514843190445,1.3293008885596882,376.85165263017007,1.4433427483891217,2.642833630434624,3.1865965834428382,0.0,False,False,False,False,16.859948800462835
2017,NonEvent,QQQ Dec-27 10% OTM,ndx,False,False,2017-11-30,,hold,4.435383869002644,0.0,0.0,-4.435383869002644,2.7688419673775564,2.2010512483574245,0.0,False,False,False,False,17.04051661876068
2017,NonEvent,QQQ Dec-27 10% OTM,ndx,False,False,2017-11-30,,v4_-22,4.435383869002644,0.0,0.0,-4.435383869002644,2.7688419673775564,2.2010512483574245,0.0,False,False,False,False,17.04051661876068
2017,NonEvent,QQQ Dec-27 10% OTM,ndx,False,False,2017-11-30,,peak_-22,4.435383869002644,1.3539903471827717,394.6399766496988,1.5700830756771107,2.7688419673775564,2.2010512483574245,0.0,False,False,False,False,17.04051661876068
2017,NonEvent,QQQ Dec-27 10% OTM,ndx,False,False,2017-11-30,,tiered,4.435383869002644,0.0,0.0,-4.435383869002644,2.7688419673775564,2.2010512483574245,0.0,False,False,False,False,17.04051661876068
2017,NonEvent,QQQ Dec-27 10% OTM,ndx,False,False,2017-11-30,,IPS,4.435383869002644,1.401479528657625,408.4813821717868,1.7807158251428148,2.7688419673775564,2.2010512483574245,0.0,False,False,False,False,17.04051661876068
2017,NonEvent,QQQ Dec-27 10% OTM,ndx,False,False,2017-12-29,,hold,4.32901379758034,0.0,0.0,-4.32901379758034,2.949943448037059,1.2483574244415243,0.0,False,False,False,False,16.744814683915454
2017,NonEvent,QQQ Dec-27 10% OTM,ndx,False,False,2017-12-29,,v4_-22,4.32901379758034,0.0,0.0,-4.32901379758034,2.949943448037059,1.2483574244415243,0.0,False,False,False,False,16.744814683915454
2017,NonEvent,QQQ Dec-27 10% OTM,ndx,False,False,2017-12-29,,peak_-22,4.32901379758034,1.5525687754879087,443.41762242125736,2.3920778531992304,2.949943448037059,1.2483574244415243,0.0,False,False,False,False,16.744814683915454
2017,NonEvent,QQQ Dec-27 10% OTM,ndx,False,False,2017-12-29,,tiered,4.32901379758034,0.0,0.0,-4.32901379758034,2.949943448037059,1.2483574244415243,0.0,False,False,False,False,16.744814683915454
2017,NonEvent,QQQ Dec-27 10% OTM,ndx,False,False,2017-12-29,,IPS,4.32901379758034,1.9743103974669118,563.8681108289258,4.217803153760247,2.949943448037059,1.2483574244415243,0.0,False,False,False,False,16.744814683915454
2017,NonEvent,QQQ Dec-27 90/65 spread,ndx,False,False,2017-01-31,,hold,3.0182634137464204,0.0,0.0,-3.0182634137464204,0.8691588785046728,0.0,0.0,False,False,False,False,17.833518629213778
2017,NonEvent,QQQ Dec-27 90/65 spread,ndx,False,False,2017-01-31,,v4_-22,3.0182634137464204,0.0,0.0,-3.0182634137464204,0.8691588785046728,0.0,0.0,False,False,False,False,17.833518629213778
2017,NonEvent,QQQ Dec-27 90/65 spread,ndx,False,False,2017-01-31,,peak_-22,3.0182634137464204,0.0,0.0,-3.0182634137464204,0.8691588785046728,0.0,0.0,False,False,False,False,17.833518629213778
2017,NonEvent,QQQ Dec-27 90/65 spread,ndx,False,False,2017-01-31,,tiered,3.0182634137464204,0.0,0.0,-3.0182634137464204,0.8691588785046728,0.0,0.0,False,False,False,False,17.833518629213778
2017,NonEvent,QQQ Dec-27 90/65 spread,ndx,False,False,2017-01-31,,IPS,3.0182634137464204,0.11182401175640112,18.037234058194052,-2.6807490902837254,0.8691588785046728,0.0,0.0,False,False,False,False,17.833518629213778
2017,NonEvent,QQQ Dec-27 90/65 spread,ndx,False,False,2017-02-28,,hold,3.055229719607323,0.0,0.0,-3.055229719607323,0.9767116109659373,1.445466491458607,0.0,False,False,False,False,17.98567625144811
2017,NonEvent,QQQ Dec-27 90/65 spread,ndx,False,False,2017-02-28,,v4_-22,3.055229719607323,0.0,0.0,-3.055229719607323,0.9767116109659373,1.445466491458607,0.0,False,False,False,False,17.98567625144811
2017,NonEvent,QQQ Dec-27 90/65 spread,ndx,False,False,2017-02-28,,peak_-22,3.055229719607323,0.0,0.0,-3.055229719607323,0.9767116109659373,1.445466491458607,0.0,False,False,False,False,17.98567625144811
2017,NonEvent,QQQ Dec-27 90/65 spread,ndx,False,False,2017-02-28,,tiered,3.055229719607323,0.0,0.0,-3.055229719607323,0.9767116109659373,1.445466491458607,0.0,False,False,False,False,17.98567625144811
2017,NonEvent,QQQ Dec-27 90/65 spread,ndx,False,False,2017-02-28,,IPS,3.055229719607323,0.032232436556518834,5.475024221667853,-2.9567522215044892,0.9767116109659373,1.445466491458607,0.0,False,False,False,False,17.98567625144811
2017,NonEvent,QQQ Dec-27 90/65 spread,ndx,False,False,2017-03-31,,hold,2.997254242446373,0.0,0.0,-2.997254242446373,1.088513303102484,0.42706964520367935,0.0,False,False,False,False,17.718581937616275
2017,NonEvent,QQQ Dec-27 90/65 spread,ndx,False,False,2017-03-31,,v4_-22,2.997254242446373,0.0,0.0,-2.997254242446373,1.088513303102484,0.42706964520367935,0.0,False,False,False,False,17.718581937616275
2017,NonEvent,QQQ Dec-27 90/65 spread,ndx,False,False,2017-03-31,,peak_-22,2.997254242446373,0.0,0.0,-2.997254242446373,1.088513303102484,0.42706964520367935,0.0,False,False,False,False,17.718581937616275
2017,NonEvent,QQQ Dec-27 90/65 spread,ndx,False,False,2017-03-31,,tiered,2.997254242446373,0.0,0.0,-2.997254242446373,1.088513303102484,0.42706964520367935,0.0,False,False,False,False,17.718581937616275
2017,NonEvent,QQQ Dec-27 90/65 spread,ndx,False,False,2017-03-31,,IPS,2.997254242446373,0.01261692806325685,2.1419196607926154,-2.959438101282136,1.088513303102484,0.42706964520367935,0.0,False,False,False,False,17.718581937616275
2017,NonEvent,QQQ Dec-27 90/65 spread,ndx,False,False,2017-04-28,,hold,2.9457134328208197,0.0,0.0,-2.9457134328208197,1.2563722463747315,9.296977660972404,0.0,False,False,False,False,17.297933476442633
2017,NonEvent,QQQ Dec-27 90/65 spread,ndx,False,False,2017-04-28,,v4_-22,2.9457134328208197,0.0,0.0,-2.9457134328208197,1.2563722463747315,9.296977660972404,0.0,False,False,False,False,17.297933476442633
2017,NonEvent,QQQ Dec-27 90/65 spread,ndx,False,False,2017-04-28,,peak_-22,2.9457134328208197,0.0,0.0,-2.9457134328208197,1.2563722463747315,9.296977660972404,0.0,False,False,False,False,17.297933476442633
2017,NonEvent,QQQ Dec-27 90/65 spread,ndx,False,False,2017-04-28,,tiered,2.9457134328208197,0.0,0.0,-2.9457134328208197,1.2563722463747315,9.296977660972404,0.0,False,False,False,False,17.297933476442633
2017,NonEvent,QQQ Dec-27 90/65 spread,ndx,False,False,2017-04-28,,IPS,2.9457134328208197,0.029549334550991964,5.054695921095827,-2.8586695611030457,1.2563722463747315,9.296977660972404,0.0,False,False,False,False,17.297933476442633
2017,NonEvent,QQQ Dec-27 90/65 spread,ndx,False,False,2017-05-31,,hold,2.956378733962595,0.0,0.0,-2.956378733962595,1.4577979054726413,8.21287779237845,0.0,False,False,False,False,17.198462521071107
2017,NonEvent,QQQ Dec-27 90/65 spread,ndx,False,False,2017-05-31,,v4_-22,2.956378733962595,0.0,0.0,-2.956378733962595,1.4577979054726413,8.21287779237845,0.0,False,False,False,False,17.198462521071107
2017,NonEvent,QQQ Dec-27 90/65 spread,ndx,False,False,2017-05-31,,peak_-22,2.956378733962595,0.0,0.0,-2.956378733962595,1.4577979054726413,8.21287779237845,0.0,False,False,False,False,17.198462521071107
2017,NonEvent,QQQ Dec-27 90/65 spread,ndx,False,False,2017-05-31,,tiered,2.956378733962595,0.0,0.0,-2.956378733962595,1.4577979054726413,8.21287779237845,0.0,False,False,False,False,17.198462521071107
2017,NonEvent,QQQ Dec-27 90/65 spread,ndx,False,False,2017-05-31,,IPS,2.956378733962595,0.015702239380465177,2.7999232711417026,-2.909956967382598,1.4577979054726413,8.21287779237845,0.0,False,False,False,False,17.198462521071107
2017,NonEvent,QQQ Dec-27 90/65 spread,ndx,False,False,2017-06-30,,hold,2.9785587570128733,0.0,0.0,-2.9785587570128733,1.4436329988408307,7.227332457293035,0.0,False,False,False,False,17.39776523186975
2017,NonEvent,QQQ Dec-27 90/65 spread,ndx,False,False,2017-06-30,,v4_-22,2.9785587570128733,0.0,0.0,-2.9785587570128733,1.4436329988408307,7.227332457293035,0.0,False,False,False,False,17.39776523186975
2017,NonEvent,QQQ Dec-27 90/65 spread,ndx,False,False,2017-06-30,,peak_-22,2.9785587570128733,0.0,0.0,-2.9785587570128733,1.4436329988408307,7.227332457293035,0.0,False,False,False,False,17.39776523186975
2017,NonEvent,QQQ Dec-27 90/65 spread,ndx,False,False,2017-06-30,,tiered,2.9785587570128733,0.0,0.0,-2.9785587570128733,1.4436329988408307,7.227332457293035,0.0,False,False,False,False,17.39776523186975
2017,NonEvent,QQQ Dec-27 90/65 spread,ndx,False,False,2017-06-30,,IPS,2.9785587570128733,0.007948453865802705,1.390801984895171,-2.9548838201461733,1.4436329988408307,7.227332457293035,0.0,False,False,False,False,17.39776523186975
2017,NonEvent,QQQ Dec-27 90/65 spread,ndx,False,False,2017-07-31,,hold,2.9142083091973583,0.0,0.0,-2.9142083091973583,1.6543645243697862,6.2089356110381075,0.0,False,False,False,False,17.01093838736772
2017,NonEvent,QQQ Dec-27 90/65 spread,ndx,False,False,2017-07-31,,v4_-22,2.9142083091973583,0.0,0.0,-2.9142083091973583,1.6543645243697862,6.2089356110381075,0.0,False,False,False,False,17.01093838736772
2017,NonEvent,QQQ Dec-27 90/65 spread,ndx,False,False,2017-07-31,,peak_-22,2.9142083091973583,0.0,0.0,-2.9142083091973583,1.6543645243697862,6.2089356110381075,0.0,False,False,False,False,17.01093838736772
2017,NonEvent,QQQ Dec-27 90/65 spread,ndx,False,False,2017-07-31,,tiered,2.9142083091973583,0.0,0.0,-2.9142083091973583,1.6543645243697862,6.2089356110381075,0.0,False,False,False,False,17.01093838736772
2017,NonEvent,QQQ Dec-27 90/65 spread,ndx,False,False,2017-07-31,,IPS,2.9142083091973583,0.008818391582682801,1.5688218148133848,-2.888509679173348,1.6543645243697862,6.2089356110381075,0.0,False,False,False,False,17.01093838736772
2017,NonEvent,QQQ Dec-27 90/65 spread,ndx,False,False,2017-08-31,,hold,2.6719550541161254,0.0,0.0,-2.6719550541161254,1.9253710547900058,5.19053876478318,0.0,False,False,False,False,15.72654325267078
2017,NonEvent,QQQ Dec-27 90/65 spread,ndx,False,False,2017-08-31,,v4_-22,2.6719550541161254,0.0,0.0,-2.6719550541161254,1.9253710547900058,5.19053876478318,0.0,False,False,False,False,15.72654325267078
2017,NonEvent,QQQ Dec-27 90/65 spread,ndx,False,False,2017-08-31,,peak_-22,2.6719550541161254,0.14950576068100863,24.830444976171623,-2.2724823812450285,1.9253710547900058,5.19053876478318,0.0,False,False,False,False,15.72654325267078
2017,NonEvent,QQQ Dec-27 90/65 spread,ndx,False,False,2017-08-31,,tiered,2.6719550541161254,0.0,0.0,-2.6719550541161254,1.9253710547900058,5.19053876478318,0.0,False,False,False,False,15.72654325267078
2017,NonEvent,QQQ Dec-27 90/65 spread,ndx,False,False,2017-08-31,,IPS,2.6719550541161254,1.11790182867733,185.66508554114938,0.3150283870239251,1.9253710547900058,5.19053876478318,0.0,False,False,False,False,15.72654325267078
2017,NonEvent,QQQ Dec-27 90/65 spread,ndx,False,False,2017-09-29,,hold,2.8717812600030745,0.0,0.0,-2.8717812600030745,1.828022036050527,4.23784494086728,0.0,False,False,False,False,16.84932899166301
2017,NonEvent,QQQ Dec-27 90/65 spread,ndx,False,False,2017-09-29,,v4_-22,2.8717812600030745,0.0,0.0,-2.8717812600030745,1.828022036050527,4.23784494086728,0.0,False,False,False,False,16.84932899166301
2017,NonEvent,QQQ Dec-27 90/65 spread,ndx,False,False,2017-09-29,,peak_-22,2.8717812600030745,0.7994843456794813,142.26508105102792,-0.5758370984149199,1.828022036050527,4.23784494086728,0.0,False,False,False,False,16.84932899166301
2017,NonEvent,QQQ Dec-27 90/65 spread,ndx,False,False,2017-09-29,,tiered,2.8717812600030745,0.0,0.0,-2.8717812600030745,1.828022036050527,4.23784494086728,0.0,False,False,False,False,16.84932899166301
2017,NonEvent,QQQ Dec-27 90/65 spread,ndx,False,False,2017-09-29,,IPS,2.8717812600030745,0.08705540408003448,15.49116525458686,-2.6217771819840365,1.828022036050527,4.23784494086728,0.0,False,False,False,False,16.84932899166301
2017,NonEvent,QQQ Dec-27 90/65 spread,ndx,False,False,2017-10-31,,hold,2.8523883664305774,0.0,0.0,-2.8523883664305774,2.0165767084859634,3.1865965834428382,0.0,False,False,False,False,16.859948800462835
2017,NonEvent,QQQ Dec-27 90/65 spread,ndx,False,False,2017-10-31,,v4_-22,2.8523883664305774,0.0,0.0,-2.8523883664305774,2.0165767084859634,3.1865965834428382,0.0,False,False,False,False,16.859948800462835
2017,NonEvent,QQQ Dec-27 90/65 spread,ndx,False,False,2017-10-31,,peak_-22,2.8523883664305774,1.4212134090471136,262.20351535089475,1.201464227750551,2.0165767084859634,3.1865965834428382,0.0,False,False,False,False,16.859948800462835
2017,NonEvent,QQQ Dec-27 90/65 spread,ndx,False,False,2017-10-31,,tiered,2.8523883664305774,0.0,0.0,-2.8523883664305774,2.0165767084859634,3.1865965834428382,0.0,False,False,False,False,16.859948800462835
2017,NonEvent,QQQ Dec-27 90/65 spread,ndx,False,False,2017-10-31,,IPS,2.8523883664305774,0.9657353504759442,178.17113332979162,-0.09773608768223771,2.0165767084859634,3.1865965834428382,0.0,False,False,False,False,16.859948800462835
2017,NonEvent,QQQ Dec-27 90/65 spread,ndx,False,False,2017-11-30,,hold,2.877038275766669,0.0,0.0,-2.877038275766669,2.0843799031153813,2.2010512483574245,0.0,False,False,False,False,17.04051661876068
2017,NonEvent,QQQ Dec-27 90/65 spread,ndx,False,False,2017-11-30,,v4_-22,2.877038275766669,0.0,0.0,-2.877038275766669,2.0843799031153813,2.2010512483574245,0.0,False,False,False,False,17.04051661876068
2017,NonEvent,QQQ Dec-27 90/65 spread,ndx,False,False,2017-11-30,,peak_-22,2.877038275766669,1.684691676242909,318.50801517276744,1.9698841596496892,2.0843799031153813,2.2010512483574245,0.0,False,False,False,False,17.04051661876068
2017,NonEvent,QQQ Dec-27 90/65 spread,ndx,False,False,2017-11-30,,tiered,2.877038275766669,0.0,0.0,-2.877038275766669,2.0843799031153813,2.2010512483574245,0.0,False,False,False,False,17.04051661876068
2017,NonEvent,QQQ Dec-27 90/65 spread,ndx,False,False,2017-11-30,,IPS,2.877038275766669,1.035778867112284,195.82447979891586,0.10293717014561032,2.0843799031153813,2.2010512483574245,0.0,False,False,False,False,17.04051661876068
2017,NonEvent,QQQ Dec-27 90/65 spread,ndx,False,False,2017-12-29,,hold,2.8173006166220285,0.0,0.0,-2.8173006166220285,2.171446600871029,1.2483574244415243,0.0,False,False,False,False,16.744814683915454
2017,NonEvent,QQQ Dec-27 90/65 spread,ndx,False,False,2017-12-29,,v4_-22,2.8173006166220285,0.0,0.0,-2.8173006166220285,2.171446600871029,1.2483574244415243,0.0,False,False,False,False,16.744814683915454
2017,NonEvent,QQQ Dec-27 90/65 spread,ndx,False,False,2017-12-29,,peak_-22,2.8173006166220285,1.8362018091378784,341.29249056328956,2.355831872504601,2.171446600871029,1.2483574244415243,0.0,False,False,False,False,16.744814683915454
2017,NonEvent,QQQ Dec-27 90/65 spread,ndx,False,False,2017-12-29,,tiered,2.8173006166220285,0.0,0.0,-2.8173006166220285,2.171446600871029,1.2483574244415243,0.0,False,False,False,False,16.744814683915454
2017,NonEvent,QQQ Dec-27 90/65 spread,ndx,False,False,2017-12-29,,IPS,2.8173006166220285,1.097493496447153,203.98971775075506,0.27466848765720187,2.171446600871029,1.2483574244415243,0.0,False,False,False,False,16.744814683915454
2017,NonEvent,SPX Jun-28 10% OTM,spx,False,False,2017-01-31,,hold,4.371188440192214,0.0,0.0,-4.371188440192214,1.2973782243502927,12.155059132720105,0.0,False,False,False,False,13.855482811569159
2017,NonEvent,SPX Jun-28 10% OTM,spx,False,False,2017-01-31,,v4_-22,4.371188440192214,0.0,0.0,-4.371188440192214,1.2973782243502927,12.155059132720105,0.0,False,False,False,False,13.855482811569159
2017,NonEvent,SPX Jun-28 10% OTM,spx,False,False,2017-01-31,,peak_-22,4.371188440192214,0.0,0.0,-4.371188440192214,1.2973782243502927,12.155059132720105,0.0,False,False,False,False,13.855482811569159
2017,NonEvent,SPX Jun-28 10% OTM,spx,False,False,2017-01-31,,tiered,4.371188440192214,0.0,0.0,-4.371188440192214,1.2973782243502927,12.155059132720105,0.0,False,False,False,False,13.855482811569159
2017,NonEvent,SPX Jun-28 10% OTM,spx,False,False,2017-01-31,,IPS,4.371188440192214,0.0024618005492478222,0.24543852137725122,-4.360427446089283,1.2973782243502927,12.155059132720105,0.0,False,False,False,False,13.855482811569159
2017,NonEvent,SPX Jun-28 10% OTM,spx,False,False,2017-02-28,,hold,4.400450437247612,0.0,0.0,-4.400450437247612,1.4738819586081395,11.235216819973719,0.0,False,False,False,False,13.91038727360787
2017,NonEvent,SPX Jun-28 10% OTM,spx,False,False,2017-02-28,,v4_-22,4.400450437247612,0.0,0.0,-4.400450437247612,1.4738819586081395,11.235216819973719,0.0,False,False,False,False,13.91038727360787
2017,NonEvent,SPX Jun-28 10% OTM,spx,False,False,2017-02-28,,peak_-22,4.400450437247612,0.0,0.0,-4.400450437247612,1.4738819586081395,11.235216819973719,0.0,False,False,False,False,13.91038727360787
2017,NonEvent,SPX Jun-28 10% OTM,spx,False,False,2017-02-28,,tiered,4.400450437247612,0.0,0.0,-4.400450437247612,1.4738819586081395,11.235216819973719,0.0,False,False,False,False,13.91038727360787
2017,NonEvent,SPX Jun-28 10% OTM,spx,False,False,2017-02-28,,IPS,4.400450437247612,0.09778957832392561,10.16956461554202,-3.970132244553833,1.4738819586081395,11.235216819973719,0.0,False,False,False,False,13.91038727360787
2017,NonEvent,SPX Jun-28 10% OTM,spx,False,False,2017-03-31,,hold,4.315413569854316,0.0,0.0,-4.315413569854316,1.6136893766452194,10.21681997371879,0.0,False,False,False,False,13.735929344950717
2017,NonEvent,SPX Jun-28 10% OTM,spx,False,False,2017-03-31,,v4_-22,4.315413569854316,0.0,0.0,-4.315413569854316,1.6136893766452194,10.21681997371879,0.0,False,False,False,False,13.735929344950717
2017,NonEvent,SPX Jun-28 10% OTM,spx,False,False,2017-03-31,,peak_-22,4.315413569854316,0.0,0.0,-4.315413569854316,1.6136893766452194,10.21681997371879,0.0,False,False,False,False,13.735929344950717
2017,NonEvent,SPX Jun-28 10% OTM,spx,False,False,2017-03-31,,tiered,4.315413569854316,0.0,0.0,-4.315413569854316,1.6136893766452194,10.21681997371879,0.0,False,False,False,False,13.735929344950717
2017,NonEvent,SPX Jun-28 10% OTM,spx,False,False,2017-03-31,,IPS,4.315413569854316,0.019716383680645717,2.0110929019162076,-4.230329220170403,1.6136893766452194,10.21681997371879,0.0,False,False,False,False,13.735929344950717
2017,NonEvent,SPX Jun-28 10% OTM,spx,False,False,2017-04-28,,hold,4.266619651659959,0.0,0.0,-4.266619651659959,1.7426889124350986,9.296977660972404,0.0,False,False,False,False,13.501182674496102
2017,NonEvent,SPX Jun-28 10% OTM,spx,False,False,2017-04-28,,v4_-22,4.266619651659959,0.0,0.0,-4.266619651659959,1.7426889124350986,9.296977660972404,0.0,False,False,False,False,13.501182674496102
2017,NonEvent,SPX Jun-28 10% OTM,spx,False,False,2017-04-28,,peak_-22,4.266619651659959,0.0,0.0,-4.266619651659959,1.7426889124350986,9.296977660972404,0.0,False,False,False,False,13.501182674496102
2017,NonEvent,SPX Jun-28 10% OTM,spx,False,False,2017-04-28,,tiered,4.266619651659959,0.0,0.0,-4.266619651659959,1.7426889124350986,9.296977660972404,0.0,False,False,False,False,13.501182674496102
2017,NonEvent,SPX Jun-28 10% OTM,spx,False,False,2017-04-28,,IPS,4.266619651659959,0.19879055393913922,20.221958730128737,-3.418455967658859,1.7426889124350986,9.296977660972404,0.0,False,False,False,False,13.501182674496102
2017,NonEvent,SPX Jun-28 10% OTM,spx,False,False,2017-05-31,,hold,4.293658681518962,0.0,0.0,-4.293658681518962,1.8579403144038855,8.21287779237845,0.0,False,False,False,False,13.455502526130433
2017,NonEvent,SPX Jun-28 10% OTM,spx,False,False,2017-05-31,,v4_-22,4.293658681518962,0.0,0.0,-4.293658681518962,1.8579403144038855,8.21287779237845,0.0,False,False,False,False,13.455502526130433
2017,NonEvent,SPX Jun-28 10% OTM,spx,False,False,2017-05-31,,peak_-22,4.293658681518962,0.0,0.0,-4.293658681518962,1.8579403144038855,8.21287779237845,0.0,False,False,False,False,13.455502526130433
2017,NonEvent,SPX Jun-28 10% OTM,spx,False,False,2017-05-31,,tiered,4.293658681518962,0.0,0.0,-4.293658681518962,1.8579403144038855,8.21287779237845,0.0,False,False,False,False,13.455502526130433
2017,NonEvent,SPX Jun-28 10% OTM,spx,False,False,2017-05-31,,IPS,4.293658681518962,0.0364262312555043,3.777344970959437,-4.137256877453748,1.8579403144038855,8.21287779237845,0.0,False,False,False,False,13.455502526130433
2017,NonEvent,SPX Jun-28 10% OTM,spx,False,False,2017-06-30,,hold,4.305969219701827,0.0,0.0,-4.305969219701827,1.9432502472280608,7.227332457293035,0.0,False,False,False,False,13.566900735074041
2017,NonEvent,SPX Jun-28 10% OTM,spx,False,False,2017-06-30,,v4_-22,4.305969219701827,0.0,0.0,-4.305969219701827,1.9432502472280608,7.227332457293035,0.0,False,False,False,False,13.566900735074041
2017,NonEvent,SPX Jun-28 10% OTM,spx,False,False,2017-06-30,,peak_-22,4.305969219701827,0.0,0.0,-4.305969219701827,1.9432502472280608,7.227332457293035,0.0,False,False,False,False,13.566900735074041
2017,NonEvent,SPX Jun-28 10% OTM,spx,False,False,2017-06-30,,tiered,4.305969219701827,0.0,0.0,-4.305969219701827,1.9432502472280608,7.227332457293035,0.0,False,False,False,False,13.566900735074041
2017,NonEvent,SPX Jun-28 10% OTM,spx,False,False,2017-06-30,,IPS,4.305969219701827,0.8059639846287856,84.08328331950881,-0.83551310970204,1.9432502472280608,7.227332457293035,0.0,False,False,False,False,13.566900735074041
2017,NonEvent,SPX Jun-28 10% OTM,spx,False,False,2017-07-31,,hold,4.256119911640076,0.0,0.0,-4.256119911640076,2.102425607999206,6.2089356110381075,-1.5869278411159245e-16,False,False,False,False,13.400396212465736
2017,NonEvent,SPX Jun-28 10% OTM,spx,False,False,2017-07-31,,v4_-22,4.256119911640076,0.0,0.0,-4.256119911640076,2.102425607999206,6.2089356110381075,-1.5869278411159245e-16,False,False,False,False,13.400396212465736
2017,NonEvent,SPX Jun-28 10% OTM,spx,False,False,2017-07-31,,peak_-22,4.256119911640076,0.0,0.0,-4.256119911640076,2.102425607999206,6.2089356110381075,-1.5869278411159245e-16,False,False,False,False,13.400396212465736
2017,NonEvent,SPX Jun-28 10% OTM,spx,False,False,2017-07-31,,tiered,4.256119911640076,0.0,0.0,-4.256119911640076,2.102425607999206,6.2089356110381075,-1.5869278411159245e-16,False,False,False,False,13.400396212465736
2017,NonEvent,SPX Jun-28 10% OTM,spx,False,False,2017-07-31,,IPS,4.256119911640076,0.8848018845263386,92.99010948264366,-0.49029699305086294,2.102425607999206,6.2089356110381075,-1.5869278411159245e-16,False,False,False,False,13.400396212465736
2017,NonEvent,SPX Jun-28 10% OTM,spx,False,False,2017-08-31,,hold,4.005981682302927,0.0,0.0,-4.005981682302927,2.3145556358356876,5.19053876478318,0.0,False,False,False,False,12.725474639191873
2017,NonEvent,SPX Jun-28 10% OTM,spx,False,False,2017-08-31,,v4_-22,4.005981682302927,0.0,0.0,-4.005981682302927,2.3145556358356876,5.19053876478318,0.0,False,False,False,False,12.725474639191873
2017,NonEvent,SPX Jun-28 10% OTM,spx,False,False,2017-08-31,,peak_-22,4.005981682302927,0.0,0.0,-4.005981682302927,2.3145556358356876,5.19053876478318,0.0,False,False,False,False,12.725474639191873
2017,NonEvent,SPX Jun-28 10% OTM,spx,False,False,2017-08-31,,tiered,4.005981682302927,0.0,0.0,-4.005981682302927,2.3145556358356876,5.19053876478318,0.0,False,False,False,False,12.725474639191873
2017,NonEvent,SPX Jun-28 10% OTM,spx,False,False,2017-08-31,,IPS,4.005981682302927,0.9703435134368121,96.07889691642238,-0.11880334193359353,2.3145556358356876,5.19053876478318,0.0,False,False,False,False,12.725474639191873
2017,NonEvent,SPX Jun-28 10% OTM,spx,False,False,2017-09-29,,hold,4.1556957574386315,0.0,0.0,-4.1556957574386315,2.360049940614073,4.23784494086728,-7.441289984965531e-16,False,False,False,False,13.213664395012076
2017,NonEvent,SPX Jun-28 10% OTM,spx,False,False,2017-09-29,,v4_-22,4.1556957574386315,0.0,0.0,-4.1556957574386315,2.360049940614073,4.23784494086728,-7.441289984965531e-16,False,False,False,False,13.213664395012076
2017,NonEvent,SPX Jun-28 10% OTM,spx,False,False,2017-09-29,,peak_-22,4.1556957574386315,0.0,0.0,-4.1556957574386315,2.360049940614073,4.23784494086728,-7.441289984965531e-16,False,False,False,False,13.213664395012076
2017,NonEvent,SPX Jun-28 10% OTM,spx,False,False,2017-09-29,,tiered,4.1556957574386315,0.0,0.0,-4.1556957574386315,2.360049940614073,4.23784494086728,-7.441289984965531e-16,False,False,False,False,13.213664395012076
2017,NonEvent,SPX Jun-28 10% OTM,spx,False,False,2017-09-29,,IPS,4.1556957574386315,1.0057856704088879,105.33667381530707,0.02404348597215355,2.360049940614073,4.23784494086728,-7.441289984965531e-16,False,False,False,False,13.213664395012076
2017,NonEvent,SPX Jun-28 10% OTM,spx,False,False,2017-10-31,,hold,4.114727099761292,0.0,0.0,-4.114727099761292,2.5268457249489926,3.1865965834428382,-3.034128514376606e-16,False,False,False,False,13.17975174152938
2017,NonEvent,SPX Jun-28 10% OTM,spx,False,False,2017-10-31,,v4_-22,4.114727099761292,0.0,0.0,-4.114727099761292,2.5268457249489926,3.1865965834428382,-3.034128514376606e-16,False,False,False,False,13.17975174152938
2017,NonEvent,SPX Jun-28 10% OTM,spx,False,False,2017-10-31,,peak_-22,4.114727099761292,0.0,0.0,-4.114727099761292,2.5268457249489926,3.1865965834428382,-3.034128514376606e-16,False,False,False,False,13.17975174152938
2017,NonEvent,SPX Jun-28 10% OTM,spx,False,False,2017-10-31,,tiered,4.114727099761292,0.0,0.0,-4.114727099761292,2.5268457249489926,3.1865965834428382,-3.034128514376606e-16,False,False,False,False,13.17975174152938
2017,NonEvent,SPX Jun-28 10% OTM,spx,False,False,2017-10-31,,IPS,4.114727099761292,1.0974023516202693,116.25773668166032,0.40078409579240015,2.5268457249489926,3.1865965834428382,-3.034128514376606e-16,False,False,False,False,13.17975174152938
2017,NonEvent,SPX Jun-28 10% OTM,spx,False,False,2017-11-30,,hold,4.114890081153688,0.0,0.0,-4.114890081153688,2.6809311930658373,2.2010512483574245,0.0,False,False,False,False,13.252314468268603
2017,NonEvent,SPX Jun-28 10% OTM,spx,False,False,2017-11-30,,v4_-22,4.114890081153688,0.0,0.0,-4.114890081153688,2.6809311930658373,2.2010512483574245,0.0,False,False,False,False,13.252314468268603
2017,NonEvent,SPX Jun-28 10% OTM,spx,False,False,2017-11-30,,peak_-22,4.114890081153688,0.0,0.0,-4.114890081153688,2.6809311930658373,2.2010512483574245,0.0,False,False,False,False,13.252314468268603
2017,NonEvent,SPX Jun-28 10% OTM,spx,False,False,2017-11-30,,tiered,4.114890081153688,0.0,0.0,-4.114890081153688,2.6809311930658373,2.2010512483574245,0.0,False,False,False,False,13.252314468268603
2017,NonEvent,SPX Jun-28 10% OTM,spx,False,False,2017-11-30,,IPS,4.114890081153688,1.1961523259977018,130.19002626816714,0.8071452606431677,2.6809311930658373,2.2010512483574245,0.0,False,False,False,False,13.252314468268603
2017,NonEvent,SPX Jun-28 10% OTM,spx,False,False,2017-12-29,,hold,4.001375497403974,0.0,0.0,-4.001375497403974,2.8666731938742664,1.2483574244415243,0.0,False,False,False,False,13.00445600859907
2017,NonEvent,SPX Jun-28 10% OTM,spx,False,False,2017-12-29,,v4_-22,4.001375497403974,0.0,0.0,-4.001375497403974,2.8666731938742664,1.2483574244415243,0.0,False,False,False,False,13.00445600859907
2017,NonEvent,SPX Jun-28 10% OTM,spx,False,False,2017-12-29,,peak_-22,4.001375497403974,0.0,0.0,-4.001375497403974,2.8666731938742664,1.2483574244415243,0.0,False,False,False,False,13.00445600859907
2017,NonEvent,SPX Jun-28 10% OTM,spx,False,False,2017-12-29,,tiered,4.001375497403974,0.9691204017960657,104.04745985395988,-0.12356086762290237,2.8666731938742664,1.2483574244415243,0.0,False,False,False,False,13.00445600859907
2017,NonEvent,SPX Jun-28 10% OTM,spx,False,False,2017-12-29,,IPS,4.001375497403974,1.8194884544901004,195.34533745492217,3.279081022202139,2.8666731938742664,1.2483574244415243,0.0,False,False,False,False,13.00445600859907
2017,NonEvent,QQQ Jun-28 90/65 spread,ndx,False,False,2017-01-31,,hold,3.3867199439008404,0.0,0.0,-3.3867199439008404,1.126502293686964,12.155059132720105,0.0,False,False,False,False,18.012127655039905
2017,NonEvent,QQQ Jun-28 90/65 spread,ndx,False,False,2017-01-31,,v4_-22,3.3867199439008404,0.0,0.0,-3.3867199439008404,1.126502293686964,12.155059132720105,0.0,False,False,False,False,18.012127655039905
2017,NonEvent,QQQ Jun-28 90/65 spread,ndx,False,False,2017-01-31,,peak_-22,3.3867199439008404,0.0,0.0,-3.3867199439008404,1.126502293686964,12.155059132720105,0.0,False,False,False,False,18.012127655039905
2017,NonEvent,QQQ Jun-28 90/65 spread,ndx,False,False,2017-01-31,,tiered,3.3867199439008404,0.0,0.0,-3.3867199439008404,1.126502293686964,12.155059132720105,0.0,False,False,False,False,18.012127655039905
2017,NonEvent,QQQ Jun-28 90/65 spread,ndx,False,False,2017-01-31,,IPS,3.3867199439008404,0.002969963128127403,0.5375366440390387,-3.3766615105421605,1.126502293686964,12.155059132720105,0.0,False,False,False,False,18.012127655039905
2017,NonEvent,QQQ Jun-28 90/65 spread,ndx,False,False,2017-02-28,,hold,3.4088586733371837,0.0,0.0,-3.4088586733371837,1.2457050975294528,11.235216819973719,0.0,False,False,False,False,18.08350345569023
2017,NonEvent,QQQ Jun-28 90/65 spread,ndx,False,False,2017-02-28,,v4_-22,3.4088586733371837,0.0,0.0,-3.4088586733371837,1.2457050975294528,11.235216819973719,0.0,False,False,False,False,18.08350345569023
2017,NonEvent,QQQ Jun-28 90/65 spread,ndx,False,False,2017-02-28,,peak_-22,3.4088586733371837,0.00026888755253387113,0.05095991944812894,-3.4079420736715758,1.2457050975294528,11.235216819973719,0.0,False,False,False,False,18.08350345569023
2017,NonEvent,QQQ Jun-28 90/65 spread,ndx,False,False,2017-02-28,,tiered,3.4088586733371837,0.0,0.0,-3.4088586733371837,1.2457050975294528,11.235216819973719,0.0,False,False,False,False,18.08350345569023
2017,NonEvent,QQQ Jun-28 90/65 spread,ndx,False,False,2017-02-28,,IPS,3.4088586733371837,0.11227940608904882,21.27933939694338,-3.0261140460533817,1.2457050975294528,11.235216819973719,0.0,False,False,False,False,18.08350345569023
2017,NonEvent,QQQ Jun-28 90/65 spread,ndx,False,False,2017-03-31,,hold,3.353376712645995,0.0,0.0,-3.353376712645995,1.3579232723627939,10.21681997371879,0.0,False,False,False,False,17.85127519472293
2017,NonEvent,QQQ Jun-28 90/65 spread,ndx,False,False,2017-03-31,,v4_-22,3.353376712645995,0.0,0.0,-3.353376712645995,1.3579232723627939,10.21681997371879,0.0,False,False,False,False,17.85127519472293
2017,NonEvent,QQQ Jun-28 90/65 spread,ndx,False,False,2017-03-31,,peak_-22,3.353376712645995,0.36535506732276135,69.39424356308805,-2.1282035380386373,1.3579232723627939,10.21681997371879,0.0,False,False,False,False,17.85127519472293
2017,NonEvent,QQQ Jun-28 90/65 spread,ndx,False,False,2017-03-31,,tiered,3.353376712645995,0.0,0.0,-3.353376712645995,1.3579232723627939,10.21681997371879,0.0,False,False,False,False,17.85127519472293
2017,NonEvent,QQQ Jun-28 90/65 spread,ndx,False,False,2017-03-31,,IPS,3.353376712645995,0.029802882253223025,5.660653580411827,-3.253436421328306,1.3579232723627939,10.21681997371879,0.0,False,False,False,False,17.85127519472293
2017,NonEvent,QQQ Jun-28 90/65 spread,ndx,False,False,2017-04-28,,hold,3.3356936932224546,0.0,0.0,-3.3356936932224546,1.4571892906237334,9.296977660972404,0.0,False,False,False,False,17.54600805828074
2017,NonEvent,QQQ Jun-28 90/65 spread,ndx,False,False,2017-04-28,,v4_-22,3.3356936932224546,0.0,0.0,-3.3356936932224546,1.4571892906237334,9.296977660972404,0.0,False,False,False,False,17.54600805828074
2017,NonEvent,QQQ Jun-28 90/65 spread,ndx,False,False,2017-04-28,,peak_-22,3.3356936932224546,0.6733793875455204,130.43760513336298,-1.0895063170408632,1.4571892906237334,9.296977660972404,0.0,False,False,False,False,17.54600805828074
2017,NonEvent,QQQ Jun-28 90/65 spread,ndx,False,False,2017-04-28,,tiered,3.3356936932224546,0.0,0.0,-3.3356936932224546,1.4571892906237334,9.296977660972404,0.0,False,False,False,False,17.54600805828074
2017,NonEvent,QQQ Jun-28 90/65 spread,ndx,False,False,2017-04-28,,IPS,3.3356936932224546,0.2664967674811908,51.62201393293963,-2.4467421066712753,1.4571892906237334,9.296977660972404,0.0,False,False,False,False,17.54600805828074
2017,NonEvent,QQQ Jun-28 90/65 spread,ndx,False,False,2017-05-31,,hold,3.3591355321027856,0.0,0.0,-3.3591355321027856,1.5685851672765685,8.21287779237845,0.0,False,False,False,False,17.475491531154734
2017,NonEvent,QQQ Jun-28 90/65 spread,ndx,False,False,2017-05-31,,v4_-22,3.3591355321027856,0.0,0.0,-3.3591355321027856,1.5685851672765685,8.21287779237845,0.0,False,False,False,False,17.475491531154734
2017,NonEvent,QQQ Jun-28 90/65 spread,ndx,False,False,2017-05-31,,peak_-22,3.3591355321027856,0.9770761054510254,197.96134055958373,-0.07700446871363771,1.5685851672765685,8.21287779237845,0.0,False,False,False,False,17.475491531154734
2017,NonEvent,QQQ Jun-28 90/65 spread,ndx,False,False,2017-05-31,,tiered,3.3591355321027856,0.0,0.0,-3.3591355321027856,1.5685851672765685,8.21287779237845,0.0,False,False,False,False,17.475491531154734
2017,NonEvent,QQQ Jun-28 90/65 spread,ndx,False,False,2017-05-31,,IPS,3.3591355321027856,0.06618223442983372,13.408908247644394,-3.1368204368355745,1.5685851672765685,8.21287779237845,0.0,False,False,False,False,17.475491531154734
2017,NonEvent,QQQ Jun-28 90/65 spread,ndx,False,False,2017-06-30,,hold,3.3643890863642594,0.0,0.0,-3.3643890863642594,1.5387441455261512,7.227332457293035,0.0,False,False,False,False,17.620446141744527
2017,NonEvent,QQQ Jun-28 90/65 spread,ndx,False,False,2017-06-30,,v4_-22,3.3643890863642594,0.0,0.0,-3.3643890863642594,1.5387441455261512,7.227332457293035,0.0,False,False,False,False,17.620446141744527
2017,NonEvent,QQQ Jun-28 90/65 spread,ndx,False,False,2017-06-30,,peak_-22,3.3643890863642594,0.9615585088044085,190.04585552672825,-0.1293321334420157,1.5387441455261512,7.227332457293035,0.0,False,False,False,False,17.620446141744527
2017,NonEvent,QQQ Jun-28 90/65 spread,ndx,False,False,2017-06-30,,tiered,3.3643890863642594,0.0,0.0,-3.3643890863642594,1.5387441455261512,7.227332457293035,0.0,False,False,False,False,17.620446141744527
2017,NonEvent,QQQ Jun-28 90/65 spread,ndx,False,False,2017-06-30,,IPS,3.3643890863642594,0.014888855887989633,2.942686616714989,-3.314297182106257,1.5387441455261512,7.227332457293035,0.0,False,False,False,False,17.620446141744527
2017,NonEvent,QQQ Jun-28 90/65 spread,ndx,False,False,2017-07-31,,hold,3.3225819419695903,0.0,0.0,-3.3225819419695903,1.6728380159826366,6.2089356110381075,0.0,False,False,False,False,17.324337676604433
2017,NonEvent,QQQ Jun-28 90/65 spread,ndx,False,False,2017-07-31,,v4_-22,3.3225819419695903,0.0,0.0,-3.3225819419695903,1.6728380159826366,6.2089356110381075,0.0,False,False,False,False,17.324337676604433
2017,NonEvent,QQQ Jun-28 90/65 spread,ndx,False,False,2017-07-31,,peak_-22,3.3225819419695903,1.1973738742944537,242.86734545404607,0.6557908705473282,1.6728380159826366,6.2089356110381075,0.0,False,False,False,False,17.324337676604433
2017,NonEvent,QQQ Jun-28 90/65 spread,ndx,False,False,2017-07-31,,tiered,3.3225819419695903,0.0,0.0,-3.3225819419695903,1.6728380159826366,6.2089356110381075,0.0,False,False,False,False,17.324337676604433
2017,NonEvent,QQQ Jun-28 90/65 spread,ndx,False,False,2017-07-31,,IPS,3.3225819419695903,0.014267843048427962,2.8939942994568093,-3.2751758643060267,1.6728380159826366,6.2089356110381075,0.0,False,False,False,False,17.324337676604433
2017,NonEvent,QQQ Jun-28 90/65 spread,ndx,False,False,2017-08-31,,hold,3.0999457138949755,0.0,0.0,-3.0999457138949755,1.8633624172323617,5.19053876478318,0.0,False,False,False,False,16.13785232616579
2017,NonEvent,QQQ Jun-28 90/65 spread,ndx,False,False,2017-08-31,,v4_-22,3.0999457138949755,0.0,0.0,-3.0999457138949755,1.8633624172323617,5.19053876478318,0.0,False,False,False,False,16.13785232616579
2017,NonEvent,QQQ Jun-28 90/65 spread,ndx,False,False,2017-08-31,,peak_-22,3.0999457138949755,1.411848474638361,272.04428352863977,1.276707913729371,1.8633624172323617,5.19053876478318,0.0,False,False,False,False,16.13785232616579
2017,NonEvent,QQQ Jun-28 90/65 spread,ndx,False,False,2017-08-31,,tiered,3.0999457138949755,0.0,0.0,-3.0999457138949755,1.8633624172323617,5.19053876478318,0.0,False,False,False,False,16.13785232616579
2017,NonEvent,QQQ Jun-28 90/65 spread,ndx,False,False,2017-08-31,,IPS,3.0999457138949755,1.0498618634860044,202.2943138634266,0.15456907000025602,1.8633624172323617,5.19053876478318,0.0,False,False,False,False,16.13785232616579
2017,NonEvent,QQQ Jun-28 90/65 spread,ndx,False,False,2017-09-29,,hold,3.2775356667436806,0.0,0.0,-3.2775356667436806,1.776225380148816,4.23784494086728,0.0,False,False,False,False,17.177763713515695
2017,NonEvent,QQQ Jun-28 90/65 spread,ndx,False,False,2017-09-29,,v4_-22,3.2775356667436806,0.0,0.0,-3.2775356667436806,1.776225380148816,4.23784494086728,0.0,False,False,False,False,17.177763713515695
2017,NonEvent,QQQ Jun-28 90/65 spread,ndx,False,False,2017-09-29,,peak_-22,3.2775356667436806,1.3456191096197703,273.2791930104571,1.1327789588869914,1.776225380148816,4.23784494086728,0.0,False,False,False,False,17.177763713515695
2017,NonEvent,QQQ Jun-28 90/65 spread,ndx,False,False,2017-09-29,,tiered,3.2775356667436806,0.0,0.0,-3.2775356667436806,1.776225380148816,4.23784494086728,0.0,False,False,False,False,17.177763713515695
2017,NonEvent,QQQ Jun-28 90/65 spread,ndx,False,False,2017-09-29,,IPS,3.2775356667436806,0.05259004229991722,10.680410390551149,-3.105169927390144,1.776225380148816,4.23784494086728,0.0,False,False,False,False,17.177763713515695
2017,NonEvent,QQQ Jun-28 90/65 spread,ndx,False,False,2017-10-31,,hold,3.24771844200948,0.0,0.0,-3.24771844200948,1.915086842851161,3.1865965834428382,-8.959731106583157e-16,False,False,False,False,17.133677263988194
2017,NonEvent,QQQ Jun-28 90/65 spread,ndx,False,False,2017-10-31,,v4_-22,3.24771844200948,0.0,0.0,-3.24771844200948,1.915086842851161,3.1865965834428382,-8.959731106583157e-16,False,False,False,False,17.133677263988194
2017,NonEvent,QQQ Jun-28 90/65 spread,ndx,False,False,2017-10-31,,peak_-22,3.24771844200948,1.579011375138454,331.6913815078848,1.8804659211704264,1.915086842851161,3.1865965834428382,-8.959731106583157e-16,False,False,False,False,17.133677263988194
2017,NonEvent,QQQ Jun-28 90/65 spread,ndx,False,False,2017-10-31,,tiered,3.24771844200948,0.0,0.0,-3.24771844200948,1.915086842851161,3.1865965834428382,-8.959731106583157e-16,False,False,False,False,17.133677263988194
2017,NonEvent,QQQ Jun-28 90/65 spread,ndx,False,False,2017-10-31,,IPS,3.24771844200948,1.113829556759062,233.974036072624,0.3696863507321705,1.915086842851161,3.1865965834428382,-8.959731106583157e-16,False,False,False,False,17.133677263988194
2017,NonEvent,QQQ Jun-28 90/65 spread,ndx,False,False,2017-11-30,,hold,3.2499038460644156,0.0,0.0,-3.2499038460644156,1.96802021673003,2.2010512483574245,0.0,False,False,False,False,17.228008808749184
2017,NonEvent,QQQ Jun-28 90/65 spread,ndx,False,False,2017-11-30,,v4_-22,3.2499038460644156,0.0,0.0,-3.2499038460644156,1.96802021673003,2.2010512483574245,0.0,False,False,False,False,17.228008808749184
2017,NonEvent,QQQ Jun-28 90/65 spread,ndx,False,False,2017-11-30,,peak_-22,3.2499038460644156,1.6634351103651583,355.24720662845425,2.1561003167898978,1.96802021673003,2.2010512483574245,0.0,False,False,False,False,17.228008808749184
2017,NonEvent,QQQ Jun-28 90/65 spread,ndx,False,False,2017-11-30,,tiered,3.2499038460644156,0.0,0.0,-3.2499038460644156,1.96802021673003,2.2010512483574245,0.0,False,False,False,False,17.228008808749184
2017,NonEvent,QQQ Jun-28 90/65 spread,ndx,False,False,2017-11-30,,IPS,3.2499038460644156,1.1587019511791492,247.45517808685184,0.5157660815150438,1.96802021673003,2.2010512483574245,0.0,False,False,False,False,17.228008808749184
2017,NonEvent,QQQ Jun-28 90/65 spread,ndx,False,False,2017-12-29,,hold,3.1850070795900414,0.0,0.0,-3.1850070795900414,2.0311744172704995,1.2483574244415243,0.0,False,False,False,False,16.933220727062082
2017,NonEvent,QQQ Jun-28 90/65 spread,ndx,False,False,2017-12-29,,v4_-22,3.1850070795900414,0.0,0.0,-3.1850070795900414,2.0311744172704995,1.2483574244415243,0.0,False,False,False,False,16.933220727062082
2017,NonEvent,QQQ Jun-28 90/65 spread,ndx,False,False,2017-12-29,,peak_-22,3.1850070795900414,1.717021129305473,360.79388891936344,2.2837173730535776,2.0311744172704995,1.2483574244415243,0.0,False,False,False,False,16.933220727062082
2017,NonEvent,QQQ Jun-28 90/65 spread,ndx,False,False,2017-12-29,,tiered,3.1850070795900414,0.0,0.0,-3.1850070795900414,2.0311744172704995,1.2483574244415243,0.0,False,False,False,False,16.933220727062082
2017,NonEvent,QQQ Jun-28 90/65 spread,ndx,False,False,2017-12-29,,IPS,3.1850070795900414,1.1954698132432287,251.20145328683043,0.6225727390258263,2.0311744172704995,1.2483574244415243,0.0,False,False,False,False,16.933220727062082
2017,NonEvent,SPX Dec-27 seagull 90/70 -125c,spx,True,False,2017-01-31,,hold,1.887410313202101,0.8073068117983611,0.0,-1.887410313202101,0.9757423334864535,0.0657030223390276,0.33796132158425773,False,False,False,False,13.718091253241365
2017,NonEvent,SPX Dec-27 seagull 90/70 -125c,spx,True,False,2017-01-31,,v4_-22,1.887410313202101,0.8073068117983611,0.0,-1.887410313202101,0.9757423334864535,0.0657030223390276,0.33796132158425773,False,False,False,False,13.718091253241365
2017,NonEvent,SPX Dec-27 seagull 90/70 -125c,spx,True,False,2017-01-31,,peak_-22,1.887410313202101,0.8073068117983611,0.0,-1.887410313202101,0.9757423334864535,0.0657030223390276,0.33796132158425773,False,False,False,False,13.718091253241365
2017,NonEvent,SPX Dec-27 seagull 90/70 -125c,spx,True,False,2017-01-31,,tiered,1.887410313202101,0.8073068117983611,0.0,-1.887410313202101,0.9757423334864535,0.0657030223390276,0.33796132158425773,False,False,False,False,13.718091253241365
2017,NonEvent,SPX Dec-27 seagull 90/70 -125c,spx,True,False,2017-01-31,,IPS,1.887410313202101,0.7617601625785033,-10.17528837205291,-2.333535141337705,0.9757423334864535,0.0657030223390276,0.33796132158425773,False,False,False,False,13.718091253241365
2017,NonEvent,SPX Dec-27 seagull 90/70 -125c,spx,True,False,2017-02-28,,hold,1.8997015028025759,0.8058136158345336,0.0,-1.8997015028025759,1.013482386314804,1.445466491458607,0.4734170659940885,False,False,False,False,13.835135578037008
2017,NonEvent,SPX Dec-27 seagull 90/70 -125c,spx,True,False,2017-02-28,,v4_-22,1.8997015028025759,0.8058136158345336,0.0,-1.8997015028025759,1.013482386314804,1.445466491458607,0.4734170659940885,False,False,False,False,13.835135578037008
2017,NonEvent,SPX Dec-27 seagull 90/70 -125c,spx,True,False,2017-02-28,,peak_-22,1.8997015028025759,0.8058136158345336,0.0,-1.8997015028025759,1.013482386314804,1.445466491458607,0.4734170659940885,False,False,False,False,13.835135578037008
2017,NonEvent,SPX Dec-27 seagull 90/70 -125c,spx,True,False,2017-02-28,,tiered,1.8997015028025759,0.8058136158345336,0.0,-1.8997015028025759,1.013482386314804,1.445466491458607,0.4734170659940885,False,False,False,False,13.835135578037008
2017,NonEvent,SPX Dec-27 seagull 90/70 -125c,spx,True,False,2017-02-28,,IPS,1.8997015028025759,0.8070268527278376,0.2804948244845181,-1.8878325555570203,1.013482386314804,1.445466491458607,0.4734170659940885,False,False,False,False,13.835135578037008
2017,NonEvent,SPX Dec-27 seagull 90/70 -125c,spx,True,False,2017-03-31,,hold,1.8665612448711004,0.8094491247624367,0.0,-1.8665612448711004,1.0176564383517634,0.42706964520367935,0.4090451903754122,False,False,False,False,13.633558110613967
2017,NonEvent,SPX Dec-27 seagull 90/70 -125c,spx,True,False,2017-03-31,,v4_-22,1.8665612448711004,0.8094491247624367,0.0,-1.8665612448711004,1.0176564383517634,0.42706964520367935,0.4090451903754122,False,False,False,False,13.633558110613967
2017,NonEvent,SPX Dec-27 seagull 90/70 -125c,spx,True,False,2017-03-31,,peak_-22,1.8665612448711004,0.8094491247624367,0.0,-1.8665612448711004,1.0176564383517634,0.42706964520367935,0.4090451903754122,False,False,False,False,13.633558110613967
2017,NonEvent,SPX Dec-27 seagull 90/70 -125c,spx,True,False,2017-03-31,,tiered,1.8665612448711004,0.8094491247624367,0.0,-1.8665612448711004,1.0176564383517634,0.42706964520367935,0.4090451903754122,False,False,False,False,13.633558110613967
2017,NonEvent,SPX Dec-27 seagull 90/70 -125c,spx,True,False,2017-03-31,,IPS,1.8665612448711004,0.801890151952961,-1.75015506417198,-1.940605962218168,1.0176564383517634,0.42706964520367935,0.4090451903754122,False,False,False,False,13.633558110613967
2017,NonEvent,SPX Dec-27 seagull 90/70 -125c,spx,True,False,2017-04-28,,hold,1.880232707278184,0.808923980476392,0.0,-1.880232707278184,1.0108578776527897,0.6241787122207622,0.40393052960668163,False,False,False,False,13.31007810659324
2017,NonEvent,SPX Dec-27 seagull 90/70 -125c,spx,True,False,2017-04-28,,v4_-22,1.880232707278184,0.808923980476392,0.0,-1.880232707278184,1.0108578776527897,0.6241787122207622,0.40393052960668163,False,False,False,False,13.31007810659324
2017,NonEvent,SPX Dec-27 seagull 90/70 -125c,spx,True,False,2017-04-28,,peak_-22,1.880232707278184,0.808923980476392,0.0,-1.880232707278184,1.0108578776527897,0.6241787122207622,0.40393052960668163,False,False,False,False,13.31007810659324
2017,NonEvent,SPX Dec-27 seagull 90/70 -125c,spx,True,False,2017-04-28,,tiered,1.880232707278184,0.808923980476392,0.0,-1.880232707278184,1.0108578776527897,0.6241787122207622,0.40393052960668163,False,False,False,False,13.31007810659324
2017,NonEvent,SPX Dec-27 seagull 90/70 -125c,spx,True,False,2017-04-28,,IPS,1.880232707278184,0.8009264815848505,-1.8763037762388737,-1.9589299662528492,1.0108578776527897,0.6241787122207622,0.40393052960668163,False,False,False,False,13.31007810659324
2017,NonEvent,SPX Dec-27 seagull 90/70 -125c,spx,True,False,2017-05-31,,hold,1.9161477589487723,0.8056244319342318,0.0,-1.9161477589487723,0.9801203428723602,2.562417871222076,0.4133953373924003,False,False,False,False,13.241586735132154
2017,NonEvent,SPX Dec-27 seagull 90/70 -125c,spx,True,False,2017-05-31,,v4_-22,1.9161477589487723,0.8056244319342318,0.0,-1.9161477589487723,0.9801203428723602,2.562417871222076,0.4133953373924003,False,False,False,False,13.241586735132154
2017,NonEvent,SPX Dec-27 seagull 90/70 -125c,spx,True,False,2017-05-31,,peak_-22,1.9161477589487723,0.8056244319342318,0.0,-1.9161477589487723,0.9801203428723602,2.562417871222076,0.4133953373924003,False,False,False,False,13.241586735132154
2017,NonEvent,SPX Dec-27 seagull 90/70 -125c,spx,True,False,2017-05-31,,tiered,1.9161477589487723,0.8056244319342318,0.0,-1.9161477589487723,0.9801203428723602,2.562417871222076,0.4133953373924003,False,False,False,False,13.241586735132154
2017,NonEvent,SPX Dec-27 seagull 90/70 -125c,spx,True,False,2017-05-31,,IPS,1.9161477589487723,0.7916501252952347,-3.3270741468835996,-2.0539059999439426,0.9801203428723602,2.562417871222076,0.4133953373924003,False,False,False,False,13.241586735132154
2017,NonEvent,SPX Dec-27 seagull 90/70 -125c,spx,True,False,2017-06-30,,hold,1.903176155133995,0.8065176327727644,0.0,-1.903176155133995,0.9878373752821608,1.5768725361366622,0.38002977557488893,False,False,False,False,13.394759165253154
2017,NonEvent,SPX Dec-27 seagull 90/70 -125c,spx,True,False,2017-06-30,,v4_-22,1.903176155133995,0.8065176327727644,0.0,-1.903176155133995,0.9878373752821608,1.5768725361366622,0.38002977557488893,False,False,False,False,13.394759165253154
2017,NonEvent,SPX Dec-27 seagull 90/70 -125c,spx,True,False,2017-06-30,,peak_-22,1.903176155133995,0.8065176327727644,0.0,-1.903176155133995,0.9878373752821608,1.5768725361366622,0.38002977557488893,False,False,False,False,13.394759165253154
2017,NonEvent,SPX Dec-27 seagull 90/70 -125c,spx,True,False,2017-06-30,,tiered,1.903176155133995,0.8065176327727644,0.0,-1.903176155133995,0.9878373752821608,1.5768725361366622,0.38002977557488893,False,False,False,False,13.394759165253154
2017,NonEvent,SPX Dec-27 seagull 90/70 -125c,spx,True,False,2017-06-30,,IPS,1.903176155133995,0.7438811500835667,-14.927533800730936,-2.5192956599958523,0.9878373752821608,1.5768725361366622,0.38002977557488893,False,False,False,False,13.394759165253154
2017,NonEvent,SPX Dec-27 seagull 90/70 -125c,spx,True,False,2017-07-31,,hold,1.8992018309197467,0.8073862640886631,0.0,-1.8992018309197467,1.0216832878471345,0.5584756898817346,0.4376419899969154,False,False,False,False,13.18075701424152
2017,NonEvent,SPX Dec-27 seagull 90/70 -125c,spx,True,False,2017-07-31,,v4_-22,1.8992018309197467,0.8073862640886631,0.0,-1.8992018309197467,1.0216832878471345,0.5584756898817346,0.4376419899969154,False,False,False,False,13.18075701424152
2017,NonEvent,SPX Dec-27 seagull 90/70 -125c,spx,True,False,2017-07-31,,peak_-22,1.8992018309197467,0.8073862640886631,0.0,-1.8992018309197467,1.0216832878471345,0.5584756898817346,0.4376419899969154,False,False,False,False,13.18075701424152
2017,NonEvent,SPX Dec-27 seagull 90/70 -125c,spx,True,False,2017-07-31,,tiered,1.8992018309197467,0.8073862640886631,0.0,-1.8992018309197467,1.0216832878471345,0.5584756898817346,0.4376419899969154,False,False,False,False,13.18075701424152
2017,NonEvent,SPX Dec-27 seagull 90/70 -125c,spx,True,False,2017-07-31,,IPS,1.8992018309197467,0.7774629878057148,-7.285676315934481,-2.194250057022649,1.0216832878471345,0.5584756898817346,0.4376419899969154,False,False,False,False,13.18075701424152
2017,NonEvent,SPX Dec-27 seagull 90/70 -125c,spx,True,False,2017-08-31,,hold,1.8434776694437747,0.8142428784127611,0.0,-1.8434776694437747,0.993954621686624,0.2628120893561104,0.40583595910649883,False,False,False,False,12.40744308295198
2017,NonEvent,SPX Dec-27 seagull 90/70 -125c,spx,True,False,2017-08-31,,v4_-22,1.8434776694437747,0.8142428784127611,0.0,-1.8434776694437747,0.993954621686624,0.2628120893561104,0.40583595910649883,False,False,False,False,12.40744308295198
2017,NonEvent,SPX Dec-27 seagull 90/70 -125c,spx,True,False,2017-08-31,,peak_-22,1.8434776694437747,0.8142428784127611,0.0,-1.8434776694437747,0.993954621686624,0.2628120893561104,0.40583595910649883,False,False,False,False,12.40744308295198
2017,NonEvent,SPX Dec-27 seagull 90/70 -125c,spx,True,False,2017-08-31,,tiered,1.8434776694437747,0.8142428784127611,0.0,-1.8434776694437747,0.993954621686624,0.2628120893561104,0.40583595910649883,False,False,False,False,12.40744308295198
2017,NonEvent,SPX Dec-27 seagull 90/70 -125c,spx,True,False,2017-08-31,,IPS,1.8434776694437747,0.8251261109935297,2.6695856610859208,-1.7354710634919948,0.993954621686624,0.2628120893561104,0.40583595910649883,False,False,False,False,12.40744308295198
2017,NonEvent,SPX Dec-27 seagull 90/70 -125c,spx,True,False,2017-09-29,,hold,1.8667047198850601,0.8109897618777031,0.0,-1.8667047198850601,1.0427269225871727,14.848883048620236,0.4647761254481716,False,False,False,False,12.961022301279243
2017,NonEvent,SPX Dec-27 seagull 90/70 -125c,spx,True,False,2017-09-29,,v4_-22,1.8667047198850601,0.8109897618777031,0.0,-1.8667047198850601,1.0427269225871727,14.848883048620236,0.4647761254481716,False,False,False,False,12.961022301279243
2017,NonEvent,SPX Dec-27 seagull 90/70 -125c,spx,True,False,2017-09-29,,peak_-22,1.8667047198850601,0.8109897618777031,0.0,-1.8667047198850601,1.0427269225871727,14.848883048620236,0.4647761254481716,False,False,False,False,12.961022301279243
2017,NonEvent,SPX Dec-27 seagull 90/70 -125c,spx,True,False,2017-09-29,,tiered,1.8667047198850601,0.8109897618777031,0.0,-1.8667047198850601,1.0427269225871727,14.848883048620236,0.4647761254481716,False,False,False,False,12.961022301279243
2017,NonEvent,SPX Dec-27 seagull 90/70 -125c,spx,True,False,2017-09-29,,IPS,1.8667047198850601,0.8274243674624187,4.09053387990011,-1.7043931111636983,1.0427269225871727,14.848883048620236,0.4647761254481716,False,False,False,False,12.961022301279243
2017,NonEvent,SPX Dec-27 seagull 90/70 -125c,spx,True,False,2017-10-31,,hold,1.8431663708194068,0.8132965068578757,0.0,-1.8431663708194068,1.1645899700646587,13.797634691195794,0.5388000575913976,False,False,False,False,12.96919138497141
2017,NonEvent,SPX Dec-27 seagull 90/70 -125c,spx,True,False,2017-10-31,,v4_-22,1.8431663708194068,0.8132965068578757,0.0,-1.8431663708194068,1.1645899700646587,13.797634691195794,0.5388000575913976,False,False,False,False,12.96919138497141
2017,NonEvent,SPX Dec-27 seagull 90/70 -125c,spx,True,False,2017-10-31,,peak_-22,1.8431663708194068,0.8132965068578757,0.0,-1.8431663708194068,1.1645899700646587,13.797634691195794,0.5388000575913976,False,False,False,False,12.96919138497141
2017,NonEvent,SPX Dec-27 seagull 90/70 -125c,spx,True,False,2017-10-31,,tiered,1.8431663708194068,0.8132965068578757,0.0,-1.8431663708194068,1.1645899700646587,13.797634691195794,0.5388000575913976,False,False,False,False,12.96919138497141
2017,NonEvent,SPX Dec-27 seagull 90/70 -125c,spx,True,False,2017-10-31,,IPS,1.8431663708194068,1.0182371800063603,52.09010025096214,0.18004032126338043,1.1645899700646587,13.797634691195794,0.5388000575913976,False,False,False,False,12.96919138497141
2017,NonEvent,SPX Dec-27 seagull 90/70 -125c,spx,True,False,2017-11-30,,hold,1.8334704041192347,0.8139292144611905,0.0,-1.8334704041192347,1.271943080274639,12.81208935611038,0.6363224261173721,False,False,False,False,13.108089706738982
2017,NonEvent,SPX Dec-27 seagull 90/70 -125c,spx,True,False,2017-11-30,,v4_-22,1.8334704041192347,0.8139292144611905,0.0,-1.8334704041192347,1.271943080274639,12.81208935611038,0.6363224261173721,False,False,False,False,13.108089706738982
2017,NonEvent,SPX Dec-27 seagull 90/70 -125c,spx,True,False,2017-11-30,,peak_-22,1.8334704041192347,0.8139292144611905,0.0,-1.8334704041192347,1.271943080274639,12.81208935611038,0.6363224261173721,False,False,False,False,13.108089706738982
2017,NonEvent,SPX Dec-27 seagull 90/70 -125c,spx,True,False,2017-11-30,,tiered,1.8334704041192347,0.8139292144611905,0.0,-1.8334704041192347,1.271943080274639,12.81208935611038,0.6363224261173721,False,False,False,False,13.108089706738982
2017,NonEvent,SPX Dec-27 seagull 90/70 -125c,spx,True,False,2017-11-30,,IPS,1.8334704041192347,1.0754784834280589,68.16826023692124,0.7437361276915012,1.271943080274639,12.81208935611038,0.6363224261173721,False,False,False,False,13.108089706738982
2017,NonEvent,SPX Dec-27 seagull 90/70 -125c,spx,True,False,2017-12-29,,hold,1.80492808755162,0.8171745445574855,0.0,-1.80492808755162,1.3322945416101357,11.85939553219448,0.6740887756139902,False,False,False,False,12.86096824451876
2017,NonEvent,SPX Dec-27 seagull 90/70 -125c,spx,True,False,2017-12-29,,v4_-22,1.80492808755162,0.8171745445574855,0.0,-1.80492808755162,1.3322945416101357,11.85939553219448,0.6740887756139902,False,False,False,False,12.86096824451876
2017,NonEvent,SPX Dec-27 seagull 90/70 -125c,spx,True,False,2017-12-29,,peak_-22,1.80492808755162,0.8171745445574855,0.0,-1.80492808755162,1.3322945416101357,11.85939553219448,0.6740887756139902,False,False,False,False,12.86096824451876
2017,NonEvent,SPX Dec-27 seagull 90/70 -125c,spx,True,False,2017-12-29,,tiered,1.80492808755162,1.0747345430838107,68.22540000085792,0.7378101457251383,1.3322945416101357,11.85939553219448,0.6740887756139902,False,False,False,False,12.86096824451876
2017,NonEvent,SPX Dec-27 seagull 90/70 -125c,spx,True,False,2017-12-29,,IPS,1.80492808755162,1.18229949131454,96.71841778740293,1.799735553364693,1.3322945416101357,11.85939553219448,0.6740887756139902,False,False,False,False,12.86096824451876
2017,NonEvent,QQQ Dec-27 seagull 90/65 -135c,ndx,True,False,2017-01-31,,hold,2.6762016791259287,0.0,0.0,-2.6762016791259287,0.8691588785046728,0.0,-2.8586797070895527,False,False,False,False,17.833518629213778
2017,NonEvent,QQQ Dec-27 seagull 90/65 -135c,ndx,True,False,2017-01-31,,v4_-22,2.6762016791259287,0.0,0.0,-2.6762016791259287,0.8691588785046728,0.0,-2.8586797070895527,False,False,False,False,17.833518629213778
2017,NonEvent,QQQ Dec-27 seagull 90/65 -135c,ndx,True,False,2017-01-31,,peak_-22,2.6762016791259287,0.0,0.0,-2.6762016791259287,0.8691588785046728,0.0,-2.8586797070895527,False,False,False,False,17.833518629213778
2017,NonEvent,QQQ Dec-27 seagull 90/65 -135c,ndx,True,False,2017-01-31,,tiered,2.6762016791259287,0.0,0.0,-2.6762016791259287,0.8691588785046728,0.0,-2.8586797070895527,False,False,False,False,17.833518629213778
2017,NonEvent,QQQ Dec-27 seagull 90/65 -135c,ndx,True,False,2017-01-31,,IPS,2.6762016791259287,-0.4904106381454656,-70.13849682095763,-3.988639452392042,0.8691588785046728,0.0,-2.8586797070895527,False,False,False,False,17.833518629213778
2017,NonEvent,QQQ Dec-27 seagull 90/65 -135c,ndx,True,False,2017-02-28,,hold,2.6953796506040377,0.0,0.0,-2.6953796506040377,0.9231822241393888,1.445466491458607,-2.261074112800313,False,False,False,False,17.98567625144811
2017,NonEvent,QQQ Dec-27 seagull 90/65 -135c,ndx,True,False,2017-02-28,,v4_-22,2.6953796506040377,0.0,0.0,-2.6953796506040377,0.9231822241393888,1.445466491458607,-2.261074112800313,False,False,False,False,17.98567625144811
2017,NonEvent,QQQ Dec-27 seagull 90/65 -135c,ndx,True,False,2017-02-28,,peak_-22,2.6953796506040377,0.0,0.0,-2.6953796506040377,0.9231822241393888,1.445466491458607,-2.261074112800313,False,False,False,False,17.98567625144811
2017,NonEvent,QQQ Dec-27 seagull 90/65 -135c,ndx,True,False,2017-02-28,,tiered,2.6953796506040377,0.0,0.0,-2.6953796506040377,0.9231822241393888,1.445466491458607,-2.261074112800313,False,False,False,False,17.98567625144811
2017,NonEvent,QQQ Dec-27 seagull 90/65 -135c,ndx,True,False,2017-02-28,,IPS,2.6953796506040377,-0.10637255700319703,-15.940376783682996,-2.982094076133173,0.9231822241393888,1.445466491458607,-2.261074112800313,False,False,False,False,17.98567625144811
2017,NonEvent,QQQ Dec-27 seagull 90/65 -135c,ndx,True,False,2017-03-31,,hold,2.66360413007701,0.0,0.0,-2.66360413007701,1.060415471707732,0.42706964520367935,-2.2413817872589523,False,False,False,False,17.718581937616275
2017,NonEvent,QQQ Dec-27 seagull 90/65 -135c,ndx,True,False,2017-03-31,,v4_-22,2.66360413007701,0.0,0.0,-2.66360413007701,1.060415471707732,0.42706964520367935,-2.2413817872589523,False,False,False,False,17.718581937616275
2017,NonEvent,QQQ Dec-27 seagull 90/65 -135c,ndx,True,False,2017-03-31,,peak_-22,2.66360413007701,0.0,0.0,-2.66360413007701,1.060415471707732,0.42706964520367935,-2.2413817872589523,False,False,False,False,17.718581937616275
2017,NonEvent,QQQ Dec-27 seagull 90/65 -135c,ndx,True,False,2017-03-31,,tiered,2.66360413007701,0.0,0.0,-2.66360413007701,1.060415471707732,0.42706964520367935,-2.2413817872589523,False,False,False,False,17.718581937616275
2017,NonEvent,QQQ Dec-27 seagull 90/65 -135c,ndx,True,False,2017-03-31,,IPS,2.66360413007701,-0.41003126917360366,-61.86038575443538,-3.7557651121085387,1.060415471707732,0.42706964520367935,-2.2413817872589523,False,False,False,False,17.718581937616275
2017,NonEvent,QQQ Dec-27 seagull 90/65 -135c,ndx,True,False,2017-04-28,,hold,2.680183524518047,0.0,0.0,-2.680183524518047,0.9493972998400373,0.6241787122207622,-1.9559955665393494,False,False,False,False,17.297933476442633
2017,NonEvent,QQQ Dec-27 seagull 90/65 -135c,ndx,True,False,2017-04-28,,v4_-22,2.680183524518047,0.0,0.0,-2.680183524518047,0.9493972998400373,0.6241787122207622,-1.9559955665393494,False,False,False,False,17.297933476442633
2017,NonEvent,QQQ Dec-27 seagull 90/65 -135c,ndx,True,False,2017-04-28,,peak_-22,2.680183524518047,0.0,0.0,-2.680183524518047,0.9493972998400373,0.6241787122207622,-1.9559955665393494,False,False,False,False,17.297933476442633
2017,NonEvent,QQQ Dec-27 seagull 90/65 -135c,ndx,True,False,2017-04-28,,tiered,2.680183524518047,0.0,0.0,-2.680183524518047,0.9493972998400373,0.6241787122207622,-1.9559955665393494,False,False,False,False,17.297933476442633
2017,NonEvent,QQQ Dec-27 seagull 90/65 -135c,ndx,True,False,2017-04-28,,IPS,2.680183524518047,-0.30467906884197093,-47.42026614844759,-3.496779345093797,0.9493972998400373,0.6241787122207622,-1.9559955665393494,False,False,False,False,17.297933476442633
2017,NonEvent,QQQ Dec-27 seagull 90/65 -135c,ndx,True,False,2017-05-31,,hold,2.7148108697648112,0.0,0.0,-2.7148108697648112,1.067058452473783,1.1169513797634691,-1.4301456997672353,False,False,False,False,17.198462521071107
2017,NonEvent,QQQ Dec-27 seagull 90/65 -135c,ndx,True,False,2017-05-31,,v4_-22,2.7148108697648112,0.0,0.0,-2.7148108697648112,1.067058452473783,1.1169513797634691,-1.4301456997672353,False,False,False,False,17.198462521071107
2017,NonEvent,QQQ Dec-27 seagull 90/65 -135c,ndx,True,False,2017-05-31,,peak_-22,2.7148108697648112,0.0,0.0,-2.7148108697648112,1.067058452473783,1.1169513797634691,-1.4301456997672353,False,False,False,False,17.198462521071107
2017,NonEvent,QQQ Dec-27 seagull 90/65 -135c,ndx,True,False,2017-05-31,,tiered,2.7148108697648112,0.0,0.0,-2.7148108697648112,1.067058452473783,1.1169513797634691,-1.4301456997672353,False,False,False,False,17.198462521071107
2017,NonEvent,QQQ Dec-27 seagull 90/65 -135c,ndx,True,False,2017-05-31,,IPS,2.7148108697648112,-0.09637573421312129,-15.780899194333205,-2.976452760588157,1.067058452473783,1.1169513797634691,-1.4301456997672353,False,False,False,False,17.198462521071107
2017,NonEvent,QQQ Dec-27 seagull 90/65 -135c,ndx,True,False,2017-06-30,,hold,2.706692463740466,0.0,0.0,-2.706692463740466,0.9411584146570667,0.1314060446780552,-2.2657352773653026,False,False,False,False,17.39776523186975
2017,NonEvent,QQQ Dec-27 seagull 90/65 -135c,ndx,True,False,2017-06-30,,v4_-22,2.706692463740466,0.0,0.0,-2.706692463740466,0.9411584146570667,0.1314060446780552,-2.2657352773653026,False,False,False,False,17.39776523186975
2017,NonEvent,QQQ Dec-27 seagull 90/65 -135c,ndx,True,False,2017-06-30,,peak_-22,2.706692463740466,0.0,0.0,-2.706692463740466,0.9411584146570667,0.1314060446780552,-2.2657352773653026,False,False,False,False,17.39776523186975
2017,NonEvent,QQQ Dec-27 seagull 90/65 -135c,ndx,True,False,2017-06-30,,tiered,2.706692463740466,0.0,0.0,-2.706692463740466,0.9411584146570667,0.1314060446780552,-2.2657352773653026,False,False,False,False,17.39776523186975
2017,NonEvent,QQQ Dec-27 seagull 90/65 -135c,ndx,True,False,2017-06-30,,IPS,2.706692463740466,-1.090331798842492,-173.3700459116343,-5.657885326644024,0.9411584146570667,0.1314060446780552,-2.2657352773653026,False,False,False,False,17.39776523186975
2017,NonEvent,QQQ Dec-27 seagull 90/65 -135c,ndx,True,False,2017-07-31,,hold,2.6913049080920683,0.0,0.0,-2.6913049080920683,1.084929029343998,0.328515111695138,-1.6949780245205028,False,False,False,False,17.01093838736772
2017,NonEvent,QQQ Dec-27 seagull 90/65 -135c,ndx,True,False,2017-07-31,,v4_-22,2.6913049080920683,0.0,0.0,-2.6913049080920683,1.084929029343998,0.328515111695138,-1.6949780245205028,False,False,False,False,17.01093838736772
2017,NonEvent,QQQ Dec-27 seagull 90/65 -135c,ndx,True,False,2017-07-31,,peak_-22,2.6913049080920683,0.0,0.0,-2.6913049080920683,1.084929029343998,0.328515111695138,-1.6949780245205028,False,False,False,False,17.01093838736772
2017,NonEvent,QQQ Dec-27 seagull 90/65 -135c,ndx,True,False,2017-07-31,,tiered,2.6913049080920683,0.0,0.0,-2.6913049080920683,1.084929029343998,0.328515111695138,-1.6949780245205028,False,False,False,False,17.01093838736772
2017,NonEvent,QQQ Dec-27 seagull 90/65 -135c,ndx,True,False,2017-07-31,,IPS,2.6913049080920683,-0.3304007787380634,-54.28347146715288,-3.58051414554726,1.084929029343998,0.328515111695138,-1.6949780245205028,False,False,False,False,17.01093838736772
2017,NonEvent,QQQ Dec-27 seagull 90/65 -135c,ndx,True,False,2017-08-31,,hold,2.5654614442016896,0.0,0.0,-2.5654614442016896,1.0282887292799734,0.2628120893561104,-1.631213700294036,False,False,False,False,15.72654325267078
2017,NonEvent,QQQ Dec-27 seagull 90/65 -135c,ndx,True,False,2017-08-31,,v4_-22,2.5654614442016896,0.0,0.0,-2.5654614442016896,1.0282887292799734,0.2628120893561104,-1.631213700294036,False,False,False,False,15.72654325267078
2017,NonEvent,QQQ Dec-27 seagull 90/65 -135c,ndx,True,False,2017-08-31,,peak_-22,2.5654614442016896,0.15571182087883817,24.830444976171748,-2.165988771330591,1.0282887292799734,0.2628120893561104,-1.631213700294036,False,False,False,False,15.72654325267078
2017,NonEvent,QQQ Dec-27 seagull 90/65 -135c,ndx,True,False,2017-08-31,,tiered,2.5654614442016896,0.0,0.0,-2.5654614442016896,1.0282887292799734,0.2628120893561104,-1.631213700294036,False,False,False,False,15.72654325267078
2017,NonEvent,QQQ Dec-27 seagull 90/65 -135c,ndx,True,False,2017-08-31,,IPS,2.5654614442016896,0.06919593603708885,11.034267486221,-2.387941938203092,1.0282887292799734,0.2628120893561104,-1.631213700294036,False,False,False,False,15.72654325267078
2017,NonEvent,QQQ Dec-27 seagull 90/65 -135c,ndx,True,False,2017-09-29,,hold,2.662079212476823,0.0,0.0,-2.662079212476823,0.8691588785046727,0.0,-1.8551755409911865,False,False,False,False,16.84932899166301
2017,NonEvent,QQQ Dec-27 seagull 90/65 -135c,ndx,True,False,2017-09-29,,v4_-22,2.662079212476823,0.0,0.0,-2.662079212476823,0.8691588785046727,0.0,-1.8551755409911865,False,False,False,False,16.84932899166301
2017,NonEvent,QQQ Dec-27 seagull 90/65 -135c,ndx,True,False,2017-09-29,,peak_-22,2.662079212476823,0.8612586766379406,142.06646636377633,-0.36934039283366327,0.8691588785046727,0.0,-1.8551755409911865,False,False,False,False,16.84932899166301
2017,NonEvent,QQQ Dec-27 seagull 90/65 -135c,ndx,True,False,2017-09-29,,tiered,2.662079212476823,0.0,0.0,-2.662079212476823,0.8691588785046727,0.0,-1.8551755409911865,False,False,False,False,16.84932899166301
2017,NonEvent,QQQ Dec-27 seagull 90/65 -135c,ndx,True,False,2017-09-29,,IPS,2.662079212476823,0.07934831220097849,13.088674322942834,-2.450847720021477,0.8691588785046727,0.0,-1.8551755409911865,False,False,False,False,16.84932899166301
2017,NonEvent,QQQ Dec-27 seagull 90/65 -135c,ndx,True,False,2017-10-31,,hold,2.6397322847227978,0.0,0.0,-2.6397322847227978,1.5296924134288257,13.797634691195794,-1.185765399911741,False,False,False,False,16.859948800462835
2017,NonEvent,QQQ Dec-27 seagull 90/65 -135c,ndx,True,False,2017-10-31,,v4_-22,2.6397322847227978,0.0,0.0,-2.6397322847227978,1.5296924134288257,13.797634691195794,-1.185765399911741,False,False,False,False,16.859948800462835
2017,NonEvent,QQQ Dec-27 seagull 90/65 -135c,ndx,True,False,2017-10-31,,peak_-22,2.6397322847227978,1.5296924134288257,261.1767743774844,1.3982461647008064,1.5296924134288257,13.797634691195794,-1.185765399911741,False,False,False,False,16.859948800462835
2017,NonEvent,QQQ Dec-27 seagull 90/65 -135c,ndx,True,False,2017-10-31,,tiered,2.6397322847227978,0.0,0.0,-2.6397322847227978,1.5296924134288257,13.797634691195794,-1.185765399911741,False,False,False,False,16.859948800462835
2017,NonEvent,QQQ Dec-27 seagull 90/65 -135c,ndx,True,False,2017-10-31,,IPS,2.6397322847227978,0.7079554935987433,120.87497499348929,-0.770919312123331,1.5296924134288257,13.797634691195794,-1.185765399911741,False,False,False,False,16.859948800462835
2017,NonEvent,QQQ Dec-27 seagull 90/65 -135c,ndx,True,False,2017-11-30,,hold,2.6404287905742536,0.0,0.0,-2.6404287905742536,1.8189927870088485,12.81208935611038,-1.0658115635974483,False,False,False,False,17.04051661876068
2017,NonEvent,QQQ Dec-27 seagull 90/65 -135c,ndx,True,False,2017-11-30,,v4_-22,2.6404287905742536,0.0,0.0,-2.6404287905742536,1.8189927870088485,12.81208935611038,-1.0658115635974483,False,False,False,False,17.04051661876068
2017,NonEvent,QQQ Dec-27 seagull 90/65 -135c,ndx,True,False,2017-11-30,,peak_-22,2.6404287905742536,1.8189927870088485,315.61652391398604,2.1624921340908108,1.8189927870088485,12.81208935611038,-1.0658115635974483,False,False,False,False,17.04051661876068
2017,NonEvent,QQQ Dec-27 seagull 90/65 -135c,ndx,True,False,2017-11-30,,tiered,2.6404287905742536,0.0,0.0,-2.6404287905742536,1.8189927870088485,12.81208935611038,-1.0658115635974483,False,False,False,False,17.04051661876068
2017,NonEvent,QQQ Dec-27 seagull 90/65 -135c,ndx,True,False,2017-11-30,,IPS,2.6404287905742536,0.2868019414066896,49.76349133709992,-1.88314868729144,1.8189927870088485,12.81208935611038,-1.0658115635974483,False,False,False,False,17.04051661876068
2017,NonEvent,QQQ Dec-27 seagull 90/65 -135c,ndx,True,False,2017-12-29,,hold,2.6089611803074257,0.0,0.0,-2.6089611803074257,1.9475821813876144,11.85939553219448,-1.1895896253076743,False,False,False,False,16.744814683915454
2017,NonEvent,QQQ Dec-27 seagull 90/65 -135c,ndx,True,False,2017-12-29,,v4_-22,2.6089611803074257,0.0,0.0,-2.6089611803074257,1.9475821813876144,11.85939553219448,-1.1895896253076743,False,False,False,False,16.744814683915454
2017,NonEvent,QQQ Dec-27 seagull 90/65 -135c,ndx,True,False,2017-12-29,,peak_-22,2.6089611803074257,1.9475821813876144,335.2251092398101,2.4722051263913154,1.9475821813876144,11.85939553219448,-1.1895896253076743,False,False,False,False,16.744814683915454
2017,NonEvent,QQQ Dec-27 seagull 90/65 -135c,ndx,True,False,2017-12-29,,tiered,2.6089611803074257,0.0,0.0,-2.6089611803074257,1.9475821813876144,11.85939553219448,-1.1895896253076743,False,False,False,False,16.744814683915454
2017,NonEvent,QQQ Dec-27 seagull 90/65 -135c,ndx,True,False,2017-12-29,,IPS,2.6089611803074257,1.1310436953909397,194.67945946819367,0.341887914198993,1.9475821813876144,11.85939553219448,-1.1895896253076743,False,False,False,False,16.744814683915454
2017,NonEvent,SPX Mar-27 seagull 90/75 -115c,spx,True,False,2017-01-31,,hold,0.8968613757661557,0.9547705407759881,0.0,-0.8968613757661557,0.9946800382164735,0.0657030223390276,0.9512015064706913,False,False,False,False,13.222653319044941
2017,NonEvent,SPX Mar-27 seagull 90/75 -115c,spx,True,False,2017-01-31,,v4_-22,0.8968613757661557,0.9547705407759881,0.0,-0.8968613757661557,0.9946800382164735,0.0657030223390276,0.9512015064706913,False,False,False,False,13.222653319044941
2017,NonEvent,SPX Mar-27 seagull 90/75 -115c,spx,True,False,2017-01-31,,peak_-22,0.8968613757661557,0.9547705407759881,0.0,-0.8968613757661557,0.9946800382164735,0.0657030223390276,0.9512015064706913,False,False,False,False,13.222653319044941
2017,NonEvent,SPX Mar-27 seagull 90/75 -115c,spx,True,False,2017-01-31,,tiered,0.8968613757661557,0.9547705407759881,0.0,-0.8968613757661557,0.9946800382164735,0.0657030223390276,0.9512015064706913,False,False,False,False,13.222653319044941
2017,NonEvent,SPX Mar-27 seagull 90/75 -115c,spx,True,False,2017-01-31,,IPS,0.8968613757661557,0.9551417670230203,0.16789313291011432,-0.8895002777484922,0.9946800382164735,0.0657030223390276,0.9512015064706913,False,False,False,False,13.222653319044941
2017,NonEvent,SPX Mar-27 seagull 90/75 -115c,spx,True,False,2017-02-28,,hold,0.9120444119946884,0.9539379386312224,0.0,-0.9120444119946884,1.0076259243083907,1.445466491458607,0.9539379386312224,False,False,False,False,13.566678020946977
2017,NonEvent,SPX Mar-27 seagull 90/75 -115c,spx,True,False,2017-02-28,,v4_-22,0.9120444119946884,0.9539379386312224,0.0,-0.9120444119946884,1.0076259243083907,1.445466491458607,0.9539379386312224,False,False,False,False,13.566678020946977
2017,NonEvent,SPX Mar-27 seagull 90/75 -115c,spx,True,False,2017-02-28,,peak_-22,0.9120444119946884,0.9539379386312224,0.0,-0.9120444119946884,1.0076259243083907,1.445466491458607,0.9539379386312224,False,False,False,False,13.566678020946977
2017,NonEvent,SPX Mar-27 seagull 90/75 -115c,spx,True,False,2017-02-28,,tiered,0.9120444119946884,0.9539379386312224,0.0,-0.9120444119946884,1.0076259243083907,1.445466491458607,0.9539379386312224,False,False,False,False,13.566678020946977
2017,NonEvent,SPX Mar-27 seagull 90/75 -115c,spx,True,False,2017-02-28,,IPS,0.9120444119946884,0.955762715295729,0.8538763569527651,-0.8759132161570309,1.0076259243083907,1.445466491458607,0.9539379386312224,False,False,False,False,13.566678020946977
2017,NonEvent,SPX Mar-27 seagull 90/75 -115c,spx,True,False,2017-03-31,,hold,0.8948429174565661,0.9548457795523703,0.0,-0.8948429174565661,1.0110137878585952,0.42706964520367935,0.9548456717296924,False,False,False,False,13.266583707229755
2017,NonEvent,SPX Mar-27 seagull 90/75 -115c,spx,True,False,2017-03-31,,v4_-22,0.8948429174565661,0.9548457795523703,0.0,-0.8948429174565661,1.0110137878585952,0.42706964520367935,0.9548456717296924,False,False,False,False,13.266583707229755
2017,NonEvent,SPX Mar-27 seagull 90/75 -115c,spx,True,False,2017-03-31,,peak_-22,0.8948429174565661,0.9548457795523703,0.0,-0.8948429174565661,1.0110137878585952,0.42706964520367935,0.9548456717296924,False,False,False,False,13.266583707229755
2017,NonEvent,SPX Mar-27 seagull 90/75 -115c,spx,True,False,2017-03-31,,tiered,0.8948429174565661,0.9548457795523703,0.0,-0.8948429174565661,1.0110137878585952,0.42706964520367935,0.9548456717296924,False,False,False,False,13.266583707229755
2017,NonEvent,SPX Mar-27 seagull 90/75 -115c,spx,True,False,2017-03-31,,IPS,0.8948429174565661,0.958658037901042,1.7857194529942864,-0.8192935590797537,1.0110137878585952,0.42706964520367935,0.9548456717296924,False,False,False,False,13.266583707229755
2017,NonEvent,SPX Mar-27 seagull 90/75 -115c,spx,True,False,2017-04-28,,hold,0.879286856799267,0.955755780753649,0.0,-0.879286856799267,1.0082338784341327,0.6241787122207622,0.9554532825647452,False,False,False,False,12.613715424505395
2017,NonEvent,SPX Mar-27 seagull 90/75 -115c,spx,True,False,2017-04-28,,v4_-22,0.879286856799267,0.955755780753649,0.0,-0.879286856799267,1.0082338784341327,0.6241787122207622,0.9554532825647452,False,False,False,False,12.613715424505395
2017,NonEvent,SPX Mar-27 seagull 90/75 -115c,spx,True,False,2017-04-28,,peak_-22,0.879286856799267,0.955755780753649,0.0,-0.879286856799267,1.0082338784341327,0.6241787122207622,0.9554532825647452,False,False,False,False,12.613715424505395
2017,NonEvent,SPX Mar-27 seagull 90/75 -115c,spx,True,False,2017-04-28,,tiered,0.879286856799267,0.955755780753649,0.0,-0.879286856799267,1.0082338784341327,0.6241787122207622,0.9554532825647452,False,False,False,False,12.613715424505395
2017,NonEvent,SPX Mar-27 seagull 90/75 -115c,spx,True,False,2017-04-28,,IPS,0.879286856799267,0.956459004306386,0.3332046091057035,-0.8653113536070776,1.0082338784341327,0.6241787122207622,0.9554532825647452,False,False,False,False,12.613715424505395
2017,NonEvent,SPX Mar-27 seagull 90/75 -115c,spx,True,False,2017-05-31,,hold,0.8860305840028335,0.9554517209198495,-1.458674772601698e-06,-0.8860306443995851,0.9941712536017859,0.0,0.9524623378472493,False,False,False,False,12.45867100663009
2017,NonEvent,SPX Mar-27 seagull 90/75 -115c,spx,True,False,2017-05-31,,v4_-22,0.8860305840028335,0.9554517209198495,-1.458674772601698e-06,-0.8860306443995851,0.9941712536017859,0.0,0.9524623378472493,False,False,False,False,12.45867100663009
2017,NonEvent,SPX Mar-27 seagull 90/75 -115c,spx,True,False,2017-05-31,,peak_-22,0.8860305840028335,0.9554517209198495,-1.458674772601698e-06,-0.8860306443995851,0.9941712536017859,0.0,0.9524623378472493,False,False,False,False,12.45867100663009
2017,NonEvent,SPX Mar-27 seagull 90/75 -115c,spx,True,False,2017-05-31,,tiered,0.8860305840028335,0.9554517209198495,-1.458674772601698e-06,-0.8860306443995851,0.9941712536017859,0.0,0.9524623378472493,False,False,False,False,12.45867100663009
2017,NonEvent,SPX Mar-27 seagull 90/75 -115c,spx,True,False,2017-05-31,,IPS,0.8860305840028335,0.955328943015656,-0.058978491301887565,-0.8884726014811356,0.9941712536017859,0.0,0.9524623378472493,False,False,False,False,12.45867100663009
2017,NonEvent,SPX Mar-27 seagull 90/75 -115c,spx,True,False,2017-06-30,,hold,0.893760956957156,0.8308837024137077,-59.73889898990046,-3.359426173863094,0.9984212620320598,0.19710906701708278,0.7753750529190115,False,False,False,False,12.769780745895495
2017,NonEvent,SPX Mar-27 seagull 90/75 -115c,spx,True,False,2017-06-30,,v4_-22,0.893760956957156,0.8308837024137077,-59.73889898990046,-3.359426173863094,0.9984212620320598,0.19710906701708278,0.7753750529190115,False,False,False,False,12.769780745895495
2017,NonEvent,SPX Mar-27 seagull 90/75 -115c,spx,True,False,2017-06-30,,peak_-22,0.893760956957156,0.8308837024137077,-59.73889898990046,-3.359426173863094,0.9984212620320598,0.19710906701708278,0.7753750529190115,False,False,False,False,12.769780745895495
2017,NonEvent,SPX Mar-27 seagull 90/75 -115c,spx,True,False,2017-06-30,,tiered,0.893760956957156,0.8308837024137077,-59.73889898990046,-3.359426173863094,0.9984212620320598,0.19710906701708278,0.7753750529190115,False,False,False,False,12.769780745895495
2017,NonEvent,SPX Mar-27 seagull 90/75 -115c,spx,True,False,2017-06-30,,IPS,0.893760956957156,0.9500389534179451,-2.3912087542320184,-0.9924557831317669,0.9984212620320598,0.19710906701708278,0.7753750529190115,False,False,False,False,12.769780745895495
2017,NonEvent,SPX Mar-27 seagull 90/75 -115c,spx,True,False,2017-07-31,,hold,0.8724144043583455,0.9561534475922644,0.0,-0.8724144043583455,1.0143165478643419,0.5584756898817346,0.8231399937287743,False,False,False,False,12.375887314722082
2017,NonEvent,SPX Mar-27 seagull 90/75 -115c,spx,True,False,2017-07-31,,v4_-22,0.8724144043583455,0.9561534475922644,0.0,-0.8724144043583455,1.0143165478643419,0.5584756898817346,0.8231399937287743,False,False,False,False,12.375887314722082
2017,NonEvent,SPX Mar-27 seagull 90/75 -115c,spx,True,False,2017-07-31,,peak_-22,0.8724144043583455,0.9561534475922644,0.0,-0.8724144043583455,1.0143165478643419,0.5584756898817346,0.8231399937287743,False,False,False,False,12.375887314722082
2017,NonEvent,SPX Mar-27 seagull 90/75 -115c,spx,True,False,2017-07-31,,tiered,0.8724144043583455,0.9561534475922644,0.0,-0.8724144043583455,1.0143165478643419,0.5584756898817346,0.8231399937287743,False,False,False,False,12.375887314722082
2017,NonEvent,SPX Mar-27 seagull 90/75 -115c,spx,True,False,2017-07-31,,IPS,0.8724144043583455,0.938012743203969,-8.912886737210384,-1.233359813848818,1.0143165478643419,0.5584756898817346,0.8231399937287743,False,False,False,False,12.375887314722082
2017,NonEvent,SPX Mar-27 seagull 90/75 -115c,spx,True,False,2017-08-31,,hold,0.8313743630962497,0.9583049038039626,1.1646122844987988e-09,-0.8313743630491316,1.0010333464190742,0.2628120893561104,0.790533192109153,False,False,False,False,11.639325340335725
2017,NonEvent,SPX Mar-27 seagull 90/75 -115c,spx,True,False,2017-08-31,,v4_-22,0.8313743630962497,0.9583049038039626,1.1646122844987988e-09,-0.8313743630491316,1.0010333464190742,0.2628120893561104,0.790533192109153,False,False,False,False,11.639325340335725
2017,NonEvent,SPX Mar-27 seagull 90/75 -115c,spx,True,False,2017-08-31,,peak_-22,0.8313743630962497,0.9583049038039626,1.1646122844987988e-09,-0.8313743630491316,1.0010333464190742,0.2628120893561104,0.790533192109153,False,False,False,False,11.639325340335725
2017,NonEvent,SPX Mar-27 seagull 90/75 -115c,spx,True,False,2017-08-31,,tiered,0.8313743630962497,0.9583049038039626,1.1646122844987988e-09,-0.8313743630491316,1.0010333464190742,0.2628120893561104,0.790533192109153,False,False,False,False,11.639325340335725
2017,NonEvent,SPX Mar-27 seagull 90/75 -115c,spx,True,False,2017-08-31,,IPS,0.8313743630962497,0.8810752455044989,-38.061798293451986,-2.3712858594835904,1.0010333464190742,0.2628120893561104,0.790533192109153,False,False,False,False,11.639325340335725
2017,NonEvent,SPX Mar-27 seagull 90/75 -115c,spx,True,False,2017-09-29,,hold,0.8451380940908989,0.9575647268551161,0.0,-0.8451380940908989,0.9944477212707629,0.0,0.8289012777721674,False,False,False,False,12.02868787027812
2017,NonEvent,SPX Mar-27 seagull 90/75 -115c,spx,True,False,2017-09-29,,v4_-22,0.8451380940908989,0.9575647268551161,0.0,-0.8451380940908989,0.9944477212707629,0.0,0.8289012777721674,False,False,False,False,12.02868787027812
2017,NonEvent,SPX Mar-27 seagull 90/75 -115c,spx,True,False,2017-09-29,,peak_-22,0.8451380940908989,0.9575647268551161,0.0,-0.8451380940908989,0.9944477212707629,0.0,0.8289012777721674,False,False,False,False,12.02868787027812
2017,NonEvent,SPX Mar-27 seagull 90/75 -115c,spx,True,False,2017-09-29,,tiered,0.8451380940908989,0.9575647268551161,0.0,-0.8451380940908989,0.9944477212707629,0.0,0.8289012777721674,False,False,False,False,12.02868787027812
2017,NonEvent,SPX Mar-27 seagull 90/75 -115c,spx,True,False,2017-09-29,,IPS,0.8451380940908989,0.9468361028200831,-5.384868648054545,-1.0588086609852874,0.9944477212707629,0.0,0.8289012777721674,False,False,False,False,12.02868787027812
2017,NonEvent,SPX Mar-27 seagull 90/75 -115c,spx,True,False,2017-10-31,,hold,0.8492618582875016,0.9573319040966857,0.0,-0.8492618582875016,0.9979075490536207,0.49277266754270693,0.8630484703876755,False,False,False,False,12.198403698328466
2017,NonEvent,SPX Mar-27 seagull 90/75 -115c,spx,True,False,2017-10-31,,v4_-22,0.8492618582875016,0.9573319040966857,0.0,-0.8492618582875016,0.9979075490536207,0.49277266754270693,0.8630484703876755,False,False,False,False,12.198403698328466
2017,NonEvent,SPX Mar-27 seagull 90/75 -115c,spx,True,False,2017-10-31,,peak_-22,0.8492618582875016,0.9573319040966857,0.0,-0.8492618582875016,0.9979075490536207,0.49277266754270693,0.8630484703876755,False,False,False,False,12.198403698328466
2017,NonEvent,SPX Mar-27 seagull 90/75 -115c,spx,True,False,2017-10-31,,tiered,0.8492618582875016,0.9573319040966857,0.0,-0.8492618582875016,0.9979075490536207,0.49277266754270693,0.8630484703876755,False,False,False,False,12.198403698328466
2017,NonEvent,SPX Mar-27 seagull 90/75 -115c,spx,True,False,2017-10-31,,IPS,0.8492618582875016,0.978983645901,11.09548107579871,-0.41830757990675993,0.9979075490536207,0.49277266754270693,0.8630484703876755,False,False,False,False,12.198403698328466
2017,NonEvent,SPX Mar-27 seagull 90/75 -115c,spx,True,False,2017-11-30,,hold,0.8646263388036194,0.9564993870378091,0.0,-0.8646263388036194,1.0235404878916623,4.040735873850197,0.8968812829461827,False,False,False,False,12.586785634198625
2017,NonEvent,SPX Mar-27 seagull 90/75 -115c,spx,True,False,2017-11-30,,v4_-22,0.8646263388036194,0.9564993870378091,0.0,-0.8646263388036194,1.0235404878916623,4.040735873850197,0.8968812829461827,False,False,False,False,12.586785634198625
2017,NonEvent,SPX Mar-27 seagull 90/75 -115c,spx,True,False,2017-11-30,,peak_-22,0.8646263388036194,0.9564993870378091,0.0,-0.8646263388036194,1.0235404878916623,4.040735873850197,0.8968812829461827,False,False,False,False,12.586785634198625
2017,NonEvent,SPX Mar-27 seagull 90/75 -115c,spx,True,False,2017-11-30,,tiered,0.8646263388036194,0.9564993870378091,0.0,-0.8646263388036194,1.0235404878916623,4.040735873850197,0.8968812829461827,False,False,False,False,12.586785634198625
2017,NonEvent,SPX Mar-27 seagull 90/75 -115c,spx,True,False,2017-11-30,,IPS,0.8646263388036194,0.9675986577973541,5.835264108128237,-0.6440151522772013,1.0235404878916623,4.040735873850197,0.8968812829461827,False,False,False,False,12.586785634198625
2017,NonEvent,SPX Mar-27 seagull 90/75 -115c,spx,True,False,2017-12-29,,hold,0.8486660091632768,0.9573356792021245,0.0,-0.8486660091632768,1.043363450456061,3.088042049934297,0.9040166737224559,False,False,False,False,12.34213695365624
2017,NonEvent,SPX Mar-27 seagull 90/75 -115c,spx,True,False,2017-12-29,,v4_-22,0.8486660091632768,0.9573356792021245,0.0,-0.8486660091632768,1.043363450456061,3.088042049934297,0.9040166737224559,False,False,False,False,12.34213695365624
2017,NonEvent,SPX Mar-27 seagull 90/75 -115c,spx,True,False,2017-12-29,,peak_-22,0.8486660091632768,0.9573356792021245,0.0,-0.8486660091632768,1.043363450456061,3.088042049934297,0.9040166737224559,False,False,False,False,12.34213695365624
2017,NonEvent,SPX Mar-27 seagull 90/75 -115c,spx,True,False,2017-12-29,,tiered,0.8486660091632768,0.9573356792021245,0.0,-0.8486660091632768,1.043363450456061,3.088042049934297,0.9040166737224559,False,False,False,False,12.34213695365624
2017,NonEvent,SPX Mar-27 seagull 90/75 -115c,spx,True,False,2017-12-29,,IPS,0.8486660091632768,1.0037112134597526,24.75171724162393,0.07382235688135297,1.043363450456061,3.088042049934297,0.9040166737224559,False,False,False,False,12.34213695365624
2023-24,NonEvent,SPX Mar-27 10% OTM,spx,False,False,2023-01-31,,hold,3.5003394797753375,0.0,0.0,-3.5003394797753375,1.2118974845634953,1.3469119579500657,0.0,False,False,False,False,21.524015002656522
2023-24,NonEvent,SPX Mar-27 10% OTM,spx,False,False,2023-01-31,,v4_-22,3.5003394797753375,0.0,0.0,-3.5003394797753375,1.2118974845634953,1.3469119579500657,0.0,False,False,False,False,21.524015002656522
2023-24,NonEvent,SPX Mar-27 10% OTM,spx,False,False,2023-01-31,,peak_-22,3.5003394797753375,0.0,0.0,-3.5003394797753375,1.2118974845634953,1.3469119579500657,0.0,False,False,False,False,21.524015002656522
2023-24,NonEvent,SPX Mar-27 10% OTM,spx,False,False,2023-01-31,,tiered,3.5003394797753375,0.0,0.0,-3.5003394797753375,1.2118974845634953,1.3469119579500657,0.0,False,False,False,False,21.524015002656522
2023-24,NonEvent,SPX Mar-27 10% OTM,spx,False,False,2023-01-31,,IPS,3.5003394797753375,0.032709836317934865,4.657270614913983,-3.385843948334681,1.2118974845634953,1.3469119579500657,0.0,False,False,False,False,21.524015002656522
2023-24,NonEvent,SPX Mar-27 10% OTM,spx,False,False,2023-02-28,,hold,3.5533529081859436,0.0,0.0,-3.5533529081859436,1.1630207581563987,0.42706964520367935,0.0,False,False,False,False,21.92204048165179
2023-24,NonEvent,SPX Mar-27 10% OTM,spx,False,False,2023-02-28,,v4_-22,3.5533529081859436,0.0,0.0,-3.5533529081859436,1.1630207581563987,0.42706964520367935,0.0,False,False,False,False,21.92204048165179
2023-24,NonEvent,SPX Mar-27 10% OTM,spx,False,False,2023-02-28,,peak_-22,3.5533529081859436,0.0,0.0,-3.5533529081859436,1.1630207581563987,0.42706964520367935,0.0,False,False,False,False,21.92204048165179
2023-24,NonEvent,SPX Mar-27 10% OTM,spx,False,False,2023-02-28,,tiered,3.5533529081859436,0.0,0.0,-3.5533529081859436,1.1630207581563987,0.42706964520367935,0.0,False,False,False,False,21.92204048165179
2023-24,NonEvent,SPX Mar-27 10% OTM,spx,False,False,2023-02-28,,IPS,3.5533529081859436,0.021066353618604976,2.9652313271061197,-3.4784967192904004,1.1630207581563987,0.42706964520367935,0.0,False,False,False,False,21.92204048165179
2023-24,NonEvent,SPX Mar-27 10% OTM,spx,False,False,2023-03-31,,hold,3.403445782346356,0.0,0.0,-3.403445782346356,0.8769880775579602,0.164257555847569,0.0,False,False,False,False,20.95294761604464
2023-24,NonEvent,SPX Mar-27 10% OTM,spx,False,False,2023-03-31,,v4_-22,3.403445782346356,0.0,0.0,-3.403445782346356,0.8769880775579602,0.164257555847569,0.0,False,False,False,False,20.95294761604464
2023-24,NonEvent,SPX Mar-27 10% OTM,spx,False,False,2023-03-31,,peak_-22,3.403445782346356,0.0,0.0,-3.403445782346356,0.8769880775579602,0.164257555847569,0.0,False,False,False,False,20.95294761604464
2023-24,NonEvent,SPX Mar-27 10% OTM,spx,False,False,2023-03-31,,tiered,3.403445782346356,0.0,0.0,-3.403445782346356,0.8769880775579602,0.164257555847569,0.0,False,False,False,False,20.95294761604464
2023-24,NonEvent,SPX Mar-27 10% OTM,spx,False,False,2023-03-31,,IPS,3.403445782346356,0.016729215839282753,2.3353286196748604,-3.346508803256188,0.8769880775579602,0.164257555847569,0.0,False,False,False,False,20.95294761604464
2023-24,NonEvent,SPX Mar-27 10% OTM,spx,False,False,2023-04-28,,hold,2.883500792080948,0.0,0.0,-2.883500792080948,1.1698394582864668,0.19710906701708278,0.0,False,False,False,False,18.864903983812976
2023-24,NonEvent,SPX Mar-27 10% OTM,spx,False,False,2023-04-28,,v4_-22,2.883500792080948,0.0,0.0,-2.883500792080948,1.1698394582864668,0.19710906701708278,0.0,False,False,False,False,18.864903983812976
2023-24,NonEvent,SPX Mar-27 10% OTM,spx,False,False,2023-04-28,,peak_-22,2.883500792080948,0.0,0.0,-2.883500792080948,1.1698394582864668,0.19710906701708278,0.0,False,False,False,False,18.864903983812976
2023-24,NonEvent,SPX Mar-27 10% OTM,spx,False,False,2023-04-28,,tiered,2.883500792080948,0.0,0.0,-2.883500792080948,1.1698394582864668,0.19710906701708278,0.0,False,False,False,False,18.864903983812976
2023-24,NonEvent,SPX Mar-27 10% OTM,spx,False,False,2023-04-28,,IPS,2.883500792080948,0.09664991071722738,11.606398065126879,-2.60481069797327,1.1698394582864668,0.19710906701708278,0.0,False,False,False,False,18.864903983812976
2023-24,NonEvent,SPX Mar-27 10% OTM,spx,False,False,2023-05-31,,hold,3.2137099526718718,0.0,0.0,-3.2137099526718718,0.8691588785046729,0.0,0.0,False,False,False,False,20.283120121318372
2023-24,NonEvent,SPX Mar-27 10% OTM,spx,False,False,2023-05-31,,v4_-22,3.2137099526718718,0.0,0.0,-3.2137099526718718,0.8691588785046729,0.0,0.0,False,False,False,False,20.283120121318372
2023-24,NonEvent,SPX Mar-27 10% OTM,spx,False,False,2023-05-31,,peak_-22,3.2137099526718718,0.0,0.0,-3.2137099526718718,0.8691588785046729,0.0,0.0,False,False,False,False,20.283120121318372
2023-24,NonEvent,SPX Mar-27 10% OTM,spx,False,False,2023-05-31,,tiered,3.2137099526718718,0.0,0.0,-3.2137099526718718,0.8691588785046729,0.0,0.0,False,False,False,False,20.283120121318372
2023-24,NonEvent,SPX Mar-27 10% OTM,spx,False,False,2023-05-31,,IPS,3.2137099526718718,0.0472416451581376,6.337389946638313,-3.061889007446572,0.8691588785046729,0.0,0.0,False,False,False,False,20.283120121318372
2023-24,NonEvent,SPX Mar-27 10% OTM,spx,False,False,2023-06-30,,hold,2.5451377916704527,0.0,0.0,-2.5451377916704527,1.0323606955331832,3.9093298291721417,0.0,False,False,False,False,17.695164556040304
2023-24,NonEvent,SPX Mar-27 10% OTM,spx,False,False,2023-06-30,,v4_-22,2.5451377916704527,0.0,0.0,-2.5451377916704527,1.0323606955331832,3.9093298291721417,0.0,False,False,False,False,17.695164556040304
2023-24,NonEvent,SPX Mar-27 10% OTM,spx,False,False,2023-06-30,,peak_-22,2.5451377916704527,0.0,0.0,-2.5451377916704527,1.0323606955331832,3.9093298291721417,0.0,False,False,False,False,17.695164556040304
2023-24,NonEvent,SPX Mar-27 10% OTM,spx,False,False,2023-06-30,,tiered,2.5451377916704527,0.0,0.0,-2.5451377916704527,1.0323606955331832,3.9093298291721417,0.0,False,False,False,False,17.695164556040304
2023-24,NonEvent,SPX Mar-27 10% OTM,spx,False,False,2023-06-30,,IPS,2.5451377916704527,0.05154972627551368,5.820931736222594,-2.4139366351763756,1.0323606955331832,3.9093298291721417,0.0,False,False,False,False,17.695164556040304
2023-24,NonEvent,SPX Mar-27 10% OTM,spx,False,False,2023-07-31,,hold,2.611786448169709,0.0,0.0,-2.611786448169709,1.5147127918672099,2.890932982917214,0.0,False,False,False,False,18.080948292563512
2023-24,NonEvent,SPX Mar-27 10% OTM,spx,False,False,2023-07-31,,v4_-22,2.611786448169709,0.0,0.0,-2.611786448169709,1.5147127918672099,2.890932982917214,0.0,False,False,False,False,18.080948292563512
2023-24,NonEvent,SPX Mar-27 10% OTM,spx,False,False,2023-07-31,,peak_-22,2.611786448169709,0.0,0.0,-2.611786448169709,1.5147127918672099,2.890932982917214,0.0,False,False,False,False,18.080948292563512
2023-24,NonEvent,SPX Mar-27 10% OTM,spx,False,False,2023-07-31,,tiered,2.611786448169709,0.0,0.0,-2.611786448169709,1.5147127918672099,2.890932982917214,0.0,False,False,False,False,18.080948292563512
2023-24,NonEvent,SPX Mar-27 10% OTM,spx,False,False,2023-07-31,,IPS,2.611786448169709,0.05478265883310169,6.561319602067269,-2.468705842234709,1.5147127918672099,2.890932982917214,0.0,False,False,False,False,18.080948292563512
2023-24,NonEvent,SPX Mar-27 90/75 spread,spx,False,False,2023-01-31,,hold,2.102722443117261,0.0,0.0,-2.102722443117261,1.2583027699747493,1.3469119579500657,0.0,False,False,False,False,21.524015002656522
2023-24,NonEvent,SPX Mar-27 90/75 spread,spx,False,False,2023-01-31,,v4_-22,2.102722443117261,0.0,0.0,-2.102722443117261,1.2583027699747493,1.3469119579500657,0.0,False,False,False,False,21.524015002656522
2023-24,NonEvent,SPX Mar-27 90/75 spread,spx,False,False,2023-01-31,,peak_-22,2.102722443117261,0.0,0.0,-2.102722443117261,1.2583027699747493,1.3469119579500657,0.0,False,False,False,False,21.524015002656522
2023-24,NonEvent,SPX Mar-27 90/75 spread,spx,False,False,2023-01-31,,tiered,2.102722443117261,0.0,0.0,-2.102722443117261,1.2583027699747493,1.3469119579500657,0.0,False,False,False,False,21.524015002656522
2023-24,NonEvent,SPX Mar-27 90/75 spread,spx,False,False,2023-01-31,,IPS,2.102722443117261,0.04710153483893054,4.028653777865392,-2.0036809887061726,1.2583027699747493,1.3469119579500657,0.0,False,False,False,False,21.524015002656522
2023-24,NonEvent,SPX Mar-27 90/75 spread,spx,False,False,2023-02-28,,hold,2.1152408537637895,0.0,0.0,-2.1152408537637895,1.1412992641247153,0.42706964520367935,0.0,False,False,False,False,21.92204048165179
2023-24,NonEvent,SPX Mar-27 90/75 spread,spx,False,False,2023-02-28,,v4_-22,2.1152408537637895,0.0,0.0,-2.1152408537637895,1.1412992641247153,0.42706964520367935,0.0,False,False,False,False,21.92204048165179
2023-24,NonEvent,SPX Mar-27 90/75 spread,spx,False,False,2023-02-28,,peak_-22,2.1152408537637895,0.0,0.0,-2.1152408537637895,1.1412992641247153,0.42706964520367935,0.0,False,False,False,False,21.92204048165179
2023-24,NonEvent,SPX Mar-27 90/75 spread,spx,False,False,2023-02-28,,tiered,2.1152408537637895,0.0,0.0,-2.1152408537637895,1.1412992641247153,0.42706964520367935,0.0,False,False,False,False,21.92204048165179
2023-24,NonEvent,SPX Mar-27 90/75 spread,spx,False,False,2023-02-28,,IPS,2.1152408537637895,0.02931645334514247,2.4564171571866456,-2.0532294939606834,1.1412992641247153,0.42706964520367935,0.0,False,False,False,False,21.92204048165179
2023-24,NonEvent,SPX Mar-27 90/75 spread,spx,False,False,2023-03-31,,hold,2.0602064926714587,0.0,0.0,-2.0602064926714587,0.8854963338635748,0.164257555847569,0.0,False,False,False,False,20.95294761604464
2023-24,NonEvent,SPX Mar-27 90/75 spread,spx,False,False,2023-03-31,,v4_-22,2.0602064926714587,0.0,0.0,-2.0602064926714587,0.8854963338635748,0.164257555847569,0.0,False,False,False,False,20.95294761604464
2023-24,NonEvent,SPX Mar-27 90/75 spread,spx,False,False,2023-03-31,,peak_-22,2.0602064926714587,0.0,0.0,-2.0602064926714587,0.8854963338635748,0.164257555847569,0.0,False,False,False,False,20.95294761604464
2023-24,NonEvent,SPX Mar-27 90/75 spread,spx,False,False,2023-03-31,,tiered,2.0602064926714587,0.0,0.0,-2.0602064926714587,0.8854963338635748,0.164257555847569,0.0,False,False,False,False,20.95294761604464
2023-24,NonEvent,SPX Mar-27 90/75 spread,spx,False,False,2023-03-31,,IPS,2.0602064926714587,0.023551668174876687,1.9901508937401433,-2.0116851929843333,0.8854963338635748,0.164257555847569,0.0,False,False,False,False,20.95294761604464
2023-24,NonEvent,SPX Mar-27 90/75 spread,spx,False,False,2023-04-28,,hold,1.8138554622828211,0.0,0.0,-1.8138554622828211,1.1513188116314086,0.19710906701708278,0.0,False,False,False,False,18.864903983812976
2023-24,NonEvent,SPX Mar-27 90/75 spread,spx,False,False,2023-04-28,,v4_-22,1.8138554622828211,0.0,0.0,-1.8138554622828211,1.1513188116314086,0.19710906701708278,0.0,False,False,False,False,18.864903983812976
2023-24,NonEvent,SPX Mar-27 90/75 spread,spx,False,False,2023-04-28,,peak_-22,1.8138554622828211,0.0,0.0,-1.8138554622828211,1.1513188116314086,0.19710906701708278,0.0,False,False,False,False,18.864903983812976
2023-24,NonEvent,SPX Mar-27 90/75 spread,spx,False,False,2023-04-28,,tiered,1.8138554622828211,0.0,0.0,-1.8138554622828211,1.1513188116314086,0.19710906701708278,0.0,False,False,False,False,18.864903983812976
2023-24,NonEvent,SPX Mar-27 90/75 spread,spx,False,False,2023-04-28,,IPS,1.8138554622828211,0.1350407162870902,10.201013900461128,-1.5689111214148976,1.1513188116314086,0.19710906701708278,0.0,False,False,False,False,18.864903983812976
2023-24,NonEvent,SPX Mar-27 90/75 spread,spx,False,False,2023-05-31,,hold,1.9674268471176655,0.0,0.0,-1.9674268471176655,0.8691588785046728,0.0,0.0,False,False,False,False,20.283120121318372
2023-24,NonEvent,SPX Mar-27 90/75 spread,spx,False,False,2023-05-31,,v4_-22,1.9674268471176655,0.0,0.0,-1.9674268471176655,0.8691588785046728,0.0,0.0,False,False,False,False,20.283120121318372
2023-24,NonEvent,SPX Mar-27 90/75 spread,spx,False,False,2023-05-31,,peak_-22,1.9674268471176655,0.0,0.0,-1.9674268471176655,0.8691588785046728,0.0,0.0,False,False,False,False,20.283120121318372
2023-24,NonEvent,SPX Mar-27 90/75 spread,spx,False,False,2023-05-31,,tiered,1.9674268471176655,0.0,0.0,-1.9674268471176655,0.8691588785046728,0.0,0.0,False,False,False,False,20.283120121318372
2023-24,NonEvent,SPX Mar-27 90/75 spread,spx,False,False,2023-05-31,,IPS,1.9674268471176655,0.06850337013347144,5.625864537823319,-1.8326514775990355,0.8691588785046728,0.0,0.0,False,False,False,False,20.283120121318372
2023-24,NonEvent,SPX Mar-27 90/75 spread,spx,False,False,2023-06-30,,hold,1.6312703399836537,0.0,0.0,-1.6312703399836537,1.2884652113738058,3.9093298291721417,0.0,False,False,False,False,17.695164556040304
2023-24,NonEvent,SPX Mar-27 90/75 spread,spx,False,False,2023-06-30,,v4_-22,1.6312703399836537,0.0,0.0,-1.6312703399836537,1.2884652113738058,3.9093298291721417,0.0,False,False,False,False,17.695164556040304
2023-24,NonEvent,SPX Mar-27 90/75 spread,spx,False,False,2023-06-30,,peak_-22,1.6312703399836537,0.0,0.0,-1.6312703399836537,1.2884652113738058,3.9093298291721417,0.0,False,False,False,False,17.695164556040304
2023-24,NonEvent,SPX Mar-27 90/75 spread,spx,False,False,2023-06-30,,tiered,1.6312703399836537,0.0,0.0,-1.6312703399836537,1.2884652113738058,3.9093298291721417,0.0,False,False,False,False,17.695164556040304
2023-24,NonEvent,SPX Mar-27 90/75 spread,spx,False,False,2023-06-30,,IPS,1.6312703399836537,0.07255221215890731,5.250872121518336,-1.5129180681886267,1.2884652113738058,3.9093298291721417,0.0,False,False,False,False,17.695164556040304
2023-24,NonEvent,SPX Mar-27 90/75 spread,spx,False,False,2023-07-31,,hold,1.6636464528572044,0.0,0.0,-1.6636464528572044,1.8053332264685789,2.890932982917214,0.0,False,False,False,False,18.080948292563512
2023-24,NonEvent,SPX Mar-27 90/75 spread,spx,False,False,2023-07-31,,v4_-22,1.6636464528572044,0.0,0.0,-1.6636464528572044,1.8053332264685789,2.890932982917214,0.0,False,False,False,False,18.080948292563512
2023-24,NonEvent,SPX Mar-27 90/75 spread,spx,False,False,2023-07-31,,peak_-22,1.6636464528572044,0.0,0.0,-1.6636464528572044,1.8053332264685789,2.890932982917214,0.0,False,False,False,False,18.080948292563512
2023-24,NonEvent,SPX Mar-27 90/75 spread,spx,False,False,2023-07-31,,tiered,1.6636464528572044,0.0,0.0,-1.6636464528572044,1.8053332264685789,2.890932982917214,0.0,False,False,False,False,18.080948292563512
2023-24,NonEvent,SPX Mar-27 90/75 spread,spx,False,False,2023-07-31,,IPS,1.6636464528572044,0.07747075023647465,5.910295869366743,-1.5347625140261068,1.8053332264685789,2.890932982917214,0.0,False,False,False,False,18.080948292563512
2023-24,NonEvent,[B] QQQ Jun-27 p 11% OTM,ndx,False,True,2023-01-31,,hold,6.485745178756269,0.0,0.0,-6.485745178756269,0.9736248298789505,1.3469119579500657,-3.3424118312451723e-16,False,False,False,False,28.664442685156345
2023-24,NonEvent,[B] QQQ Jun-27 p 11% OTM,ndx,False,True,2023-01-31,,v4_-22,6.485745178756269,0.0,0.0,-6.485745178756269,0.9736248298789505,1.3469119579500657,-3.3424118312451723e-16,False,False,False,False,28.664442685156345
2023-24,NonEvent,[B] QQQ Jun-27 p 11% OTM,ndx,False,True,2023-01-31,,peak_-22,6.485745178756269,0.0,0.0,-6.485745178756269,0.9736248298789505,1.3469119579500657,-3.3424118312451723e-16,False,False,False,False,28.664442685156345
2023-24,NonEvent,[B] QQQ Jun-27 p 11% OTM,ndx,False,True,2023-01-31,,tiered,6.485745178756269,0.0,0.0,-6.485745178756269,0.9736248298789505,1.3469119579500657,-3.3424118312451723e-16,False,False,False,False,28.664442685156345
2023-24,NonEvent,[B] QQQ Jun-27 p 11% OTM,ndx,False,True,2023-01-31,,IPS,6.485745178756269,0.021125971871317258,16.55169832391308,-6.348727508545332,0.9736248298789505,1.3469119579500657,-3.3424118312451723e-16,False,False,False,False,28.664442685156345
2023-24,NonEvent,[B] QQQ Jun-27 p 11% OTM,ndx,False,True,2023-02-28,,hold,6.489312098823434,0.0,0.0,-6.489312098823434,1.0300967899341076,0.42706964520367935,0.0,False,False,False,False,28.93211093260305
2023-24,NonEvent,[B] QQQ Jun-27 p 11% OTM,ndx,False,True,2023-02-28,,v4_-22,6.489312098823434,0.0,0.0,-6.489312098823434,1.0300967899341076,0.42706964520367935,0.0,False,False,False,False,28.93211093260305
2023-24,NonEvent,[B] QQQ Jun-27 p 11% OTM,ndx,False,True,2023-02-28,,peak_-22,6.489312098823434,0.0,0.0,-6.489312098823434,1.0300967899341076,0.42706964520367935,0.0,False,False,False,False,28.93211093260305
2023-24,NonEvent,[B] QQQ Jun-27 p 11% OTM,ndx,False,True,2023-02-28,,tiered,6.489312098823434,0.0,0.0,-6.489312098823434,1.0300967899341076,0.42706964520367935,0.0,False,False,False,False,28.93211093260305
2023-24,NonEvent,[B] QQQ Jun-27 p 11% OTM,ndx,False,True,2023-02-28,,IPS,6.489312098823434,0.0402489224476162,31.48671709779524,-6.228124279419511,1.0300967899341076,0.42706964520367935,0.0,False,False,False,False,28.93211093260305
2023-24,NonEvent,[B] QQQ Jun-27 p 11% OTM,ndx,False,True,2023-03-31,,hold,6.312919484072794,0.0,0.0,-6.312919484072794,0.9112733764212997,0.39421813403416556,0.0,False,False,False,False,27.84584064364094
2023-24,NonEvent,[B] QQQ Jun-27 p 11% OTM,ndx,False,True,2023-03-31,,v4_-22,6.312919484072794,0.0,0.0,-6.312919484072794,0.9112733764212997,0.39421813403416556,0.0,False,False,False,False,27.84584064364094
2023-24,NonEvent,[B] QQQ Jun-27 p 11% OTM,ndx,False,True,2023-03-31,,peak_-22,6.312919484072794,0.0,0.0,-6.312919484072794,0.9112733764212997,0.39421813403416556,0.0,False,False,False,False,27.84584064364094
2023-24,NonEvent,[B] QQQ Jun-27 p 11% OTM,ndx,False,True,2023-03-31,,tiered,6.312919484072794,0.0,0.0,-6.312919484072794,0.9112733764212997,0.39421813403416556,0.0,False,False,False,False,27.84584064364094
2023-24,NonEvent,[B] QQQ Jun-27 p 11% OTM,ndx,False,True,2023-03-31,,IPS,6.312919484072794,0.011728913712101772,9.807554252856482,-6.238875796172659,0.9112733764212997,0.39421813403416556,0.0,False,False,False,False,27.84584064364094
2023-24,NonEvent,[B] QQQ Jun-27 p 11% OTM,ndx,False,True,2023-04-28,,hold,5.269517748726135,0.0,0.0,-5.269517748726135,1.105884016283065,0.19710906701708278,0.0,False,False,False,False,24.563707462763414
2023-24,NonEvent,[B] QQQ Jun-27 p 11% OTM,ndx,False,True,2023-04-28,,v4_-22,5.269517748726135,0.0,0.0,-5.269517748726135,1.105884016283065,0.19710906701708278,0.0,False,False,False,False,24.563707462763414
2023-24,NonEvent,[B] QQQ Jun-27 p 11% OTM,ndx,False,True,2023-04-28,,peak_-22,5.269517748726135,0.0,0.0,-5.269517748726135,1.105884016283065,0.19710906701708278,0.0,False,False,False,False,24.563707462763414
2023-24,NonEvent,[B] QQQ Jun-27 p 11% OTM,ndx,False,True,2023-04-28,,tiered,5.269517748726135,0.0,0.0,-5.269517748726135,1.105884016283065,0.19710906701708278,0.0,False,False,False,False,24.563707462763414
2023-24,NonEvent,[B] QQQ Jun-27 p 11% OTM,ndx,False,True,2023-04-28,,IPS,5.269517748726135,0.011402564288301106,8.001419912761865,-5.209431733827941,1.105884016283065,0.19710906701708278,0.0,False,False,False,False,24.563707462763414
2023-24,NonEvent,SPX Mar-27 seagull 90/75 -115c,spx,True,False,2023-01-31,,hold,0.5084434543072647,0.9725314470600995,0.0,-0.5084434543072647,1.0766478502694778,1.3469119579500657,0.9174275076377326,False,False,False,False,21.524015002656522
2023-24,NonEvent,SPX Mar-27 seagull 90/75 -115c,spx,True,False,2023-01-31,,v4_-22,0.5084434543072647,0.9725314470600995,0.0,-0.5084434543072647,1.0766478502694778,1.3469119579500657,0.9174275076377326,False,False,False,False,21.524015002656522
2023-24,NonEvent,SPX Mar-27 seagull 90/75 -115c,spx,True,False,2023-01-31,,peak_-22,0.5084434543072647,0.9725314470600995,0.0,-0.5084434543072647,1.0766478502694778,1.3469119579500657,0.9174275076377326,False,False,False,False,21.524015002656522
2023-24,NonEvent,SPX Mar-27 seagull 90/75 -115c,spx,True,False,2023-01-31,,tiered,0.5084434543072647,0.9725314470600995,0.0,-0.5084434543072647,1.0766478502694778,1.3469119579500657,0.9174275076377326,False,False,False,False,21.524015002656522
2023-24,NonEvent,SPX Mar-27 seagull 90/75 -115c,spx,True,False,2023-01-31,,IPS,0.5084434543072647,1.0101368128893298,28.313896087649415,0.18763260563429854,1.0766478502694778,1.3469119579500657,0.9174275076377326,False,False,False,False,21.524015002656522
2023-24,NonEvent,SPX Mar-27 seagull 90/75 -115c,spx,True,False,2023-02-28,,hold,0.3663158930443534,0.9800541189337493,0.0,-0.3663158930443534,1.0333761150016634,0.42706964520367935,0.8037348884161536,False,False,False,False,21.92204048165179
2023-24,NonEvent,SPX Mar-27 seagull 90/75 -115c,spx,True,False,2023-02-28,,v4_-22,0.3663158930443534,0.9800541189337493,0.0,-0.3663158930443534,1.0333761150016634,0.42706964520367935,0.8037348884161536,False,False,False,False,21.92204048165179
2023-24,NonEvent,SPX Mar-27 seagull 90/75 -115c,spx,True,False,2023-02-28,,peak_-22,0.3663158930443534,0.9800541189337493,0.0,-0.3663158930443534,1.0333761150016634,0.42706964520367935,0.8037348884161536,False,False,False,False,21.92204048165179
2023-24,NonEvent,SPX Mar-27 seagull 90/75 -115c,spx,True,False,2023-02-28,,tiered,0.3663158930443534,0.9800541189337493,0.0,-0.3663158930443534,1.0333761150016634,0.42706964520367935,0.8037348884161536,False,False,False,False,21.92204048165179
2023-24,NonEvent,SPX Mar-27 seagull 90/75 -115c,spx,True,False,2023-02-28,,IPS,0.3663158930443534,1.000002020684928,14.512112091397773,3.711087023631109e-05,1.0333761150016634,0.42706964520367935,0.8037348884161536,False,False,False,False,21.92204048165179
2023-24,NonEvent,SPX Mar-27 seagull 90/75 -115c,spx,True,False,2023-03-31,,hold,0.5918174582970092,0.9682291270148757,0.0,-0.5918174582970092,1.0196347235833905,0.8541392904073587,0.8612413077158689,False,False,False,False,20.95294761604464
2023-24,NonEvent,SPX Mar-27 seagull 90/75 -115c,spx,True,False,2023-03-31,,v4_-22,0.5918174582970092,0.9682291270148757,0.0,-0.5918174582970092,1.0196347235833905,0.8541392904073587,0.8612413077158689,False,False,False,False,20.95294761604464
2023-24,NonEvent,SPX Mar-27 seagull 90/75 -115c,spx,True,False,2023-03-31,,peak_-22,0.5918174582970092,0.9682291270148757,0.0,-0.5918174582970092,1.0196347235833905,0.8541392904073587,0.8612413077158689,False,False,False,False,20.95294761604464
2023-24,NonEvent,SPX Mar-27 seagull 90/75 -115c,spx,True,False,2023-03-31,,tiered,0.5918174582970092,0.9682291270148757,0.0,-0.5918174582970092,1.0196347235833905,0.8541392904073587,0.8612413077158689,False,False,False,False,20.95294761604464
2023-24,NonEvent,SPX Mar-27 seagull 90/75 -115c,spx,True,False,2023-03-31,,IPS,0.5918174582970092,0.9166974873409507,-39.371881216923285,-1.5517320325039896,1.0196347235833905,0.8541392904073587,0.8612413077158689,False,False,False,False,20.95294761604464
2023-24,NonEvent,SPX Mar-27 seagull 90/75 -115c,spx,True,False,2023-04-28,,hold,0.7924234207664627,0.9583929026834718,0.0,-0.7924234207664627,1.0247949727385357,0.19710906701708278,0.8649746035149015,False,False,False,False,18.864903983812976
2023-24,NonEvent,SPX Mar-27 seagull 90/75 -115c,spx,True,False,2023-04-28,,v4_-22,0.7924234207664627,0.9583929026834718,0.0,-0.7924234207664627,1.0247949727385357,0.19710906701708278,0.8649746035149015,False,False,False,False,18.864903983812976
2023-24,NonEvent,SPX Mar-27 seagull 90/75 -115c,spx,True,False,2023-04-28,,peak_-22,0.7924234207664627,0.9583929026834718,0.0,-0.7924234207664627,1.0247949727385357,0.19710906701708278,0.8649746035149015,False,False,False,False,18.864903983812976
2023-24,NonEvent,SPX Mar-27 seagull 90/75 -115c,spx,True,False,2023-04-28,,tiered,0.7924234207664627,0.9583929026834718,0.0,-0.7924234207664627,1.0247949727385357,0.19710906701708278,0.8649746035149015,False,False,False,False,18.864903983812976
2023-24,NonEvent,SPX Mar-27 seagull 90/75 -115c,spx,True,False,2023-04-28,,IPS,0.7924234207664627,0.9665204094143749,6.446487597537061,-0.6376318803470755,1.0247949727385357,0.19710906701708278,0.8649746035149015,False,False,False,False,18.864903983812976
2023-24,NonEvent,SPX Mar-27 seagull 90/75 -115c,spx,True,False,2023-05-31,,hold,0.6233821858870112,0.9615061555744405,-4.096692993945226,-0.7215241351556608,1.0121687116805853,4.894875164257556,0.8508206161674321,False,False,False,False,20.283120121318372
2023-24,NonEvent,SPX Mar-27 seagull 90/75 -115c,spx,True,False,2023-05-31,,v4_-22,0.6233821858870112,0.9615061555744405,-4.096692993945226,-0.7215241351556608,1.0121687116805853,4.894875164257556,0.8508206161674321,False,False,False,False,20.283120121318372
2023-24,NonEvent,SPX Mar-27 seagull 90/75 -115c,spx,True,False,2023-05-31,,peak_-22,0.6233821858870112,0.9615061555744405,-4.096692993945226,-0.7215241351556608,1.0121687116805853,4.894875164257556,0.8508206161674321,False,False,False,False,20.283120121318372
2023-24,NonEvent,SPX Mar-27 seagull 90/75 -115c,spx,True,False,2023-05-31,,tiered,0.6233821858870112,0.9615061555744405,-4.096692993945226,-0.7215241351556608,1.0121687116805853,4.894875164257556,0.8508206161674321,False,False,False,False,20.283120121318372
2023-24,NonEvent,SPX Mar-27 seagull 90/75 -115c,spx,True,False,2023-05-31,,IPS,0.6233821858870112,0.9702409863055577,2.737587655756923,-0.5577994855902437,1.0121687116805853,4.894875164257556,0.8508206161674321,False,False,False,False,20.283120121318372
2023-24,NonEvent,SPX Mar-27 seagull 90/75 -115c,spx,True,False,2023-06-30,,hold,0.7742600900320801,0.9596719705157634,0.0,-0.7742600900320801,1.0684547700795768,3.9093298291721417,0.9507248554913892,False,False,False,False,17.695164556040304
2023-24,NonEvent,SPX Mar-27 seagull 90/75 -115c,spx,True,False,2023-06-30,,v4_-22,0.7742600900320801,0.9596719705157634,0.0,-0.7742600900320801,1.0684547700795768,3.9093298291721417,0.9507248554913892,False,False,False,False,17.695164556040304
2023-24,NonEvent,SPX Mar-27 seagull 90/75 -115c,spx,True,False,2023-06-30,,peak_-22,0.7742600900320801,0.9596719705157634,0.0,-0.7742600900320801,1.0684547700795768,3.9093298291721417,0.9507248554913892,False,False,False,False,17.695164556040304
2023-24,NonEvent,SPX Mar-27 seagull 90/75 -115c,spx,True,False,2023-06-30,,tiered,0.7742600900320801,0.9596719705157634,0.0,-0.7742600900320801,1.0684547700795768,3.9093298291721417,0.9507248554913892,False,False,False,False,17.695164556040304
2023-24,NonEvent,SPX Mar-27 seagull 90/75 -115c,spx,True,False,2023-06-30,,IPS,0.7742600900320801,1.0048918762659476,38.51805665355576,0.09391940559800735,1.0684547700795768,3.9093298291721417,0.9507248554913892,False,False,False,False,17.695164556040304
2023-24,NonEvent,SPX Mar-27 seagull 90/75 -115c,spx,True,False,2023-07-31,,hold,0.7279937486603313,0.9619360783998079,0.0,-0.7279937486603313,1.1183439188058293,2.890932982917214,0.9592560930225387,False,False,False,False,18.080948292563512
2023-24,NonEvent,SPX Mar-27 seagull 90/75 -115c,spx,True,False,2023-07-31,,v4_-22,0.7279937486603313,0.9619360783998079,0.0,-0.7279937486603313,1.1183439188058293,2.890932982917214,0.9592560930225387,False,False,False,False,18.080948292563512
2023-24,NonEvent,SPX Mar-27 seagull 90/75 -115c,spx,True,False,2023-07-31,,peak_-22,0.7279937486603313,0.9619360783998079,0.0,-0.7279937486603313,1.1183439188058293,2.890932982917214,0.9592560930225387,False,False,False,False,18.080948292563512
2023-24,NonEvent,SPX Mar-27 seagull 90/75 -115c,spx,True,False,2023-07-31,,tiered,0.7279937486603313,0.9619360783998079,0.0,-0.7279937486603313,1.1183439188058293,2.890932982917214,0.9592560930225387,False,False,False,False,18.080948292563512
2023-24,NonEvent,SPX Mar-27 seagull 90/75 -115c,spx,True,False,2023-07-31,,IPS,0.7279937486603313,0.9892700231692162,23.97324669388795,-0.205216796580449,1.1183439188058293,2.890932982917214,0.9592560930225387,False,False,False,False,18.080948292563512
